{
    "increase_prev": {
        "pcurve": {
            "prevdiff_exp": 0.37780865657853946,
            "prevdiff_hdi": [
                0.02631846227403878,
                0.7256111697225268
            ],
            "prevdiff_prob": 0.9742,
            "powdiff_exp": -0.011991746877648571,
            "powdiff_hdi": [
                -0.3582035145479533,
                0.3126888939342255
            ],
            "powdiff_prob": 0.4818
        },
        "binom": {
            "prevdiff_exp": 0.12513288076354456,
            "prevdiff_hdi": [
                -0.42172648575651617,
                0.6718849915044207
            ],
            "prevdiff_prob": 0.665,
            "powdiff_exp": 0.11729543428794409,
            "powdiff_hdi": [
                -0.413050403286488,
                0.620603806694966
            ],
            "powdiff_prob": 0.6636
        },
        "pval_group": 0.103515625,
        "frac_H1_rej": 0.5384615384615384
    },
    "increase_pow": {
        "pcurve": {
            "prevdiff_exp": 0.1334159913741381,
            "prevdiff_hdi": [
                -0.2578949340840294,
                0.5326370392815543
            ],
            "prevdiff_prob": 0.7458,
            "powdiff_exp": 0.1598031433049052,
            "powdiff_hdi": [
                -0.20277339771996106,
                0.5338235325968075
            ],
            "powdiff_prob": 0.7918
        },
        "binom": {
            "prevdiff_exp": 0.12513288076354456,
            "prevdiff_hdi": [
                -0.42172648575651617,
                0.6718849915044207
            ],
            "prevdiff_prob": 0.665,
            "powdiff_exp": 0.11729543428794409,
            "powdiff_hdi": [
                -0.413050403286488,
                0.620603806694966
            ],
            "powdiff_prob": 0.6636
        },
        "pval_group": 0.8994140625,
        "frac_H1_rej": 1.0
    },
    "baseline": {
        "frac_H1_rej": 0.5333333333333333
    }
}