{
    "increase_prev": {
        "pcurve": {
            "prevdiff_exp": 0.15771425074154763,
            "prevdiff_hdi": [
                -0.2174184093696223,
                0.5961695526124339
            ],
            "prevdiff_prob": 0.7654,
            "powdiff_exp": 0.19175389117233677,
            "powdiff_hdi": [
                -0.04925852584017787,
                0.437510135378448
            ],
            "powdiff_prob": 0.9378
        },
        "binom": {
            "prevdiff_exp": 0.23539055343964366,
            "prevdiff_hdi": [
                -0.3895634657335083,
                0.8322231647154883
            ],
            "prevdiff_prob": 0.7636,
            "powdiff_exp": 0.2210875812034932,
            "powdiff_hdi": [
                -0.39070904803429296,
                0.7636319710329034
            ],
            "powdiff_prob": 0.7692
        },
        "pval_group": 0.1708984375,
        "frac_H1_rej": 0.4482758620689655
    },
    "increase_pow": {
        "pcurve": {
            "prevdiff_exp": -0.05205103345074051,
            "prevdiff_hdi": [
                -0.4923117415505824,
                0.4100526912878157
            ],
            "prevdiff_prob": 0.3796,
            "powdiff_exp": 0.32962990622945565,
            "powdiff_hdi": [
                0.023982285521354674,
                0.6277494992215706
            ],
            "powdiff_prob": 0.9762
        },
        "binom": {
            "prevdiff_exp": 0.25769909171974875,
            "prevdiff_hdi": [
                -0.37303199111269214,
                0.8166293287071859
            ],
            "prevdiff_prob": 0.7928,
            "powdiff_exp": 0.2453786490238711,
            "powdiff_hdi": [
                -0.34456291192190425,
                0.771228693050741
            ],
            "powdiff_prob": 0.7932
        },
        "pval_group": 0.49609375,
        "frac_H1_rej": 1.0
    },
    "baseline": {
        "frac_H1_rej": 0.2222222222222222
    }
}