{
    "increase_prev": {
        "pcurve": {
            "prevdiff_exp": 0.4074556254312849,
            "prevdiff_hdi": [
                -0.050053133660439175,
                0.766694633041703
            ],
            "prevdiff_prob": 0.9546,
            "powdiff_exp": 0.11670460557827016,
            "powdiff_hdi": [
                -0.2755011465244056,
                0.44552236198577255
            ],
            "powdiff_prob": 0.7448
        },
        "binom": {
            "prevdiff_exp": 0.21973449548125581,
            "prevdiff_hdi": [
                -0.30980099292335084,
                0.7544558410625096
            ],
            "prevdiff_prob": 0.77,
            "powdiff_exp": 0.22113823975469668,
            "powdiff_hdi": [
                -0.30797679955732404,
                0.7019687913977307
            ],
            "powdiff_prob": 0.7838
        },
        "pval_group": 0.015625,
        "frac_H1_rej": 0.5517241379310345
    },
    "increase_pow": {
        "pcurve": {
            "prevdiff_exp": 0.06915399691921295,
            "prevdiff_hdi": [
                -0.4197701597056919,
                0.5348786540184404
            ],
            "prevdiff_prob": 0.6158,
            "powdiff_exp": 0.24564090689283022,
            "powdiff_hdi": [
                -0.17954874827828726,
                0.6468292447704058
            ],
            "powdiff_prob": 0.8626
        },
        "binom": {
            "prevdiff_exp": 0.11513185863960784,
            "prevdiff_hdi": [
                -0.5019513351207843,
                0.6834897525314664
            ],
            "prevdiff_prob": 0.6508,
            "powdiff_exp": 0.10173007418960968,
            "powdiff_hdi": [
                -0.48776414028681725,
                0.6403295760368541
            ],
            "powdiff_prob": 0.642
        },
        "pval_group": 0.9775390625,
        "frac_H1_rej": 1.0
    },
    "baseline": {
        "frac_H1_rej": 0.4666666666666667
    }
}