{
    "increase_prev": {
        "pcurve": {
            "prevdiff_exp": 0.20191092520693632,
            "prevdiff_hdi": [
                -0.2112423918539218,
                0.5799234613828961
            ],
            "prevdiff_prob": 0.8332,
            "powdiff_exp": -0.02830058644286907,
            "powdiff_hdi": [
                -0.36010762281544484,
                0.28910413527470147
            ],
            "powdiff_prob": 0.4404
        },
        "binom": {
            "prevdiff_exp": -0.03275617614782467,
            "prevdiff_hdi": [
                -0.58470651030441,
                0.5494100435902691
            ],
            "prevdiff_prob": 0.4542,
            "powdiff_exp": -0.013627671447707984,
            "powdiff_hdi": [
                -0.5550508367352915,
                0.519616394713682
            ],
            "powdiff_prob": 0.4734
        },
        "pval_group": 0.197265625,
        "frac_H1_rej": 0.37037037037037035
    },
    "increase_pow": {
        "pcurve": {
            "prevdiff_exp": -0.11459437911278972,
            "prevdiff_hdi": [
                -0.48662223697040724,
                0.2602213027807892
            ],
            "prevdiff_prob": 0.2828,
            "powdiff_exp": 0.3139702401096813,
            "powdiff_hdi": [
                -0.020202363291018488,
                0.6102668270033134
            ],
            "powdiff_prob": 0.9606
        },
        "binom": {
            "prevdiff_exp": 0.06549068017258171,
            "prevdiff_hdi": [
                -0.4512558852777509,
                0.5969497027933123
            ],
            "prevdiff_prob": 0.5928,
            "powdiff_exp": 0.07838051844519368,
            "powdiff_hdi": [
                -0.4292678764639456,
                0.5534987511432858
            ],
            "powdiff_prob": 0.6208
        },
        "pval_group": 0.427734375,
        "frac_H1_rej": 1.0
    },
    "baseline": {
        "frac_H1_rej": 0.6666666666666666
    }
}