{
    "increase_prev": {
        "pcurve": {
            "prevdiff_exp": 0.1317356247116357,
            "prevdiff_hdi": [
                -0.1855806124278202,
                0.5042955337279785
            ],
            "prevdiff_prob": 0.7502,
            "powdiff_exp": 0.22423645950252066,
            "powdiff_hdi": [
                -0.026992522779796635,
                0.4486351489639947
            ],
            "powdiff_prob": 0.9558
        },
        "binom": {
            "prevdiff_exp": 0.21973449548125581,
            "prevdiff_hdi": [
                -0.30980099292335084,
                0.7544558410625096
            ],
            "prevdiff_prob": 0.77,
            "powdiff_exp": 0.22113823975469668,
            "powdiff_hdi": [
                -0.30797679955732404,
                0.7019687913977307
            ],
            "powdiff_prob": 0.7838
        },
        "pval_group": 0.001953125,
        "frac_H1_rej": 0.5714285714285714
    },
    "increase_pow": {
        "pcurve": {
            "prevdiff_exp": -0.2825511618336509,
            "prevdiff_hdi": [
                -0.629814925236087,
                0.11766869511911504
            ],
            "prevdiff_prob": 0.094,
            "powdiff_exp": 0.46275313288020387,
            "powdiff_hdi": [
                0.20097687143396847,
                0.7157936118061821
            ],
            "powdiff_prob": 0.9958
        },
        "binom": {
            "prevdiff_exp": 0.15831400053208444,
            "prevdiff_hdi": [
                -0.469517779582702,
                0.6818685071085399
            ],
            "prevdiff_prob": 0.7046,
            "powdiff_exp": 0.15581952481442546,
            "powdiff_hdi": [
                -0.43760014099573424,
                0.6699355663760868
            ],
            "powdiff_prob": 0.7052
        },
        "pval_group": 0.734375,
        "frac_H1_rej": 1.0
    },
    "baseline": {
        "frac_H1_rej": 0.4375
    }
}