{
    "increase_prev": {
        "pcurve": {
            "prevdiff_exp": 0.15135853229713828,
            "prevdiff_hdi": [
                -0.1574643610212768,
                0.5205685583880133
            ],
            "prevdiff_prob": 0.815,
            "powdiff_exp": 0.0746192163929933,
            "powdiff_hdi": [
                -0.15835275018387673,
                0.29293800596460184
            ],
            "powdiff_prob": 0.7616
        },
        "binom": {
            "prevdiff_exp": 0.19220841154716706,
            "prevdiff_hdi": [
                -0.4019318782099181,
                0.8467984729501401
            ],
            "prevdiff_prob": 0.7244,
            "powdiff_exp": 0.16699813057867743,
            "powdiff_hdi": [
                -0.4660747850865876,
                0.7368521305563903
            ],
            "powdiff_prob": 0.716
        },
        "pval_group": 0.001953125,
        "frac_H1_rej": 0.36666666666666664
    },
    "increase_pow": {
        "pcurve": {
            "prevdiff_exp": -0.21079050755020526,
            "prevdiff_hdi": [
                -0.5648772740239372,
                0.17878521527937097
            ],
            "prevdiff_prob": 0.1524,
            "powdiff_exp": 0.38357862408951876,
            "powdiff_hdi": [
                0.10847828532995096,
                0.6515394665012249
            ],
            "powdiff_prob": 0.9918
        },
        "binom": {
            "prevdiff_exp": 0.23539055343964366,
            "prevdiff_hdi": [
                -0.3895634657335083,
                0.8322231647154883
            ],
            "prevdiff_prob": 0.7636,
            "powdiff_exp": 0.2210875812034932,
            "powdiff_hdi": [
                -0.39070904803429296,
                0.7636319710329034
            ],
            "powdiff_prob": 0.7692
        },
        "pval_group": 0.009765625,
        "frac_H1_rej": 0.9230769230769231
    },
    "baseline": {
        "frac_H1_rej": 0.2
    }
}