{
    "increase_prev": {
        "pcurve": {
            "prevdiff_exp": 0.45879859732499406,
            "prevdiff_hdi": [
                -0.08577139161450176,
                0.945738305016356
            ],
            "prevdiff_prob": 0.9126,
            "powdiff_exp": 0.35929192323953724,
            "powdiff_hdi": [
                -0.08628816228534675,
                0.6408239979622526
            ],
            "powdiff_prob": 0.9414
        },
        "binom": {
            "prevdiff_exp": 0.4139355272672053,
            "prevdiff_hdi": [
                -0.21930216520604584,
                0.930705117966819
            ],
            "prevdiff_prob": 0.8788,
            "powdiff_exp": 0.45586986120441625,
            "powdiff_hdi": [
                -0.15061754246613857,
                0.9277556883994772
            ],
            "powdiff_prob": 0.914
        },
        "pval_group": 0.0009765625,
        "frac_H1_rej": 0.5862068965517241
    },
    "increase_pow": {
        "pcurve": {
            "prevdiff_exp": 0.08485825580474618,
            "prevdiff_hdi": [
                -0.5037626123834302,
                0.5543725835583617
            ],
            "prevdiff_prob": 0.6384,
            "powdiff_exp": 0.6181104541165576,
            "powdiff_hdi": [
                0.19747632519977443,
                0.8810892996563654
            ],
            "powdiff_prob": 0.9834
        },
        "binom": {
            "prevdiff_exp": 0.3586875463569122,
            "prevdiff_hdi": [
                -0.2786901893190107,
                0.9227292184626726
            ],
            "prevdiff_prob": 0.8464,
            "powdiff_exp": 0.3877397227402072,
            "powdiff_hdi": [
                -0.22916193388645412,
                0.9269360705391537
            ],
            "powdiff_prob": 0.8784
        },
        "pval_group": 0.04296875,
        "frac_H1_rej": 1.0
    },
    "baseline": {
        "frac_H1_rej": 0.2222222222222222
    }
}