{
    "increase_prev": {
        "pcurve": {
            "prevdiff_exp": 0.3496713672380661,
            "prevdiff_hdi": [
                -0.10659078822647294,
                0.7597377623037944
            ],
            "prevdiff_prob": 0.921,
            "powdiff_exp": 0.2159180464015447,
            "powdiff_hdi": [
                -0.13566107114896575,
                0.5319282463893511
            ],
            "powdiff_prob": 0.8864
        },
        "binom": {
            "prevdiff_exp": 0.296811048388815,
            "prevdiff_hdi": [
                -0.30393763894889625,
                0.8116745479373222
            ],
            "prevdiff_prob": 0.8226,
            "powdiff_exp": 0.28640629614376445,
            "powdiff_hdi": [
                -0.3029142041077365,
                0.7849565289772671
            ],
            "powdiff_prob": 0.8232
        },
        "pval_group": 0.001953125,
        "frac_H1_rej": 0.5333333333333333
    },
    "increase_pow": {
        "pcurve": {
            "prevdiff_exp": -0.027018163298207266,
            "prevdiff_hdi": [
                -0.4927116761858884,
                0.42192546860507324
            ],
            "prevdiff_prob": 0.4848,
            "powdiff_exp": 0.40560761509716925,
            "powdiff_hdi": [
                0.04427932234162402,
                0.7387853746870767
            ],
            "powdiff_prob": 0.9752
        },
        "binom": {
            "prevdiff_exp": 0.25769909171974875,
            "prevdiff_hdi": [
                -0.37303199111269214,
                0.8166293287071859
            ],
            "prevdiff_prob": 0.7928,
            "powdiff_exp": 0.2453786490238711,
            "powdiff_hdi": [
                -0.34456291192190425,
                0.771228693050741
            ],
            "powdiff_prob": 0.7932
        },
        "pval_group": 0.408203125,
        "frac_H1_rej": 1.0
    },
    "baseline": {
        "frac_H1_rej": 0.4166666666666667
    }
}