{
    "increase_prev": {
        "pcurve": {
            "prevdiff_exp": 0.5641975054069548,
            "prevdiff_hdi": [
                0.12322710494177658,
                0.898635180324307
            ],
            "prevdiff_prob": 0.9914,
            "powdiff_exp": 0.09754999540381223,
            "powdiff_hdi": [
                -0.3288444277577329,
                0.47714914926310176
            ],
            "powdiff_prob": 0.6642
        },
        "binom": {
            "prevdiff_exp": 0.198630845170522,
            "prevdiff_hdi": [
                -0.35708615240591746,
                0.7424931583026386
            ],
            "prevdiff_prob": 0.7498,
            "powdiff_exp": 0.20289068730660423,
            "powdiff_hdi": [
                -0.3435128745420697,
                0.6837769918460008
            ],
            "powdiff_prob": 0.7638
        },
        "pval_group": 0.0029296875,
        "frac_H1_rej": 0.5
    },
    "increase_pow": {
        "pcurve": {
            "prevdiff_exp": 0.004792841770463951,
            "prevdiff_hdi": [
                -0.4535515738255742,
                0.4113143137753866
            ],
            "prevdiff_prob": 0.555,
            "powdiff_exp": 0.3301564487763361,
            "powdiff_hdi": [
                -0.11774298789277904,
                0.7716354610974598
            ],
            "powdiff_prob": 0.9026
        },
        "binom": {
            "prevdiff_exp": 0.0823756824917832,
            "prevdiff_hdi": [
                -0.551672919939673,
                0.6629496040432425
            ],
            "prevdiff_prob": 0.6132,
            "powdiff_exp": 0.08810240274190169,
            "powdiff_hdi": [
                -0.5108181897673101,
                0.6373444349495678
            ],
            "powdiff_prob": 0.6238
        },
        "pval_group": 0.1005859375,
        "frac_H1_rej": 0.8888888888888888
    },
    "baseline": {
        "frac_H1_rej": 0.5454545454545454
    }
}