{
    "increase_prev": {
        "pcurve": {
            "prevdiff_exp": 0.12700443304429102,
            "prevdiff_hdi": [
                -0.19369658738695072,
                0.4834613218224676
            ],
            "prevdiff_prob": 0.7578,
            "powdiff_exp": 0.16734159078681593,
            "powdiff_hdi": [
                -0.08003233190689768,
                0.39424530213110764
            ],
            "powdiff_prob": 0.9102
        },
        "binom": {
            "prevdiff_exp": 0.2226889895403626,
            "prevdiff_hdi": [
                -0.3605755328540975,
                0.7810150693148055
            ],
            "prevdiff_prob": 0.7698,
            "powdiff_exp": 0.20430179306025814,
            "powdiff_hdi": [
                -0.3659388742499372,
                0.7235969266582232
            ],
            "powdiff_prob": 0.7584
        },
        "pval_group": 0.041015625,
        "frac_H1_rej": 0.48148148148148145
    },
    "increase_pow": {
        "pcurve": {
            "prevdiff_exp": -0.31994404900967277,
            "prevdiff_hdi": [
                -0.6696258691095822,
                0.06334505027386739
            ],
            "prevdiff_prob": 0.0588,
            "powdiff_exp": 0.45427666434718156,
            "powdiff_hdi": [
                0.14442681143810177,
                0.7107895648548468
            ],
            "powdiff_prob": 0.9944
        },
        "binom": {
            "prevdiff_exp": 0.1571983093677809,
            "prevdiff_hdi": [
                -0.4867250936871952,
                0.7270621900660879
            ],
            "prevdiff_prob": 0.6946,
            "powdiff_exp": 0.12592127461506447,
            "powdiff_hdi": [
                -0.479039484569405,
                0.6889912720634819
            ],
            "powdiff_prob": 0.678
        },
        "pval_group": 0.4140625,
        "frac_H1_rej": 0.9090909090909091
    },
    "baseline": {
        "frac_H1_rej": 0.35294117647058826
    }
}