{
    "increase_prev": {
        "pcurve": {
            "prevdiff_exp": 0.2941423919784194,
            "prevdiff_hdi": [
                -0.05052840355586141,
                0.6912451407139388
            ],
            "prevdiff_prob": 0.9436,
            "powdiff_exp": 0.21795761373354908,
            "powdiff_hdi": [
                -0.0606685375397058,
                0.46751243812419835
            ],
            "powdiff_prob": 0.9308
        },
        "binom": {
            "prevdiff_exp": 0.21973449548125581,
            "prevdiff_hdi": [
                -0.30980099292335084,
                0.7544558410625096
            ],
            "prevdiff_prob": 0.77,
            "powdiff_exp": 0.22113823975469668,
            "powdiff_hdi": [
                -0.30797679955732404,
                0.7019687913977307
            ],
            "powdiff_prob": 0.7838
        },
        "pval_group": 0.01171875,
        "frac_H1_rej": 0.5333333333333333
    },
    "increase_pow": {
        "pcurve": {
            "prevdiff_exp": -0.24567999934355736,
            "prevdiff_hdi": [
                -0.645015269078359,
                0.17536846919293858
            ],
            "prevdiff_prob": 0.1404,
            "powdiff_exp": 0.4390858579953998,
            "powdiff_hdi": [
                0.11094657750810077,
                0.7312113599460344
            ],
            "powdiff_prob": 0.989
        },
        "binom": {
            "prevdiff_exp": 0.11513185863960784,
            "prevdiff_hdi": [
                -0.5019513351207843,
                0.6834897525314664
            ],
            "prevdiff_prob": 0.6508,
            "powdiff_exp": 0.10173007418960968,
            "powdiff_hdi": [
                -0.48776414028681725,
                0.6403295760368541
            ],
            "powdiff_prob": 0.642
        },
        "pval_group": 0.826171875,
        "frac_H1_rej": 0.9090909090909091
    },
    "baseline": {
        "frac_H1_rej": 0.4
    }
}