{
    "increase_prev": {
        "pcurve": {
            "prevdiff_exp": 0.22977725973271035,
            "prevdiff_hdi": [
                -0.15419442919335435,
                0.615723946738679
            ],
            "prevdiff_prob": 0.8692,
            "powdiff_exp": 0.06709307003506135,
            "powdiff_hdi": [
                -0.2711407313361023,
                0.37775643693151595
            ],
            "powdiff_prob": 0.6658
        },
        "binom": {
            "prevdiff_exp": 0.11625516267873881,
            "prevdiff_hdi": [
                -0.423474866124348,
                0.6302312852007835
            ],
            "prevdiff_prob": 0.6606,
            "powdiff_exp": 0.11478828456470255,
            "powdiff_hdi": [
                -0.40506046247352656,
                0.5825808480598362
            ],
            "powdiff_prob": 0.6716
        },
        "pval_group": 0.017578125,
        "frac_H1_rej": 0.5555555555555556
    },
    "increase_pow": {
        "pcurve": {
            "prevdiff_exp": 0.004879592054789726,
            "prevdiff_hdi": [
                -0.4291086251368797,
                0.419295378577032
            ],
            "prevdiff_prob": 0.5108,
            "powdiff_exp": 0.22578625684892037,
            "powdiff_hdi": [
                -0.11559806521384097,
                0.584666923242943
            ],
            "powdiff_prob": 0.8842
        },
        "binom": {
            "prevdiff_exp": 0.09824685632040636,
            "prevdiff_hdi": [
                -0.4504361746328593,
                0.5949655075398061
            ],
            "prevdiff_prob": 0.6356,
            "powdiff_exp": 0.09200818989290167,
            "powdiff_hdi": [
                -0.41606465604034126,
                0.5700181479327263
            ],
            "powdiff_prob": 0.639
        },
        "pval_group": 0.2294921875,
        "frac_H1_rej": 0.9285714285714286
    },
    "baseline": {
        "frac_H1_rej": 0.6666666666666666
    }
}