{
    "increase_prev": {
        "pcurve": {
            "prevdiff_exp": 0.45069732101438914,
            "prevdiff_hdi": [
                0.03437889791596771,
                0.8296276908414263
            ],
            "prevdiff_prob": 0.975,
            "powdiff_exp": 0.13896583656793104,
            "powdiff_hdi": [
                -0.2337337205821881,
                0.4796455307030253
            ],
            "powdiff_prob": 0.767
        },
        "binom": {
            "prevdiff_exp": 0.2358705197224826,
            "prevdiff_hdi": [
                -0.31139585837079886,
                0.7326651693531159
            ],
            "prevdiff_prob": 0.79,
            "powdiff_exp": 0.24824073109901243,
            "powdiff_hdi": [
                -0.26538307971165576,
                0.7268303801501576
            ],
            "powdiff_prob": 0.812
        },
        "pval_group": 0.001953125,
        "frac_H1_rej": 0.5666666666666667
    },
    "increase_pow": {
        "pcurve": {
            "prevdiff_exp": 0.1473366769265513,
            "prevdiff_hdi": [
                -0.315483905044349,
                0.5631727394865643
            ],
            "prevdiff_prob": 0.7564,
            "powdiff_exp": 0.3032463535203705,
            "powdiff_hdi": [
                -0.09403055491337908,
                0.6677003032305777
            ],
            "powdiff_prob": 0.9186
        },
        "binom": {
            "prevdiff_exp": 0.198630845170522,
            "prevdiff_hdi": [
                -0.35708615240591746,
                0.7424931583026386
            ],
            "prevdiff_prob": 0.7498,
            "powdiff_exp": 0.20289068730660423,
            "powdiff_hdi": [
                -0.3435128745420697,
                0.6837769918460008
            ],
            "powdiff_prob": 0.7638
        },
        "pval_group": 0.15234375,
        "frac_H1_rej": 1.0
    },
    "baseline": {
        "frac_H1_rej": 0.5384615384615384
    }
}