{
    "increase_prev": {
        "pcurve": {
            "prevdiff_exp": 0.35388440319739467,
            "prevdiff_hdi": [
                -0.11220344412309857,
                0.7437261557168326
            ],
            "prevdiff_prob": 0.9268,
            "powdiff_exp": 0.12981038928283528,
            "powdiff_hdi": [
                -0.2017854415061946,
                0.4321149852306795
            ],
            "powdiff_prob": 0.7952
        },
        "binom": {
            "prevdiff_exp": 0.18062253881218956,
            "prevdiff_hdi": [
                -0.3789316948430904,
                0.7234811371995367
            ],
            "prevdiff_prob": 0.722,
            "powdiff_exp": 0.1801105926348034,
            "powdiff_hdi": [
                -0.411696681371733,
                0.6611925403527096
            ],
            "powdiff_prob": 0.7364
        },
        "pval_group": 0.005859375,
        "frac_H1_rej": 0.4827586206896552
    },
    "increase_pow": {
        "pcurve": {
            "prevdiff_exp": 0.0019289337053450858,
            "prevdiff_hdi": [
                -0.4456833800984469,
                0.43755151911187845
            ],
            "prevdiff_prob": 0.5178,
            "powdiff_exp": 0.4601210167982902,
            "powdiff_hdi": [
                0.1293452014228314,
                0.7783048277160233
            ],
            "powdiff_prob": 0.9884
        },
        "binom": {
            "prevdiff_exp": 0.15831400053208444,
            "prevdiff_hdi": [
                -0.469517779582702,
                0.6818685071085399
            ],
            "prevdiff_prob": 0.7046,
            "powdiff_exp": 0.15581952481442546,
            "powdiff_hdi": [
                -0.43760014099573424,
                0.6699355663760868
            ],
            "powdiff_prob": 0.7052
        },
        "pval_group": 0.048828125,
        "frac_H1_rej": 1.0
    },
    "baseline": {
        "frac_H1_rej": 0.3333333333333333
    }
}