{
    "increase_prev": {
        "pcurve": {
            "prevdiff_exp": 0.43695057291975564,
            "prevdiff_hdi": [
                -0.02855436306189918,
                0.8191088335443658
            ],
            "prevdiff_prob": 0.9658,
            "powdiff_exp": 0.15685209648804305,
            "powdiff_hdi": [
                -0.2291699061388296,
                0.4760776328348176
            ],
            "powdiff_prob": 0.8214
        },
        "binom": {
            "prevdiff_exp": 0.25769909171974875,
            "prevdiff_hdi": [
                -0.37303199111269214,
                0.8166293287071859
            ],
            "prevdiff_prob": 0.7928,
            "powdiff_exp": 0.2453786490238711,
            "powdiff_hdi": [
                -0.34456291192190425,
                0.771228693050741
            ],
            "powdiff_prob": 0.7932
        },
        "pval_group": 0.0087890625,
        "frac_H1_rej": 0.5
    },
    "increase_pow": {
        "pcurve": {
            "prevdiff_exp": 0.07008402608204867,
            "prevdiff_hdi": [
                -0.40954030323457546,
                0.49322165898390313
            ],
            "prevdiff_prob": 0.6324,
            "powdiff_exp": 0.4421021848457589,
            "powdiff_hdi": [
                0.06690909443099158,
                0.7561337561574255
            ],
            "powdiff_prob": 0.9772
        },
        "binom": {
            "prevdiff_exp": 0.296811048388815,
            "prevdiff_hdi": [
                -0.30393763894889625,
                0.8116745479373222
            ],
            "prevdiff_prob": 0.8226,
            "powdiff_exp": 0.28640629614376445,
            "powdiff_hdi": [
                -0.3029142041077365,
                0.7849565289772671
            ],
            "powdiff_prob": 0.8232
        },
        "pval_group": 0.162109375,
        "frac_H1_rej": 1.0
    },
    "baseline": {
        "frac_H1_rej": 0.38461538461538464
    }
}