{
    "increase_prev": {
        "pcurve": {
            "prevdiff_exp": 0.33164311924207385,
            "prevdiff_hdi": [
                -0.1396699954713484,
                0.7633319455967834
            ],
            "prevdiff_prob": 0.9018,
            "powdiff_exp": 0.1745889204221988,
            "powdiff_hdi": [
                -0.1780888856886481,
                0.5020832121702907
            ],
            "powdiff_prob": 0.8438
        },
        "binom": {
            "prevdiff_exp": 0.3129470726300418,
            "prevdiff_hdi": [
                -0.2942382312327132,
                0.8330186748847063
            ],
            "prevdiff_prob": 0.835,
            "powdiff_exp": 0.3135087874880802,
            "powdiff_hdi": [
                -0.25540657363523656,
                0.8309854336949258
            ],
            "powdiff_prob": 0.8376
        },
        "pval_group": 0.0029296875,
        "frac_H1_rej": 0.6071428571428571
    },
    "increase_pow": {
        "pcurve": {
            "prevdiff_exp": 0.10288117029557454,
            "prevdiff_hdi": [
                -0.3651638584459833,
                0.5634668473023524
            ],
            "prevdiff_prob": 0.656,
            "powdiff_exp": 0.42165130363589487,
            "powdiff_hdi": [
                0.030743863592992415,
                0.7336291422780181
            ],
            "powdiff_prob": 0.9738
        },
        "binom": {
            "prevdiff_exp": 0.296811048388815,
            "prevdiff_hdi": [
                -0.30393763894889625,
                0.8116745479373222
            ],
            "prevdiff_prob": 0.8226,
            "powdiff_exp": 0.28640629614376445,
            "powdiff_hdi": [
                -0.3029142041077365,
                0.7849565289772671
            ],
            "powdiff_prob": 0.8232
        },
        "pval_group": 0.2353515625,
        "frac_H1_rej": 1.0
    },
    "baseline": {
        "frac_H1_rej": 0.2727272727272727
    }
}