{
    "increase_prev": {
        "pcurve": {
            "prevdiff_exp": 0.3605855226943486,
            "prevdiff_hdi": [
                -0.058302375852606,
                0.7822858978051593
            ],
            "prevdiff_prob": 0.9494,
            "powdiff_exp": 0.13008752800290707,
            "powdiff_hdi": [
                -0.16397613291204582,
                0.3761975491220364
            ],
            "powdiff_prob": 0.8294
        },
        "binom": {
            "prevdiff_exp": 0.20821669756238056,
            "prevdiff_hdi": [
                -0.4258855826744752,
                0.8134871419092214
            ],
            "prevdiff_prob": 0.7524,
            "powdiff_exp": 0.19008843829643618,
            "powdiff_hdi": [
                -0.4017269738685284,
                0.7977322524363873
            ],
            "powdiff_prob": 0.7368
        },
        "pval_group": 0.0029296875,
        "frac_H1_rej": 0.35714285714285715
    },
    "increase_pow": {
        "pcurve": {
            "prevdiff_exp": 0.16427907084216678,
            "prevdiff_hdi": [
                -0.31001259672978654,
                0.6070359186925711
            ],
            "prevdiff_prob": 0.7376,
            "powdiff_exp": 0.3746408883062829,
            "powdiff_hdi": [
                0.04632483915787722,
                0.6518863638063603
            ],
            "powdiff_prob": 0.9828
        },
        "binom": {
            "prevdiff_exp": 0.3244718602411194,
            "prevdiff_hdi": [
                -0.24459917779504814,
                0.9020248547893676
            ],
            "prevdiff_prob": 0.8456,
            "powdiff_exp": 0.30487672286113876,
            "powdiff_hdi": [
                -0.2746985996800374,
                0.8187391075092914
            ],
            "powdiff_prob": 0.8412
        },
        "pval_group": 0.1572265625,
        "frac_H1_rej": 0.8823529411764706
    },
    "baseline": {
        "frac_H1_rej": 0.2727272727272727
    }
}