{
    "increase_prev": {
        "pcurve": {
            "prevdiff_exp": 0.47620426280420725,
            "prevdiff_hdi": [
                0.09662331396968182,
                0.8129245288773108
            ],
            "prevdiff_prob": 0.9884,
            "powdiff_exp": -0.06549797531387927,
            "powdiff_hdi": [
                -0.41235813804703725,
                0.27920195593948205
            ],
            "powdiff_prob": 0.3762
        },
        "binom": {
            "prevdiff_exp": 0.1571983093677809,
            "prevdiff_hdi": [
                -0.4867250936871952,
                0.7270621900660879
            ],
            "prevdiff_prob": 0.6946,
            "powdiff_exp": 0.12592127461506447,
            "powdiff_hdi": [
                -0.479039484569405,
                0.6889912720634819
            ],
            "powdiff_prob": 0.678
        },
        "pval_group": 0.1083984375,
        "frac_H1_rej": 0.39285714285714285
    },
    "increase_pow": {
        "pcurve": {
            "prevdiff_exp": 0.2004233128948051,
            "prevdiff_hdi": [
                -0.20124232146743426,
                0.5903912739937259
            ],
            "prevdiff_prob": 0.8332,
            "powdiff_exp": 0.22900230524155055,
            "powdiff_hdi": [
                -0.15058456370612583,
                0.5951791509003896
            ],
            "powdiff_prob": 0.8748
        },
        "binom": {
            "prevdiff_exp": 0.24069729589869504,
            "prevdiff_hdi": [
                -0.3410728119937153,
                0.7668833485590058
            ],
            "prevdiff_prob": 0.7808,
            "powdiff_exp": 0.22708188773205903,
            "powdiff_hdi": [
                -0.3226554230284957,
                0.7416846982553135
            ],
            "powdiff_prob": 0.779
        },
        "pval_group": 0.212890625,
        "frac_H1_rej": 0.875
    },
    "baseline": {
        "frac_H1_rej": 0.375
    }
}