{
    "increase_prev": {
        "pcurve": {
            "prevdiff_exp": 0.4822732012670389,
            "prevdiff_hdi": [
                -0.013535637311033688,
                0.882585456668343
            ],
            "prevdiff_prob": 0.9702,
            "powdiff_exp": 0.07119662403940755,
            "powdiff_hdi": [
                -0.31665079213747527,
                0.35838950675191655
            ],
            "powdiff_prob": 0.7148
        },
        "binom": {
            "prevdiff_exp": 0.12584101507059736,
            "prevdiff_hdi": [
                -0.5715456118824854,
                0.7831531605835874
            ],
            "prevdiff_prob": 0.6596,
            "powdiff_exp": 0.10198603555453449,
            "powdiff_hdi": [
                -0.5540841531073504,
                0.7334349594180691
            ],
            "powdiff_prob": 0.6318
        },
        "pval_group": 0.0029296875,
        "frac_H1_rej": 0.23333333333333334
    },
    "increase_pow": {
        "pcurve": {
            "prevdiff_exp": 0.13810348128525196,
            "prevdiff_hdi": [
                -0.4241801165272474,
                0.6220687766828084
            ],
            "prevdiff_prob": 0.705,
            "powdiff_exp": 0.33253342696476573,
            "powdiff_hdi": [
                -0.09889988712584408,
                0.728304475606695
            ],
            "powdiff_prob": 0.9198
        },
        "binom": {
            "prevdiff_exp": 0.26512180466022717,
            "prevdiff_hdi": [
                -0.3541130910737406,
                0.8587765663240259
            ],
            "prevdiff_prob": 0.7864,
            "powdiff_exp": 0.23064637576061672,
            "powdiff_hdi": [
                -0.36055373579773875,
                0.80859936979514
            ],
            "powdiff_prob": 0.7714
        },
        "pval_group": 0.7763671875,
        "frac_H1_rej": 1.0
    },
    "baseline": {
        "frac_H1_rej": 0.3076923076923077
    }
}