{
    "increase_prev": {
        "pcurve": {
            "prevdiff_exp": 0.4681627981370859,
            "prevdiff_hdi": [
                -0.00040754162840239694,
                0.8444989661221972
            ],
            "prevdiff_prob": 0.9668,
            "powdiff_exp": 0.15579423418110272,
            "powdiff_hdi": [
                -0.2566228852480655,
                0.4963259079726236
            ],
            "powdiff_prob": 0.7728
        },
        "binom": {
            "prevdiff_exp": 0.18876861378195248,
            "prevdiff_hdi": [
                -0.3601402524251879,
                0.7099454161478973
            ],
            "prevdiff_prob": 0.7384,
            "powdiff_exp": 0.19192551376798145,
            "powdiff_hdi": [
                -0.32054706837046865,
                0.6882465635812046
            ],
            "powdiff_prob": 0.758
        },
        "pval_group": 0.001953125,
        "frac_H1_rej": 0.5714285714285714
    },
    "increase_pow": {
        "pcurve": {
            "prevdiff_exp": 0.11376162087205657,
            "prevdiff_hdi": [
                -0.421443358413781,
                0.5694199228999942
            ],
            "prevdiff_prob": 0.687,
            "powdiff_exp": 0.29632081161976237,
            "powdiff_hdi": [
                -0.14906685433249434,
                0.7012798435358418
            ],
            "powdiff_prob": 0.8926
        },
        "binom": {
            "prevdiff_exp": 0.12734811883278113,
            "prevdiff_hdi": [
                -0.44697379344167426,
                0.6973820359212584
            ],
            "prevdiff_prob": 0.6726,
            "powdiff_exp": 0.12660679882771023,
            "powdiff_hdi": [
                -0.4375004499379109,
                0.6411227405304529
            ],
            "powdiff_prob": 0.6734
        },
        "pval_group": 0.708984375,
        "frac_H1_rej": 1.0
    },
    "baseline": {
        "frac_H1_rej": 0.8
    }
}