{
    "increase_prev": {
        "pcurve": {
            "prevdiff_exp": 0.3288237649505111,
            "prevdiff_hdi": [
                -0.03156532960670555,
                0.6399490176829439
            ],
            "prevdiff_prob": 0.9656,
            "powdiff_exp": 0.013906162004348039,
            "powdiff_hdi": [
                -0.2817842936512841,
                0.3199767255276496
            ],
            "powdiff_prob": 0.547
        },
        "binom": {
            "prevdiff_exp": 0.10282434248343943,
            "prevdiff_hdi": [
                -0.46391285844393804,
                0.640850572071314
            ],
            "prevdiff_prob": 0.6488,
            "powdiff_exp": 0.0930043664675662,
            "powdiff_hdi": [
                -0.43314687785795697,
                0.619064719114842
            ],
            "powdiff_prob": 0.6322
        },
        "pval_group": 0.0947265625,
        "frac_H1_rej": 0.4482758620689655
    },
    "increase_pow": {
        "pcurve": {
            "prevdiff_exp": -0.09301505887534876,
            "prevdiff_hdi": [
                -0.47153793145310086,
                0.269197286435272
            ],
            "prevdiff_prob": 0.3196,
            "powdiff_exp": 0.2793633996416553,
            "powdiff_hdi": [
                -0.05577303558113178,
                0.6046792333971757
            ],
            "powdiff_prob": 0.9412
        },
        "binom": {
            "prevdiff_exp": 0.10282434248343943,
            "prevdiff_hdi": [
                -0.46391285844393804,
                0.640850572071314
            ],
            "prevdiff_prob": 0.6488,
            "powdiff_exp": 0.0930043664675662,
            "powdiff_hdi": [
                -0.43314687785795697,
                0.619064719114842
            ],
            "powdiff_prob": 0.6322
        },
        "pval_group": 0.3759765625,
        "frac_H1_rej": 1.0
    },
    "baseline": {
        "frac_H1_rej": 0.45
    }
}