{
    "increase_prev": {
        "pcurve": {
            "prevdiff_exp": 0.32990701762592506,
            "prevdiff_hdi": [
                -0.1018002420357158,
                0.8083775755487326
            ],
            "prevdiff_prob": 0.9126,
            "powdiff_exp": 0.16605511280842003,
            "powdiff_hdi": [
                -0.13157285127955998,
                0.4085673566863934
            ],
            "powdiff_prob": 0.8866
        },
        "binom": {
            "prevdiff_exp": 0.24097287371020526,
            "prevdiff_hdi": [
                -0.41716178060129705,
                0.8418346277182667
            ],
            "prevdiff_prob": 0.7812,
            "powdiff_exp": 0.20371610974414417,
            "powdiff_hdi": [
                -0.40656218537683375,
                0.7823195103131289
            ],
            "powdiff_prob": 0.7606
        },
        "pval_group": 0.037109375,
        "frac_H1_rej": 0.3793103448275862
    },
    "increase_pow": {
        "pcurve": {
            "prevdiff_exp": -0.09958380642342651,
            "prevdiff_hdi": [
                -0.6029730438090306,
                0.34933588982546027
            ],
            "prevdiff_prob": 0.3598,
            "powdiff_exp": 0.5357769998493426,
            "powdiff_hdi": [
                0.23267341159663424,
                0.8176630197805629
            ],
            "powdiff_prob": 0.9946
        },
        "binom": {
            "prevdiff_exp": 0.28415501560268175,
            "prevdiff_hdi": [
                -0.3418700184273562,
                0.8740334268642953
            ],
            "prevdiff_prob": 0.8142,
            "powdiff_exp": 0.25780556036895996,
            "powdiff_hdi": [
                -0.32330480728412214,
                0.836248841650578
            ],
            "powdiff_prob": 0.7996
        },
        "pval_group": 0.7373046875,
        "frac_H1_rej": 1.0
    },
    "baseline": {
        "frac_H1_rej": 0.2
    }
}