{
    "increase_prev": {
        "pcurve": {
            "prevdiff_exp": 0.38667963265612587,
            "prevdiff_hdi": [
                -0.018819640337119914,
                0.7024065469373897
            ],
            "prevdiff_prob": 0.9724,
            "powdiff_exp": -0.03313232608407203,
            "powdiff_hdi": [
                -0.35226295495165383,
                0.29615098149145663
            ],
            "powdiff_prob": 0.4254
        },
        "binom": {
            "prevdiff_exp": -0.0268860244431382,
            "prevdiff_hdi": [
                -0.6035178722204599,
                0.550831554498189
            ],
            "prevdiff_prob": 0.4622,
            "powdiff_exp": -0.025287244395042426,
            "powdiff_hdi": [
                -0.5806730655455874,
                0.5496732157516877
            ],
            "powdiff_prob": 0.461
        },
        "pval_group": 0.0068359375,
        "frac_H1_rej": 0.3
    },
    "increase_pow": {
        "pcurve": {
            "prevdiff_exp": 0.02867854442360859,
            "prevdiff_hdi": [
                -0.31539764013865207,
                0.3939131236585396
            ],
            "prevdiff_prob": 0.5786,
            "powdiff_exp": 0.31948431866701427,
            "powdiff_hdi": [
                -0.008032592570494268,
                0.6602369798562644
            ],
            "powdiff_prob": 0.9648
        },
        "binom": {
            "prevdiff_exp": 0.09824685632040636,
            "prevdiff_hdi": [
                -0.4504361746328593,
                0.5949655075398061
            ],
            "prevdiff_prob": 0.6356,
            "powdiff_exp": 0.09200818989290167,
            "powdiff_hdi": [
                -0.41606465604034126,
                0.5700181479327263
            ],
            "powdiff_prob": 0.639
        },
        "pval_group": 0.724609375,
        "frac_H1_rej": 1.0
    },
    "baseline": {
        "frac_H1_rej": 0.46153846153846156
    }
}