{
    "increase_prev": {
        "pcurve": {
            "prevdiff_exp": 0.26967616677350853,
            "prevdiff_hdi": [
                -0.09920375931538772,
                0.677846278361945
            ],
            "prevdiff_prob": 0.9054,
            "powdiff_exp": 0.2379128414163304,
            "powdiff_hdi": [
                -0.03481955140674098,
                0.4908092722125818
            ],
            "powdiff_prob": 0.948
        },
        "binom": {
            "prevdiff_exp": 0.12513288076354456,
            "prevdiff_hdi": [
                -0.42172648575651617,
                0.6718849915044207
            ],
            "prevdiff_prob": 0.665,
            "powdiff_exp": 0.11729543428794409,
            "powdiff_hdi": [
                -0.413050403286488,
                0.620603806694966
            ],
            "powdiff_prob": 0.6636
        },
        "pval_group": 0.0029296875,
        "frac_H1_rej": 0.4642857142857143
    },
    "increase_pow": {
        "pcurve": {
            "prevdiff_exp": -0.046739725024691245,
            "prevdiff_hdi": [
                -0.4593323634607431,
                0.40146734776608134
            ],
            "prevdiff_prob": 0.4094,
            "powdiff_exp": 0.4461768550694051,
            "powdiff_hdi": [
                0.13622863795915385,
                0.7114389698858204
            ],
            "powdiff_prob": 0.9934
        },
        "binom": {
            "prevdiff_exp": 0.143141187121877,
            "prevdiff_hdi": [
                -0.38740471006485294,
                0.6710863002707265
            ],
            "prevdiff_prob": 0.6864,
            "powdiff_exp": 0.14007552895974498,
            "powdiff_hdi": [
                -0.39332672104633926,
                0.6305774621765518
            ],
            "powdiff_prob": 0.6988
        },
        "pval_group": 0.8525390625,
        "frac_H1_rej": 1.0
    },
    "baseline": {
        "frac_H1_rej": 0.42857142857142855
    }
}