{
    "increase_prev": {
        "pcurve": {
            "prevdiff_exp": 0.48502550046708004,
            "prevdiff_hdi": [
                0.061512056694415285,
                0.8296914854451916
            ],
            "prevdiff_prob": 0.9814,
            "powdiff_exp": 0.06823528552438062,
            "powdiff_hdi": [
                -0.323664956553414,
                0.43162000307232395
            ],
            "powdiff_prob": 0.6482
        },
        "binom": {
            "prevdiff_exp": 0.24069729589869504,
            "prevdiff_hdi": [
                -0.3410728119937153,
                0.7668833485590058
            ],
            "prevdiff_prob": 0.7808,
            "powdiff_exp": 0.22708188773205903,
            "powdiff_hdi": [
                -0.3226554230284957,
                0.7416846982553135
            ],
            "powdiff_prob": 0.779
        },
        "pval_group": 0.0009765625,
        "frac_H1_rej": 0.5
    },
    "increase_pow": {
        "pcurve": {
            "prevdiff_exp": 0.08866339574965605,
            "prevdiff_hdi": [
                -0.36742335701652756,
                0.4875070102793311
            ],
            "prevdiff_prob": 0.689,
            "powdiff_exp": 0.3010090490938538,
            "powdiff_hdi": [
                -0.12803411625886563,
                0.6804198301237318
            ],
            "powdiff_prob": 0.9046
        },
        "binom": {
            "prevdiff_exp": 0.2003804512602575,
            "prevdiff_hdi": [
                -0.42096537519291255,
                0.751552573457396
            ],
            "prevdiff_prob": 0.7442,
            "powdiff_exp": 0.18001072523988026,
            "powdiff_hdi": [
                -0.3936470525743901,
                0.6977605694974172
            ],
            "powdiff_prob": 0.7366
        },
        "pval_group": 0.302734375,
        "frac_H1_rej": 1.0
    },
    "baseline": {
        "frac_H1_rej": 0.6
    }
}