{
    "increase_prev": {
        "pcurve": {
            "prevdiff_exp": 0.21103719308523686,
            "prevdiff_hdi": [
                -0.18415326914126917,
                0.5763104115547648
            ],
            "prevdiff_prob": 0.8536,
            "powdiff_exp": 0.15817992703156056,
            "powdiff_hdi": [
                -0.1178426036712591,
                0.4214194092856038
            ],
            "powdiff_prob": 0.8694
        },
        "binom": {
            "prevdiff_exp": 0.15831400053208444,
            "prevdiff_hdi": [
                -0.469517779582702,
                0.6818685071085399
            ],
            "prevdiff_prob": 0.7046,
            "powdiff_exp": 0.15581952481442546,
            "powdiff_hdi": [
                -0.43760014099573424,
                0.6699355663760868
            ],
            "powdiff_prob": 0.7052
        },
        "pval_group": 0.001953125,
        "frac_H1_rej": 0.48148148148148145
    },
    "increase_pow": {
        "pcurve": {
            "prevdiff_exp": -0.04531127692433081,
            "prevdiff_hdi": [
                -0.47546257184197604,
                0.3519680385994678
            ],
            "prevdiff_prob": 0.409,
            "powdiff_exp": 0.2690742653531994,
            "powdiff_hdi": [
                -0.053531489161608437,
                0.5735941497144188
            ],
            "powdiff_prob": 0.9414
        },
        "binom": {
            "prevdiff_exp": 0.15831400053208444,
            "prevdiff_hdi": [
                -0.469517779582702,
                0.6818685071085399
            ],
            "prevdiff_prob": 0.7046,
            "powdiff_exp": 0.15581952481442546,
            "powdiff_hdi": [
                -0.43760014099573424,
                0.6699355663760868
            ],
            "powdiff_prob": 0.7052
        },
        "pval_group": 0.3583984375,
        "frac_H1_rej": 1.0
    },
    "baseline": {
        "frac_H1_rej": 0.46153846153846156
    }
}