{
    "increase_prev": {
        "pcurve": {
            "prevdiff_exp": 0.39216775584162017,
            "prevdiff_hdi": [
                -0.09673901269142815,
                0.8502169609705609
            ],
            "prevdiff_prob": 0.9288,
            "powdiff_exp": 0.18845196555908753,
            "powdiff_hdi": [
                -0.16995252705353647,
                0.46645237063716544
            ],
            "powdiff_prob": 0.8716
        },
        "binom": {
            "prevdiff_exp": 0.2003804512602575,
            "prevdiff_hdi": [
                -0.42096537519291255,
                0.751552573457396
            ],
            "prevdiff_prob": 0.7442,
            "powdiff_exp": 0.18001072523988026,
            "powdiff_hdi": [
                -0.3936470525743901,
                0.6977605694974172
            ],
            "powdiff_prob": 0.7366
        },
        "pval_group": 0.001953125,
        "frac_H1_rej": 0.4482758620689655
    },
    "increase_pow": {
        "pcurve": {
            "prevdiff_exp": 0.0959329085188745,
            "prevdiff_hdi": [
                -0.4329190639885917,
                0.57011102121897
            ],
            "prevdiff_prob": 0.6278,
            "powdiff_exp": 0.5138733591719905,
            "powdiff_hdi": [
                0.13583053091464647,
                0.7951088703271474
            ],
            "powdiff_prob": 0.9886
        },
        "binom": {
            "prevdiff_exp": 0.24069729589869504,
            "prevdiff_hdi": [
                -0.3410728119937153,
                0.7668833485590058
            ],
            "prevdiff_prob": 0.7808,
            "powdiff_exp": 0.22708188773205903,
            "powdiff_hdi": [
                -0.3226554230284957,
                0.7416846982553135
            ],
            "powdiff_prob": 0.779
        },
        "pval_group": 0.1904296875,
        "frac_H1_rej": 0.9333333333333333
    },
    "baseline": {
        "frac_H1_rej": 0.36363636363636365
    }
}