{
    "increase_prev": {
        "pcurve": {
            "prevdiff_exp": 0.310366335312457,
            "prevdiff_hdi": [
                -0.062392675204616554,
                0.7182957766889901
            ],
            "prevdiff_prob": 0.933,
            "powdiff_exp": 0.3156912724788676,
            "powdiff_hdi": [
                0.03753291248903495,
                0.5767397796252232
            ],
            "powdiff_prob": 0.9702
        },
        "binom": {
            "prevdiff_exp": 0.26283736072787695,
            "prevdiff_hdi": [
                -0.2882583031759345,
                0.7353424429797546
            ],
            "prevdiff_prob": 0.8166,
            "powdiff_exp": 0.2584216677882076,
            "powdiff_hdi": [
                -0.22983240770080904,
                0.7310518251192848
            ],
            "powdiff_prob": 0.8218
        },
        "pval_group": 0.0009765625,
        "frac_H1_rej": 0.6
    },
    "increase_pow": {
        "pcurve": {
            "prevdiff_exp": 0.09749755747075192,
            "prevdiff_hdi": [
                -0.38277917267281636,
                0.5295847614325147
            ],
            "prevdiff_prob": 0.636,
            "powdiff_exp": 0.3879720082012858,
            "powdiff_hdi": [
                0.07487369718697767,
                0.6742273585282705
            ],
            "powdiff_prob": 0.9836
        },
        "binom": {
            "prevdiff_exp": 0.21973449548125581,
            "prevdiff_hdi": [
                -0.30980099292335084,
                0.7544558410625096
            ],
            "prevdiff_prob": 0.77,
            "powdiff_exp": 0.22113823975469668,
            "powdiff_hdi": [
                -0.30797679955732404,
                0.7019687913977307
            ],
            "powdiff_prob": 0.7838
        },
        "pval_group": 0.0166015625,
        "frac_H1_rej": 0.9411764705882353
    },
    "baseline": {
        "frac_H1_rej": 0.6666666666666666
    }
}