{
    "increase_prev": {
        "pcurve": {
            "prevdiff_exp": 0.12981566288088936,
            "prevdiff_hdi": [
                -0.27018978722126796,
                0.5442250784487297
            ],
            "prevdiff_prob": 0.72,
            "powdiff_exp": 0.15997776129312455,
            "powdiff_hdi": [
                -0.10906701151697457,
                0.41149898575917615
            ],
            "powdiff_prob": 0.8868
        },
        "binom": {
            "prevdiff_exp": 0.1676649634712187,
            "prevdiff_hdi": [
                -0.40451892741105544,
                0.6857561374020695
            ],
            "prevdiff_prob": 0.7238,
            "powdiff_exp": 0.17367796131988902,
            "powdiff_hdi": [
                -0.33026957917358235,
                0.6876691878359391
            ],
            "powdiff_prob": 0.7338
        },
        "pval_group": 0.0009765625,
        "frac_H1_rej": 0.5357142857142857
    },
    "increase_pow": {
        "pcurve": {
            "prevdiff_exp": -0.14255583063993613,
            "prevdiff_hdi": [
                -0.5128979308695918,
                0.2901493955681661
            ],
            "prevdiff_prob": 0.2524,
            "powdiff_exp": 0.4477099677029199,
            "powdiff_hdi": [
                0.1592393124718588,
                0.7032994649924849
            ],
            "powdiff_prob": 0.996
        },
        "binom": {
            "prevdiff_exp": 0.1676649634712187,
            "prevdiff_hdi": [
                -0.40451892741105544,
                0.6857561374020695
            ],
            "prevdiff_prob": 0.7238,
            "powdiff_exp": 0.17367796131988902,
            "powdiff_hdi": [
                -0.33026957917358235,
                0.6876691878359391
            ],
            "powdiff_prob": 0.7338
        },
        "pval_group": 0.1416015625,
        "frac_H1_rej": 0.875
    },
    "baseline": {
        "frac_H1_rej": 0.4375
    }
}