{
    "increase_prev": {
        "pcurve": {
            "prevdiff_exp": 0.4348570431414816,
            "prevdiff_hdi": [
                0.05206480739923913,
                0.723920473920769
            ],
            "prevdiff_prob": 0.9888,
            "powdiff_exp": 0.07075910767961793,
            "powdiff_hdi": [
                -0.2842246968979759,
                0.38545956733570863
            ],
            "powdiff_prob": 0.6592
        },
        "binom": {
            "prevdiff_exp": 0.09824685632040636,
            "prevdiff_hdi": [
                -0.4504361746328593,
                0.5949655075398061
            ],
            "prevdiff_prob": 0.6356,
            "powdiff_exp": 0.09200818989290167,
            "powdiff_hdi": [
                -0.41606465604034126,
                0.5700181479327263
            ],
            "powdiff_prob": 0.639
        },
        "pval_group": 0.01171875,
        "frac_H1_rej": 0.4827586206896552
    },
    "increase_pow": {
        "pcurve": {
            "prevdiff_exp": -0.02027838571141863,
            "prevdiff_hdi": [
                -0.41134835828779137,
                0.3571720775036805
            ],
            "prevdiff_prob": 0.4748,
            "powdiff_exp": 0.30371999515207343,
            "powdiff_hdi": [
                -0.08313223802568648,
                0.6374789943084125
            ],
            "powdiff_prob": 0.9362
        },
        "binom": {
            "prevdiff_exp": 0.05690510709784661,
            "prevdiff_hdi": [
                -0.5448465811941846,
                0.5896036613956648
            ],
            "prevdiff_prob": 0.5812,
            "powdiff_exp": 0.04055793746418056,
            "powdiff_hdi": [
                -0.4870286760239793,
                0.5745010533922283
            ],
            "powdiff_prob": 0.5578
        },
        "pval_group": 0.62109375,
        "frac_H1_rej": 0.9230769230769231
    },
    "baseline": {
        "frac_H1_rej": 0.9090909090909091
    }
}