{
    "increase_prev": {
        "pcurve": {
            "prevdiff_exp": 0.5753052547462257,
            "prevdiff_hdi": [
                0.08335663663580295,
                0.9247656836616314
            ],
            "prevdiff_prob": 0.9796,
            "powdiff_exp": 0.053746570152242795,
            "powdiff_hdi": [
                -0.42222624585657065,
                0.4637441145446807
            ],
            "powdiff_prob": 0.6104
        },
        "binom": {
            "prevdiff_exp": 0.19220841154716706,
            "prevdiff_hdi": [
                -0.4019318782099181,
                0.8467984729501401
            ],
            "prevdiff_prob": 0.7244,
            "powdiff_exp": 0.16699813057867743,
            "powdiff_hdi": [
                -0.4660747850865876,
                0.7368521305563903
            ],
            "powdiff_prob": 0.716
        },
        "pval_group": 0.001953125,
        "frac_H1_rej": 0.3793103448275862
    },
    "increase_pow": {
        "pcurve": {
            "prevdiff_exp": 0.05466942742039906,
            "prevdiff_hdi": [
                -0.44251022063762624,
                0.46711664959047783
            ],
            "prevdiff_prob": 0.6542,
            "powdiff_exp": 0.36089313171970017,
            "powdiff_hdi": [
                -0.13533139303247999,
                0.7895507263050102
            ],
            "powdiff_prob": 0.889
        },
        "binom": {
            "prevdiff_exp": 0.21635734249718902,
            "prevdiff_hdi": [
                -0.41850166710642706,
                0.7937426377387214
            ],
            "prevdiff_prob": 0.7456,
            "powdiff_exp": 0.19392839659515002,
            "powdiff_hdi": [
                -0.41134146749219225,
                0.7751400561832572
            ],
            "powdiff_prob": 0.741
        },
        "pval_group": 0.072265625,
        "frac_H1_rej": 1.0
    },
    "baseline": {
        "frac_H1_rej": 0.625
    }
}