{
    "increase_prev": {
        "pcurve": {
            "prevdiff_exp": 0.18969423264479462,
            "prevdiff_hdi": [
                -0.19747533913760296,
                0.5998135827756275
            ],
            "prevdiff_prob": 0.8104,
            "powdiff_exp": 0.22575031442295732,
            "powdiff_hdi": [
                -0.03077805745260581,
                0.47855639098093466
            ],
            "powdiff_prob": 0.9512
        },
        "binom": {
            "prevdiff_exp": 0.24069729589869504,
            "prevdiff_hdi": [
                -0.3410728119937153,
                0.7668833485590058
            ],
            "prevdiff_prob": 0.7808,
            "powdiff_exp": 0.22708188773205903,
            "powdiff_hdi": [
                -0.3226554230284957,
                0.7416846982553135
            ],
            "powdiff_prob": 0.779
        },
        "pval_group": 0.0009765625,
        "frac_H1_rej": 0.5172413793103449
    },
    "increase_pow": {
        "pcurve": {
            "prevdiff_exp": -0.15968602896472123,
            "prevdiff_hdi": [
                -0.5558404350816153,
                0.26561000601616513
            ],
            "prevdiff_prob": 0.235,
            "powdiff_exp": 0.47725349996911626,
            "powdiff_hdi": [
                0.19264822933819997,
                0.7346878539443348
            ],
            "powdiff_prob": 0.9972
        },
        "binom": {
            "prevdiff_exp": 0.2226889895403626,
            "prevdiff_hdi": [
                -0.3605755328540975,
                0.7810150693148055
            ],
            "prevdiff_prob": 0.7698,
            "powdiff_exp": 0.20430179306025814,
            "powdiff_hdi": [
                -0.3659388742499372,
                0.7235969266582232
            ],
            "powdiff_prob": 0.7584
        },
        "pval_group": 0.0107421875,
        "frac_H1_rej": 0.9333333333333333
    },
    "baseline": {
        "frac_H1_rej": 0.4
    }
}