{
    "increase_prev": {
        "pcurve": {
            "prevdiff_exp": 0.18811101885843426,
            "prevdiff_hdi": [
                -0.14826492248299328,
                0.5140513640975571
            ],
            "prevdiff_prob": 0.8566,
            "powdiff_exp": 0.14508851181629034,
            "powdiff_hdi": [
                -0.1250454634623585,
                0.41225529214796947
            ],
            "powdiff_prob": 0.85
        },
        "binom": {
            "prevdiff_exp": 0.14770550208826908,
            "prevdiff_hdi": [
                -0.33817950754790715,
                0.6119480965121217
            ],
            "prevdiff_prob": 0.7062,
            "powdiff_exp": 0.15669159359859788,
            "powdiff_hdi": [
                -0.28209000656053795,
                0.6119216495375974
            ],
            "powdiff_prob": 0.7362
        },
        "pval_group": 0.0029296875,
        "frac_H1_rej": 0.6428571428571429
    },
    "increase_pow": {
        "pcurve": {
            "prevdiff_exp": -0.18133967922159533,
            "prevdiff_hdi": [
                -0.5620619112643149,
                0.20834831907480816
            ],
            "prevdiff_prob": 0.1832,
            "powdiff_exp": 0.2811965098076027,
            "powdiff_hdi": [
                -0.05395380291748875,
                0.5621936095870306
            ],
            "powdiff_prob": 0.9522
        },
        "binom": {
            "prevdiff_exp": 0.043182141892476565,
            "prevdiff_hdi": [
                -0.5029925486904867,
                0.5534747115350769
            ],
            "prevdiff_prob": 0.5506,
            "powdiff_exp": 0.0540894506248158,
            "powdiff_hdi": [
                -0.4446612502998172,
                0.5544465689856881
            ],
            "powdiff_prob": 0.5762
        },
        "pval_group": 0.705078125,
        "frac_H1_rej": 1.0
    },
    "baseline": {
        "frac_H1_rej": 0.5882352941176471
    }
}