{
    "increase_prev": {
        "pcurve": {
            "prevdiff_exp": 0.3060787439560969,
            "prevdiff_hdi": [
                -0.1316254459853956,
                0.7216427918239713
            ],
            "prevdiff_prob": 0.907,
            "powdiff_exp": 0.01905655031177097,
            "powdiff_hdi": [
                -0.2960515198889278,
                0.3208376805446183
            ],
            "powdiff_prob": 0.5754
        },
        "binom": {
            "prevdiff_exp": 0.0268860244431382,
            "prevdiff_hdi": [
                -0.550831554498189,
                0.6035178722204599
            ],
            "prevdiff_prob": 0.5378,
            "powdiff_exp": 0.025287244395042426,
            "powdiff_hdi": [
                -0.5496732157516877,
                0.5806730655455874
            ],
            "powdiff_prob": 0.539
        },
        "pval_group": 0.091796875,
        "frac_H1_rej": 0.37037037037037035
    },
    "increase_pow": {
        "pcurve": {
            "prevdiff_exp": 0.0528443619968202,
            "prevdiff_hdi": [
                -0.41082564022074874,
                0.4807081099741728
            ],
            "prevdiff_prob": 0.597,
            "powdiff_exp": 0.28913018841638166,
            "powdiff_hdi": [
                -0.05096440527598223,
                0.6338945327066836
            ],
            "powdiff_prob": 0.9326
        },
        "binom": {
            "prevdiff_exp": 0.12513288076354456,
            "prevdiff_hdi": [
                -0.42172648575651617,
                0.6718849915044207
            ],
            "prevdiff_prob": 0.665,
            "powdiff_exp": 0.11729543428794409,
            "powdiff_hdi": [
                -0.413050403286488,
                0.620603806694966
            ],
            "powdiff_prob": 0.6636
        },
        "pval_group": 0.98828125,
        "frac_H1_rej": 0.9166666666666666
    },
    "baseline": {
        "frac_H1_rej": 0.6428571428571429
    }
}