{
    "increase_prev": {
        "pcurve": {
            "prevdiff_exp": 0.31289090768715627,
            "prevdiff_hdi": [
                -0.16565413570857923,
                0.7509981613690886
            ],
            "prevdiff_prob": 0.89,
            "powdiff_exp": 0.1621383603461336,
            "powdiff_hdi": [
                -0.18086194571356107,
                0.4533210470121996
            ],
            "powdiff_prob": 0.8428
        },
        "binom": {
            "prevdiff_exp": 0.28415501560268175,
            "prevdiff_hdi": [
                -0.3418700184273562,
                0.8740334268642953
            ],
            "prevdiff_prob": 0.8142,
            "powdiff_exp": 0.25780556036895996,
            "powdiff_hdi": [
                -0.32330480728412214,
                0.836248841650578
            ],
            "powdiff_prob": 0.7996
        },
        "pval_group": 0.005859375,
        "frac_H1_rej": 0.43333333333333335
    },
    "increase_pow": {
        "pcurve": {
            "prevdiff_exp": -0.04390714151749108,
            "prevdiff_hdi": [
                -0.5268880760606293,
                0.44686415130121526
            ],
            "prevdiff_prob": 0.4326,
            "powdiff_exp": 0.3351790785252555,
            "powdiff_hdi": [
                -0.06912587059299802,
                0.6979143588345768
            ],
            "powdiff_prob": 0.9388
        },
        "binom": {
            "prevdiff_exp": 0.24097287371020526,
            "prevdiff_hdi": [
                -0.41716178060129705,
                0.8418346277182667
            ],
            "prevdiff_prob": 0.7812,
            "powdiff_exp": 0.20371610974414417,
            "powdiff_hdi": [
                -0.40656218537683375,
                0.7823195103131289
            ],
            "powdiff_prob": 0.7606
        },
        "pval_group": 0.4365234375,
        "frac_H1_rej": 1.0
    },
    "baseline": {
        "frac_H1_rej": 0.25
    }
}