{
    "increase_prev": {
        "pcurve": {
            "prevdiff_exp": 0.33353745565874676,
            "prevdiff_hdi": [
                -0.11078966395461365,
                0.771378911207804
            ],
            "prevdiff_prob": 0.9094,
            "powdiff_exp": 0.201591752135722,
            "powdiff_hdi": [
                -0.12842730941347696,
                0.5071515412627245
            ],
            "powdiff_prob": 0.8826
        },
        "binom": {
            "prevdiff_exp": 0.2226889895403626,
            "prevdiff_hdi": [
                -0.3605755328540975,
                0.7810150693148055
            ],
            "prevdiff_prob": 0.7698,
            "powdiff_exp": 0.20430179306025814,
            "powdiff_hdi": [
                -0.3659388742499372,
                0.7235969266582232
            ],
            "powdiff_prob": 0.7584
        },
        "pval_group": 0.0048828125,
        "frac_H1_rej": 0.5
    },
    "increase_pow": {
        "pcurve": {
            "prevdiff_exp": 0.1246842779696777,
            "prevdiff_hdi": [
                -0.34284238954402957,
                0.5719995021161572
            ],
            "prevdiff_prob": 0.7028,
            "powdiff_exp": 0.3795145927186088,
            "powdiff_hdi": [
                0.02841134356767616,
                0.6896882487101428
            ],
            "powdiff_prob": 0.9716
        },
        "binom": {
            "prevdiff_exp": 0.24069729589869504,
            "prevdiff_hdi": [
                -0.3410728119937153,
                0.7668833485590058
            ],
            "prevdiff_prob": 0.7808,
            "powdiff_exp": 0.22708188773205903,
            "powdiff_hdi": [
                -0.3226554230284957,
                0.7416846982553135
            ],
            "powdiff_prob": 0.779
        },
        "pval_group": 0.5205078125,
        "frac_H1_rej": 1.0
    },
    "baseline": {
        "frac_H1_rej": 0.42857142857142855
    }
}