{
    "increase_prev": {
        "pcurve": {
            "prevdiff_exp": 0.22560267491626282,
            "prevdiff_hdi": [
                -0.11727008069889788,
                0.5826141364889786
            ],
            "prevdiff_prob": 0.8952,
            "powdiff_exp": 0.14959464165132041,
            "powdiff_hdi": [
                -0.14551700518218508,
                0.4087858682378295
            ],
            "powdiff_prob": 0.8564
        },
        "binom": {
            "prevdiff_exp": 0.18046167823609374,
            "prevdiff_hdi": [
                -0.3015282729853014,
                0.6642888178019241
            ],
            "prevdiff_prob": 0.7468,
            "powdiff_exp": 0.17031926504630587,
            "powdiff_hdi": [
                -0.27237608769535215,
                0.6396198885459088
            ],
            "powdiff_prob": 0.7492
        },
        "pval_group": 0.005859375,
        "frac_H1_rej": 0.6
    },
    "increase_pow": {
        "pcurve": {
            "prevdiff_exp": -0.29125972777933395,
            "prevdiff_hdi": [
                -0.6729748433631897,
                0.08910122349625926
            ],
            "prevdiff_prob": 0.0814,
            "powdiff_exp": 0.3174960894952085,
            "powdiff_hdi": [
                -0.04705132164614384,
                0.6671094559838696
            ],
            "powdiff_prob": 0.9454
        },
        "binom": {
            "prevdiff_exp": -0.0268860244431382,
            "prevdiff_hdi": [
                -0.6035178722204599,
                0.550831554498189
            ],
            "prevdiff_prob": 0.4622,
            "powdiff_exp": -0.025287244395042426,
            "powdiff_hdi": [
                -0.5806730655455874,
                0.5496732157516877
            ],
            "powdiff_prob": 0.461
        },
        "pval_group": 0.9794921875,
        "frac_H1_rej": 0.8
    },
    "baseline": {
        "frac_H1_rej": 0.7142857142857143
    }
}