{
    "increase_prev": {
        "pcurve": {
            "prevdiff_exp": 0.3316722716087549,
            "prevdiff_hdi": [
                -0.04287751300258158,
                0.7303692537389903
            ],
            "prevdiff_prob": 0.9426,
            "powdiff_exp": 0.10602010943698094,
            "powdiff_hdi": [
                -0.25019532289426166,
                0.3865768676407817
            ],
            "powdiff_prob": 0.7524
        },
        "binom": {
            "prevdiff_exp": 0.08416597694030455,
            "prevdiff_hdi": [
                -0.524650119485932,
                0.6720343787907468
            ],
            "prevdiff_prob": 0.6084,
            "powdiff_exp": 0.07251734820289443,
            "powdiff_hdi": [
                -0.4931761968061457,
                0.63541072855389
            ],
            "powdiff_prob": 0.5994
        },
        "pval_group": 0.005859375,
        "frac_H1_rej": 0.39285714285714285
    },
    "increase_pow": {
        "pcurve": {
            "prevdiff_exp": -0.1320010841733354,
            "prevdiff_hdi": [
                -0.5874379406218482,
                0.2998176158194113
            ],
            "prevdiff_prob": 0.302,
            "powdiff_exp": 0.32436317393551506,
            "powdiff_hdi": [
                -0.0698227758990726,
                0.677029399199223
            ],
            "powdiff_prob": 0.9356
        },
        "binom": {
            "prevdiff_exp": 0.08416597694030455,
            "prevdiff_hdi": [
                -0.524650119485932,
                0.6720343787907468
            ],
            "prevdiff_prob": 0.6084,
            "powdiff_exp": 0.07251734820289443,
            "powdiff_hdi": [
                -0.4931761968061457,
                0.63541072855389
            ],
            "powdiff_prob": 0.5994
        },
        "pval_group": 0.9169921875,
        "frac_H1_rej": 0.7692307692307693
    },
    "baseline": {
        "frac_H1_rej": 0.6
    }
}