{
    "increase_prev": {
        "pcurve": {
            "prevdiff_exp": 0.5857310824786878,
            "prevdiff_hdi": [
                0.2220713249305971,
                0.8780677533540223
            ],
            "prevdiff_prob": 0.9972,
            "powdiff_exp": 0.047665195880309146,
            "powdiff_hdi": [
                -0.3571620682861767,
                0.43640408711270995
            ],
            "powdiff_prob": 0.587
        },
        "binom": {
            "prevdiff_exp": 0.198630845170522,
            "prevdiff_hdi": [
                -0.35708615240591746,
                0.7424931583026386
            ],
            "prevdiff_prob": 0.7498,
            "powdiff_exp": 0.20289068730660423,
            "powdiff_hdi": [
                -0.3435128745420697,
                0.6837769918460008
            ],
            "powdiff_prob": 0.7638
        },
        "pval_group": 0.0048828125,
        "frac_H1_rej": 0.5172413793103449
    },
    "increase_pow": {
        "pcurve": {
            "prevdiff_exp": 0.21081640582247355,
            "prevdiff_hdi": [
                -0.2227272408134927,
                0.5900458209819606
            ],
            "prevdiff_prob": 0.8584,
            "powdiff_exp": 0.16754565455196815,
            "powdiff_hdi": [
                -0.28293706373148975,
                0.6351112784585886
            ],
            "powdiff_prob": 0.7626
        },
        "binom": {
            "prevdiff_exp": 0.15831400053208444,
            "prevdiff_hdi": [
                -0.469517779582702,
                0.6818685071085399
            ],
            "prevdiff_prob": 0.7046,
            "powdiff_exp": 0.15581952481442546,
            "powdiff_hdi": [
                -0.43760014099573424,
                0.6699355663760868
            ],
            "powdiff_prob": 0.7052
        },
        "pval_group": 0.525390625,
        "frac_H1_rej": 1.0
    },
    "baseline": {
        "frac_H1_rej": 0.46153846153846156
    }
}