{
    "increase_prev": {
        "pcurve": {
            "prevdiff_exp": 0.3521617607201921,
            "prevdiff_hdi": [
                0.011191462745453351,
                0.6835118686386776
            ],
            "prevdiff_prob": 0.9772,
            "powdiff_exp": 0.08338004924946231,
            "powdiff_hdi": [
                -0.22647368069894874,
                0.37693614508660395
            ],
            "powdiff_prob": 0.7068
        },
        "binom": {
            "prevdiff_exp": 0.20490463802317926,
            "prevdiff_hdi": [
                -0.3165248470603046,
                0.7265634478988441
            ],
            "prevdiff_prob": 0.7504,
            "powdiff_exp": 0.21902800511229717,
            "powdiff_hdi": [
                -0.28825511090028877,
                0.6914733754110773
            ],
            "powdiff_prob": 0.7832
        },
        "pval_group": 0.001953125,
        "frac_H1_rej": 0.5666666666666667
    },
    "increase_pow": {
        "pcurve": {
            "prevdiff_exp": -0.06267385796663513,
            "prevdiff_hdi": [
                -0.47289607919992915,
                0.35402639591411594
            ],
            "prevdiff_prob": 0.3894,
            "powdiff_exp": 0.213676671644238,
            "powdiff_hdi": [
                -0.16410782510676192,
                0.5628516335357575
            ],
            "powdiff_prob": 0.8662
        },
        "binom": {
            "prevdiff_exp": 0.12734811883278113,
            "prevdiff_hdi": [
                -0.44697379344167426,
                0.6973820359212584
            ],
            "prevdiff_prob": 0.6726,
            "powdiff_exp": 0.12660679882771023,
            "powdiff_hdi": [
                -0.4375004499379109,
                0.6411227405304529
            ],
            "powdiff_prob": 0.6734
        },
        "pval_group": 0.6826171875,
        "frac_H1_rej": 0.9285714285714286
    },
    "baseline": {
        "frac_H1_rej": 0.4166666666666667
    }
}