{
    "increase_prev": {
        "pcurve": {
            "prevdiff_exp": 0.2440458023065463,
            "prevdiff_hdi": [
                -0.16347182283567607,
                0.6146637007804263
            ],
            "prevdiff_prob": 0.8814,
            "powdiff_exp": 0.05243418806383811,
            "powdiff_hdi": [
                -0.2924297674929547,
                0.3762394832577279
            ],
            "powdiff_prob": 0.6232
        },
        "binom": {
            "prevdiff_exp": 0.13928078958962978,
            "prevdiff_hdi": [
                -0.43925150533188306,
                0.7378011009685618
            ],
            "prevdiff_prob": 0.6808,
            "powdiff_exp": 0.12866034020608225,
            "powdiff_hdi": [
                -0.43529067522658765,
                0.6778648915381699
            ],
            "powdiff_prob": 0.68
        },
        "pval_group": 0.0068359375,
        "frac_H1_rej": 0.41379310344827586
    },
    "increase_pow": {
        "pcurve": {
            "prevdiff_exp": 0.15891340289126868,
            "prevdiff_hdi": [
                -0.22363342897807914,
                0.5114269658046271
            ],
            "prevdiff_prob": 0.8008,
            "powdiff_exp": 0.3194688469216193,
            "powdiff_hdi": [
                0.010553042970525284,
                0.6319772227713215
            ],
            "powdiff_prob": 0.9694
        },
        "binom": {
            "prevdiff_exp": 0.26283736072787695,
            "prevdiff_hdi": [
                -0.2882583031759345,
                0.7353424429797546
            ],
            "prevdiff_prob": 0.8166,
            "powdiff_exp": 0.2584216677882076,
            "powdiff_hdi": [
                -0.22983240770080904,
                0.7310518251192848
            ],
            "powdiff_prob": 0.8218
        },
        "pval_group": 0.0546875,
        "frac_H1_rej": 1.0
    },
    "baseline": {
        "frac_H1_rej": 0.38461538461538464
    }
}