{
    "increase_prev": {
        "pcurve": {
            "prevdiff_exp": 0.37717442935029794,
            "prevdiff_hdi": [
                -0.08574852091776863,
                0.8476525579262159
            ],
            "prevdiff_prob": 0.9258,
            "powdiff_exp": 0.22530592086745274,
            "powdiff_hdi": [
                -0.10410072055869402,
                0.5141883760460078
            ],
            "powdiff_prob": 0.9098
        },
        "binom": {
            "prevdiff_exp": 0.25769909171974875,
            "prevdiff_hdi": [
                -0.37303199111269214,
                0.8166293287071859
            ],
            "prevdiff_prob": 0.7928,
            "powdiff_exp": 0.2453786490238711,
            "powdiff_hdi": [
                -0.34456291192190425,
                0.771228693050741
            ],
            "powdiff_prob": 0.7932
        },
        "pval_group": 0.0009765625,
        "frac_H1_rej": 0.4666666666666667
    },
    "increase_pow": {
        "pcurve": {
            "prevdiff_exp": 0.18302377339729914,
            "prevdiff_hdi": [
                -0.2921780252052869,
                0.6516746325368311
            ],
            "prevdiff_prob": 0.7366,
            "powdiff_exp": 0.492295688964685,
            "powdiff_hdi": [
                0.16794591713491125,
                0.7723928501042865
            ],
            "powdiff_prob": 0.9902
        },
        "binom": {
            "prevdiff_exp": 0.35511012887856314,
            "prevdiff_hdi": [
                -0.20588124458997492,
                0.8461788116823477
            ],
            "prevdiff_prob": 0.8636,
            "powdiff_exp": 0.35098791043688116,
            "powdiff_hdi": [
                -0.22356966656867416,
                0.8045328741841651
            ],
            "powdiff_prob": 0.877
        },
        "pval_group": 0.0087890625,
        "frac_H1_rej": 1.0
    },
    "baseline": {
        "frac_H1_rej": 0.25
    }
}