{
    "increase_prev": {
        "pcurve": {
            "prevdiff_exp": 0.3080174461328012,
            "prevdiff_hdi": [
                -0.05938395569008925,
                0.7124387025839307
            ],
            "prevdiff_prob": 0.9322,
            "powdiff_exp": 0.033458936541489015,
            "powdiff_hdi": [
                -0.2597551941022183,
                0.32191450568874824
            ],
            "powdiff_prob": 0.6024
        },
        "binom": {
            "prevdiff_exp": 0.11513185863960784,
            "prevdiff_hdi": [
                -0.5019513351207843,
                0.6834897525314664
            ],
            "prevdiff_prob": 0.6508,
            "powdiff_exp": 0.10173007418960968,
            "powdiff_hdi": [
                -0.48776414028681725,
                0.6403295760368541
            ],
            "powdiff_prob": 0.642
        },
        "pval_group": 0.0068359375,
        "frac_H1_rej": 0.3793103448275862
    },
    "increase_pow": {
        "pcurve": {
            "prevdiff_exp": 0.00020021409133968442,
            "prevdiff_hdi": [
                -0.38670461401622697,
                0.41583534526570587
            ],
            "prevdiff_prob": 0.5044,
            "powdiff_exp": 0.38181490945725,
            "powdiff_hdi": [
                0.07811356457672303,
                0.6857708263230364
            ],
            "powdiff_prob": 0.9842
        },
        "binom": {
            "prevdiff_exp": 0.198630845170522,
            "prevdiff_hdi": [
                -0.35708615240591746,
                0.7424931583026386
            ],
            "prevdiff_prob": 0.7498,
            "powdiff_exp": 0.20289068730660423,
            "powdiff_hdi": [
                -0.3435128745420697,
                0.6837769918460008
            ],
            "powdiff_prob": 0.7638
        },
        "pval_group": 0.2470703125,
        "frac_H1_rej": 1.0
    },
    "baseline": {
        "frac_H1_rej": 0.6363636363636364
    }
}