{
    "increase_prev": {
        "pcurve": {
            "prevdiff_exp": 0.3492548552938819,
            "prevdiff_hdi": [
                -0.08913686402403975,
                0.7980400598271908
            ],
            "prevdiff_prob": 0.9202,
            "powdiff_exp": 0.18212415420515896,
            "powdiff_hdi": [
                -0.1333494436065722,
                0.4618043571911999
            ],
            "powdiff_prob": 0.8846
        },
        "binom": {
            "prevdiff_exp": 0.2226889895403626,
            "prevdiff_hdi": [
                -0.3605755328540975,
                0.7810150693148055
            ],
            "prevdiff_prob": 0.7698,
            "powdiff_exp": 0.20430179306025814,
            "powdiff_hdi": [
                -0.3659388742499372,
                0.7235969266582232
            ],
            "powdiff_prob": 0.7584
        },
        "pval_group": 0.0205078125,
        "frac_H1_rej": 0.4666666666666667
    },
    "increase_pow": {
        "pcurve": {
            "prevdiff_exp": -0.10001547928821286,
            "prevdiff_hdi": [
                -0.5686382609718135,
                0.3369317822836455
            ],
            "prevdiff_prob": 0.361,
            "powdiff_exp": 0.4648401027801596,
            "powdiff_hdi": [
                0.1325525598863163,
                0.778757302558482
            ],
            "powdiff_prob": 0.986
        },
        "binom": {
            "prevdiff_exp": 0.18134724031780283,
            "prevdiff_hdi": [
                -0.41085524822389996,
                0.7829015215454744
            ],
            "prevdiff_prob": 0.7148,
            "powdiff_exp": 0.15285154063153705,
            "powdiff_hdi": [
                -0.44046063338073094,
                0.694930345960663
            ],
            "powdiff_prob": 0.7082
        },
        "pval_group": 0.919921875,
        "frac_H1_rej": 1.0
    },
    "baseline": {
        "frac_H1_rej": 0.4
    }
}