{
    "increase_prev": {
        "pcurve": {
            "prevdiff_exp": 0.3697624458145168,
            "prevdiff_hdi": [
                -0.038464553849518524,
                0.7334958101508052
            ],
            "prevdiff_prob": 0.9578,
            "powdiff_exp": -0.12294987042328805,
            "powdiff_hdi": [
                -0.45265953827925504,
                0.20441982811491388
            ],
            "powdiff_prob": 0.2416
        },
        "binom": {
            "prevdiff_exp": 0.0,
            "prevdiff_hdi": [
                0.0,
                0.0
            ],
            "prevdiff_prob": 0.0,
            "powdiff_exp": 0.0,
            "powdiff_hdi": [
                0.0,
                0.0
            ],
            "powdiff_prob": 0.0
        },
        "pval_group": 0.0966796875,
        "frac_H1_rej": 0.2692307692307692
    },
    "increase_pow": {
        "pcurve": {
            "prevdiff_exp": 0.044714629291495576,
            "prevdiff_hdi": [
                -0.32423148630032256,
                0.4155164031229863
            ],
            "prevdiff_prob": 0.6014,
            "powdiff_exp": 0.2568762666129772,
            "powdiff_hdi": [
                -0.11763193732867527,
                0.6060479218415654
            ],
            "powdiff_prob": 0.9074
        },
        "binom": {
            "prevdiff_exp": 0.15831400053208444,
            "prevdiff_hdi": [
                -0.469517779582702,
                0.6818685071085399
            ],
            "prevdiff_prob": 0.7046,
            "powdiff_exp": 0.15581952481442546,
            "powdiff_hdi": [
                -0.43760014099573424,
                0.6699355663760868
            ],
            "powdiff_prob": 0.7052
        },
        "pval_group": 0.7021484375,
        "frac_H1_rej": 1.0
    },
    "baseline": {
        "frac_H1_rej": 0.4666666666666667
    }
}