{
    "increase_prev": {
        "pcurve": {
            "prevdiff_exp": 0.37435742295316976,
            "prevdiff_hdi": [
                -0.08588011963991071,
                0.8745489456650983
            ],
            "prevdiff_prob": 0.9068,
            "powdiff_exp": 0.21735130168840305,
            "powdiff_hdi": [
                -0.15791456504220308,
                0.5076182406086662
            ],
            "powdiff_prob": 0.9024
        },
        "binom": {
            "prevdiff_exp": 0.3064635538827869,
            "prevdiff_hdi": [
                -0.2926156947245093,
                0.88378821185497
            ],
            "prevdiff_prob": 0.8314,
            "powdiff_exp": 0.28209662818933784,
            "powdiff_hdi": [
                -0.31577931243627455,
                0.8185412216143229
            ],
            "powdiff_prob": 0.8182
        },
        "pval_group": 0.0068359375,
        "frac_H1_rej": 0.5
    },
    "increase_pow": {
        "pcurve": {
            "prevdiff_exp": 0.24258345928075387,
            "prevdiff_hdi": [
                -0.2684580774107006,
                0.7628808353881922
            ],
            "prevdiff_prob": 0.7768,
            "powdiff_exp": 0.41010840195383896,
            "powdiff_hdi": [
                0.03355256812473195,
                0.716802782989296
            ],
            "powdiff_prob": 0.964
        },
        "binom": {
            "prevdiff_exp": 0.36171153479307994,
            "prevdiff_hdi": [
                -0.2584554234046436,
                0.8554750833697035
            ],
            "prevdiff_prob": 0.8624,
            "powdiff_exp": 0.3502267666535469,
            "powdiff_hdi": [
                -0.19471822186183885,
                0.8555260047364527
            ],
            "powdiff_prob": 0.8682
        },
        "pval_group": 0.009765625,
        "frac_H1_rej": 1.0
    },
    "baseline": {
        "frac_H1_rej": 0.3076923076923077
    }
}