{
    "increase_prev": {
        "pcurve": {
            "prevdiff_exp": 0.3616030291657047,
            "prevdiff_hdi": [
                -0.03514948428014808,
                0.7297526060973388
            ],
            "prevdiff_prob": 0.9506,
            "powdiff_exp": -0.02622862844662499,
            "powdiff_hdi": [
                -0.3892963973351781,
                0.3237786932570754
            ],
            "powdiff_prob": 0.4542
        },
        "binom": {
            "prevdiff_exp": 0.0837911315409848,
            "prevdiff_hdi": [
                -0.4678493899759329,
                0.674501780275422
            ],
            "prevdiff_prob": 0.6114,
            "powdiff_exp": 0.06584518185922297,
            "powdiff_hdi": [
                -0.49862899932598376,
                0.599270978656073
            ],
            "powdiff_prob": 0.5892
        },
        "pval_group": 0.0498046875,
        "frac_H1_rej": 0.41379310344827586
    },
    "increase_pow": {
        "pcurve": {
            "prevdiff_exp": 0.0829015753763432,
            "prevdiff_hdi": [
                -0.34188590175088684,
                0.4441435443898817
            ],
            "prevdiff_prob": 0.6778,
            "powdiff_exp": 0.30214081209555743,
            "powdiff_hdi": [
                -0.0572824870044184,
                0.6358897366816543
            ],
            "powdiff_prob": 0.9432
        },
        "binom": {
            "prevdiff_exp": 0.1642448374326108,
            "prevdiff_hdi": [
                -0.3787641881454532,
                0.6650928293874636
            ],
            "prevdiff_prob": 0.718,
            "powdiff_exp": 0.15832308140783743,
            "powdiff_hdi": [
                -0.3787338833513173,
                0.6140403466343308
            ],
            "powdiff_prob": 0.717
        },
        "pval_group": 0.041015625,
        "frac_H1_rej": 0.9375
    },
    "baseline": {
        "frac_H1_rej": 0.5384615384615384
    }
}