{
    "increase_prev": {
        "pcurve": {
            "prevdiff_exp": 0.43342580245376905,
            "prevdiff_hdi": [
                0.06457379636581562,
                0.7713315372864935
            ],
            "prevdiff_prob": 0.9826,
            "powdiff_exp": 0.0541783494034423,
            "powdiff_hdi": [
                -0.2897755561238448,
                0.3756988059210535
            ],
            "powdiff_prob": 0.6258
        },
        "binom": {
            "prevdiff_exp": 0.12513288076354456,
            "prevdiff_hdi": [
                -0.42172648575651617,
                0.6718849915044207
            ],
            "prevdiff_prob": 0.665,
            "powdiff_exp": 0.11729543428794409,
            "powdiff_hdi": [
                -0.413050403286488,
                0.620603806694966
            ],
            "powdiff_prob": 0.6636
        },
        "pval_group": 0.005859375,
        "frac_H1_rej": 0.4666666666666667
    },
    "increase_pow": {
        "pcurve": {
            "prevdiff_exp": 0.06719350419132877,
            "prevdiff_hdi": [
                -0.3491285857327547,
                0.43831588105787
            ],
            "prevdiff_prob": 0.6496,
            "powdiff_exp": 0.3241721977555935,
            "powdiff_hdi": [
                -0.008906023076610592,
                0.6814492942391381
            ],
            "powdiff_prob": 0.9588
        },
        "binom": {
            "prevdiff_exp": 0.12513288076354456,
            "prevdiff_hdi": [
                -0.42172648575651617,
                0.6718849915044207
            ],
            "prevdiff_prob": 0.665,
            "powdiff_exp": 0.11729543428794409,
            "powdiff_hdi": [
                -0.413050403286488,
                0.620603806694966
            ],
            "powdiff_prob": 0.6636
        },
        "pval_group": 0.10546875,
        "frac_H1_rej": 1.0
    },
    "baseline": {
        "frac_H1_rej": 0.5714285714285714
    }
}