{
    "increase_prev": {
        "pcurve": {
            "prevdiff_exp": 0.4009309046420475,
            "prevdiff_hdi": [
                0.12283261254173283,
                0.6698802598446629
            ],
            "prevdiff_prob": 0.9962,
            "powdiff_exp": -0.13312335851806975,
            "powdiff_hdi": [
                -0.4140146974217712,
                0.15043663997903123
            ],
            "powdiff_prob": 0.176
        },
        "binom": {
            "prevdiff_exp": 0.02230853828010513,
            "prevdiff_hdi": [
                -0.4794150362642802,
                0.5182624677167094
            ],
            "prevdiff_prob": 0.5346,
            "powdiff_exp": 0.024291067820377883,
            "powdiff_hdi": [
                -0.4371387741448465,
                0.4943072628841238
            ],
            "powdiff_prob": 0.5456
        },
        "pval_group": 0.1064453125,
        "frac_H1_rej": 0.5
    },
    "increase_pow": {
        "pcurve": {
            "prevdiff_exp": -0.06359955956113783,
            "prevdiff_hdi": [
                -0.41371308100338333,
                0.3095204498586955
            ],
            "prevdiff_prob": 0.3484,
            "powdiff_exp": 0.06395182895471674,
            "powdiff_hdi": [
                -0.30565316141082477,
                0.43674112383829977
            ],
            "powdiff_prob": 0.6348
        },
        "binom": {
            "prevdiff_exp": -0.07593831804030124,
            "prevdiff_hdi": [
                -0.6392587784957917,
                0.4528953504873372
            ],
            "prevdiff_prob": 0.3846,
            "powdiff_exp": -0.06771712207252378,
            "powdiff_hdi": [
                -0.578103814261549,
                0.4459913947960648
            ],
            "powdiff_prob": 0.3962
        },
        "pval_group": 0.75,
        "frac_H1_rej": 1.0
    },
    "baseline": {
        "frac_H1_rej": 0.8461538461538461
    }
}