{
    "increase_prev": {
        "pcurve": {
            "prevdiff_exp": 0.2663341559128405,
            "prevdiff_hdi": [
                -0.18757360394765832,
                0.7273483674580105
            ],
            "prevdiff_prob": 0.8396,
            "powdiff_exp": 0.1363580746370996,
            "powdiff_hdi": [
                -0.23397349321271566,
                0.47311406716998927
            ],
            "powdiff_prob": 0.7928
        },
        "binom": {
            "prevdiff_exp": 0.2226889895403626,
            "prevdiff_hdi": [
                -0.3605755328540975,
                0.7810150693148055
            ],
            "prevdiff_prob": 0.7698,
            "powdiff_exp": 0.20430179306025814,
            "powdiff_hdi": [
                -0.3659388742499372,
                0.7235969266582232
            ],
            "powdiff_prob": 0.7584
        },
        "pval_group": 0.0078125,
        "frac_H1_rej": 0.5
    },
    "increase_pow": {
        "pcurve": {
            "prevdiff_exp": -0.014394595752487077,
            "prevdiff_hdi": [
                -0.47912000937164667,
                0.4575485791641824
            ],
            "prevdiff_prob": 0.4854,
            "powdiff_exp": 0.359867083356568,
            "powdiff_hdi": [
                -0.04412026368852634,
                0.6763534907087935
            ],
            "powdiff_prob": 0.952
        },
        "binom": {
            "prevdiff_exp": 0.2226889895403626,
            "prevdiff_hdi": [
                -0.3605755328540975,
                0.7810150693148055
            ],
            "prevdiff_prob": 0.7698,
            "powdiff_exp": 0.20430179306025814,
            "powdiff_hdi": [
                -0.3659388742499372,
                0.7235969266582232
            ],
            "powdiff_prob": 0.7584
        },
        "pval_group": 0.60546875,
        "frac_H1_rej": 1.0
    },
    "baseline": {
        "frac_H1_rej": 0.38461538461538464
    }
}