{
    "increase_prev": {
        "pcurve": {
            "prevdiff_exp": 0.44351037556863887,
            "prevdiff_hdi": [
                0.0064206813788991735,
                0.8053048396047454
            ],
            "prevdiff_prob": 0.9718,
            "powdiff_exp": 0.03296577501042802,
            "powdiff_hdi": [
                -0.3668628602402174,
                0.40356926258612047
            ],
            "powdiff_prob": 0.5808
        },
        "binom": {
            "prevdiff_exp": 0.14965665711288625,
            "prevdiff_hdi": [
                -0.4163530545531227,
                0.6808775977880356
            ],
            "prevdiff_prob": 0.6946,
            "powdiff_exp": 0.15089786664808813,
            "powdiff_hdi": [
                -0.37586251276460314,
                0.6580555930080574
            ],
            "powdiff_prob": 0.7124
        },
        "pval_group": 0.0029296875,
        "frac_H1_rej": 0.5
    },
    "increase_pow": {
        "pcurve": {
            "prevdiff_exp": 0.07739492215680059,
            "prevdiff_hdi": [
                -0.3711070396740236,
                0.49572627999828767
            ],
            "prevdiff_prob": 0.657,
            "powdiff_exp": 0.24593185383239752,
            "powdiff_hdi": [
                -0.17698631355768568,
                0.6471855521529088
            ],
            "powdiff_prob": 0.8542
        },
        "binom": {
            "prevdiff_exp": 0.12734811883278113,
            "prevdiff_hdi": [
                -0.44697379344167426,
                0.6973820359212584
            ],
            "prevdiff_prob": 0.6726,
            "powdiff_exp": 0.12660679882771023,
            "powdiff_hdi": [
                -0.4375004499379109,
                0.6411227405304529
            ],
            "powdiff_prob": 0.6734
        },
        "pval_group": 0.333984375,
        "frac_H1_rej": 1.0
    },
    "baseline": {
        "frac_H1_rej": 0.7272727272727273
    }
}