{
    "increase_prev": {
        "pcurve": {
            "prevdiff_exp": 0.2214126378577887,
            "prevdiff_hdi": [
                -0.12685419702989098,
                0.6361643985312723
            ],
            "prevdiff_prob": 0.8644,
            "powdiff_exp": 0.09274467402504838,
            "powdiff_hdi": [
                -0.2078725351075656,
                0.35830861983294976
            ],
            "powdiff_prob": 0.7562
        },
        "binom": {
            "prevdiff_exp": 0.198630845170522,
            "prevdiff_hdi": [
                -0.35708615240591746,
                0.7424931583026386
            ],
            "prevdiff_prob": 0.7498,
            "powdiff_exp": 0.20289068730660423,
            "powdiff_hdi": [
                -0.3435128745420697,
                0.6837769918460008
            ],
            "powdiff_prob": 0.7638
        },
        "pval_group": 0.005859375,
        "frac_H1_rej": 0.5
    },
    "increase_pow": {
        "pcurve": {
            "prevdiff_exp": -0.07367354231764216,
            "prevdiff_hdi": [
                -0.46489505284081,
                0.3670025697475982
            ],
            "prevdiff_prob": 0.3584,
            "powdiff_exp": 0.3498158324261095,
            "powdiff_hdi": [
                0.028106411275276355,
                0.6318339291621776
            ],
            "powdiff_prob": 0.974
        },
        "binom": {
            "prevdiff_exp": 0.21973449548125581,
            "prevdiff_hdi": [
                -0.30980099292335084,
                0.7544558410625096
            ],
            "prevdiff_prob": 0.77,
            "powdiff_exp": 0.22113823975469668,
            "powdiff_hdi": [
                -0.30797679955732404,
                0.7019687913977307
            ],
            "powdiff_prob": 0.7838
        },
        "pval_group": 0.478515625,
        "frac_H1_rej": 1.0
    },
    "baseline": {
        "frac_H1_rej": 0.4117647058823529
    }
}