{
    "increase_prev": {
        "pcurve": {
            "prevdiff_exp": 0.31478245212413586,
            "prevdiff_hdi": [
                -0.07167110850367486,
                0.6956182222370344
            ],
            "prevdiff_prob": 0.9308,
            "powdiff_exp": 0.05560754966049357,
            "powdiff_hdi": [
                -0.3091148092704558,
                0.37173661313094664
            ],
            "powdiff_prob": 0.6546
        },
        "binom": {
            "prevdiff_exp": 0.10831490789032648,
            "prevdiff_hdi": [
                -0.5019099045829167,
                0.6588128193176792
            ],
            "prevdiff_prob": 0.6384,
            "powdiff_exp": 0.09944761421936701,
            "powdiff_hdi": [
                -0.46053350532630905,
                0.6248992146799097
            ],
            "powdiff_prob": 0.6358
        },
        "pval_group": 0.013671875,
        "frac_H1_rej": 0.41379310344827586
    },
    "increase_pow": {
        "pcurve": {
            "prevdiff_exp": -0.044067692185154377,
            "prevdiff_hdi": [
                -0.46233643368809185,
                0.37652230584609103
            ],
            "prevdiff_prob": 0.4294,
            "powdiff_exp": 0.2864916108071471,
            "powdiff_hdi": [
                -0.08598939791291049,
                0.6477502127697609
            ],
            "powdiff_prob": 0.9202
        },
        "binom": {
            "prevdiff_exp": 0.14965665711288625,
            "prevdiff_hdi": [
                -0.4163530545531227,
                0.6808775977880356
            ],
            "prevdiff_prob": 0.6946,
            "powdiff_exp": 0.15089786664808813,
            "powdiff_hdi": [
                -0.37586251276460314,
                0.6580555930080574
            ],
            "powdiff_prob": 0.7124
        },
        "pval_group": 0.4150390625,
        "frac_H1_rej": 1.0
    },
    "baseline": {
        "frac_H1_rej": 0.5
    }
}