{
    "increase_prev": {
        "pcurve": {
            "prevdiff_exp": 0.3273484191474384,
            "prevdiff_hdi": [
                -0.05458515655340124,
                0.7308636225391887
            ],
            "prevdiff_prob": 0.951,
            "powdiff_exp": 0.2202759674435031,
            "powdiff_hdi": [
                -0.0494792754411717,
                0.48964349249958955
            ],
            "powdiff_prob": 0.932
        },
        "binom": {
            "prevdiff_exp": 0.23539055343964366,
            "prevdiff_hdi": [
                -0.3895634657335083,
                0.8322231647154883
            ],
            "prevdiff_prob": 0.7636,
            "powdiff_exp": 0.2210875812034932,
            "powdiff_hdi": [
                -0.39070904803429296,
                0.7636319710329034
            ],
            "powdiff_prob": 0.7692
        },
        "pval_group": 0.001953125,
        "frac_H1_rej": 0.43333333333333335
    },
    "increase_pow": {
        "pcurve": {
            "prevdiff_exp": 0.06032064399982489,
            "prevdiff_hdi": [
                -0.3316466231613501,
                0.5082748114134634
            ],
            "prevdiff_prob": 0.5806,
            "powdiff_exp": 0.565228007429916,
            "powdiff_hdi": [
                0.2945366407612041,
                0.7969620956046473
            ],
            "powdiff_prob": 0.9984
        },
        "binom": {
            "prevdiff_exp": 0.37723056880571576,
            "prevdiff_hdi": [
                -0.19135458042020792,
                0.8564133944520281
            ],
            "prevdiff_prob": 0.8816,
            "powdiff_exp": 0.36401811023946373,
            "powdiff_hdi": [
                -0.16665481758781164,
                0.8362879644991684
            ],
            "powdiff_prob": 0.883
        },
        "pval_group": 0.033203125,
        "frac_H1_rej": 1.0
    },
    "baseline": {
        "frac_H1_rej": 0.4166666666666667
    }
}