{
    "increase_prev": {
        "pcurve": {
            "prevdiff_exp": 0.254878592706721,
            "prevdiff_hdi": [
                -0.12075970871681596,
                0.6282647270128925
            ],
            "prevdiff_prob": 0.902,
            "powdiff_exp": 0.13196270717610378,
            "powdiff_hdi": [
                -0.18104861554282375,
                0.4249685957108145
            ],
            "powdiff_prob": 0.7988
        },
        "binom": {
            "prevdiff_exp": 0.10282434248343943,
            "prevdiff_hdi": [
                -0.46391285844393804,
                0.640850572071314
            ],
            "prevdiff_prob": 0.6488,
            "powdiff_exp": 0.0930043664675662,
            "powdiff_hdi": [
                -0.43314687785795697,
                0.619064719114842
            ],
            "powdiff_prob": 0.6322
        },
        "pval_group": 0.013671875,
        "frac_H1_rej": 0.48148148148148145
    },
    "increase_pow": {
        "pcurve": {
            "prevdiff_exp": -0.06514572825908656,
            "prevdiff_hdi": [
                -0.4392726420770265,
                0.32766283263633467
            ],
            "prevdiff_prob": 0.3812,
            "powdiff_exp": 0.38416288853333624,
            "powdiff_hdi": [
                0.054537340989652905,
                0.676589052935916
            ],
            "powdiff_prob": 0.9858
        },
        "binom": {
            "prevdiff_exp": 0.12513288076354456,
            "prevdiff_hdi": [
                -0.42172648575651617,
                0.6718849915044207
            ],
            "prevdiff_prob": 0.665,
            "powdiff_exp": 0.11729543428794409,
            "powdiff_hdi": [
                -0.413050403286488,
                0.620603806694966
            ],
            "powdiff_prob": 0.6636
        },
        "pval_group": 0.3935546875,
        "frac_H1_rej": 1.0
    },
    "baseline": {
        "frac_H1_rej": 0.6428571428571429
    }
}