{
    "increase_prev": {
        "pcurve": {
            "prevdiff_exp": 0.2968041988667613,
            "prevdiff_hdi": [
                -0.029490907243150843,
                0.6063069363750719
            ],
            "prevdiff_prob": 0.9592,
            "powdiff_exp": -0.12262671044592056,
            "powdiff_hdi": [
                -0.3908004468454347,
                0.1619390629808744
            ],
            "powdiff_prob": 0.2008
        },
        "binom": {
            "prevdiff_exp": 0.024148930950021942,
            "prevdiff_hdi": [
                -0.5210848114995688,
                0.5660792557036248
            ],
            "prevdiff_prob": 0.5428,
            "powdiff_exp": 0.026930266016472575,
            "powdiff_hdi": [
                -0.4887095847927414,
                0.5493228865594512
            ],
            "powdiff_prob": 0.5352
        },
        "pval_group": 0.0791015625,
        "frac_H1_rej": 0.41379310344827586
    },
    "increase_pow": {
        "pcurve": {
            "prevdiff_exp": -0.04413304464410334,
            "prevdiff_hdi": [
                -0.37370449278528306,
                0.2983489991513541
            ],
            "prevdiff_prob": 0.4008,
            "powdiff_exp": 0.22302062406895776,
            "powdiff_hdi": [
                -0.08896387505168768,
                0.5130293972300224
            ],
            "powdiff_prob": 0.9192
        },
        "binom": {
            "prevdiff_exp": 0.06549068017258171,
            "prevdiff_hdi": [
                -0.4512558852777509,
                0.5969497027933123
            ],
            "prevdiff_prob": 0.5928,
            "powdiff_exp": 0.07838051844519368,
            "powdiff_hdi": [
                -0.4292678764639456,
                0.5534987511432858
            ],
            "powdiff_prob": 0.6208
        },
        "pval_group": 0.576171875,
        "frac_H1_rej": 1.0
    },
    "baseline": {
        "frac_H1_rej": 0.6
    }
}