{
    "increase_prev": {
        "pcurve": {
            "prevdiff_exp": 0.3730748023427982,
            "prevdiff_hdi": [
                -0.02403638765477656,
                0.6929472815519016
            ],
            "prevdiff_prob": 0.9648,
            "powdiff_exp": -0.005065247742949775,
            "powdiff_hdi": [
                -0.343102948069585,
                0.29882076300826027
            ],
            "powdiff_prob": 0.5126
        },
        "binom": {
            "prevdiff_exp": 0.14965665711288625,
            "prevdiff_hdi": [
                -0.4163530545531227,
                0.6808775977880356
            ],
            "prevdiff_prob": 0.6946,
            "powdiff_exp": 0.15089786664808813,
            "powdiff_hdi": [
                -0.37586251276460314,
                0.6580555930080574
            ],
            "powdiff_prob": 0.7124
        },
        "pval_group": 0.01171875,
        "frac_H1_rej": 0.4642857142857143
    },
    "increase_pow": {
        "pcurve": {
            "prevdiff_exp": -0.02869048798284164,
            "prevdiff_hdi": [
                -0.47643876291519816,
                0.3849550344823822
            ],
            "prevdiff_prob": 0.4634,
            "powdiff_exp": 0.20693130699449774,
            "powdiff_hdi": [
                -0.20248813528341314,
                0.5754496925597691
            ],
            "powdiff_prob": 0.8442
        },
        "binom": {
            "prevdiff_exp": 0.05140980079247987,
            "prevdiff_hdi": [
                -0.588132083993707,
                0.6287080382787518
            ],
            "prevdiff_prob": 0.5716,
            "powdiff_exp": 0.05888967675518645,
            "powdiff_hdi": [
                -0.5132947018203338,
                0.6198919754732876
            ],
            "powdiff_prob": 0.587
        },
        "pval_group": 0.654296875,
        "frac_H1_rej": 0.9
    },
    "baseline": {
        "frac_H1_rej": 0.5
    }
}