{
    "increase_prev": {
        "pcurve": {
            "prevdiff_exp": 0.1191442688261924,
            "prevdiff_hdi": [
                -0.16286807539452675,
                0.4355016876069465
            ],
            "prevdiff_prob": 0.783,
            "powdiff_exp": 0.14286907002994276,
            "powdiff_hdi": [
                -0.08498887673195371,
                0.3792234000255833
            ],
            "powdiff_prob": 0.8802
        },
        "binom": {
            "prevdiff_exp": 0.18062253881218956,
            "prevdiff_hdi": [
                -0.3789316948430904,
                0.7234811371995367
            ],
            "prevdiff_prob": 0.722,
            "powdiff_exp": 0.1801105926348034,
            "powdiff_hdi": [
                -0.411696681371733,
                0.6611925403527096
            ],
            "powdiff_prob": 0.7364
        },
        "pval_group": 0.0380859375,
        "frac_H1_rej": 0.4666666666666667
    },
    "increase_pow": {
        "pcurve": {
            "prevdiff_exp": -0.1463972486630712,
            "prevdiff_hdi": [
                -0.4843683668112436,
                0.19516065660709825
            ],
            "prevdiff_prob": 0.2096,
            "powdiff_exp": 0.3607571747903997,
            "powdiff_hdi": [
                0.09274165505490362,
                0.6165435281628207
            ],
            "powdiff_prob": 0.995
        },
        "binom": {
            "prevdiff_exp": 0.21973449548125581,
            "prevdiff_hdi": [
                -0.30980099292335084,
                0.7544558410625096
            ],
            "prevdiff_prob": 0.77,
            "powdiff_exp": 0.22113823975469668,
            "powdiff_hdi": [
                -0.30797679955732404,
                0.7019687913977307
            ],
            "powdiff_prob": 0.7838
        },
        "pval_group": 0.30078125,
        "frac_H1_rej": 0.9375
    },
    "baseline": {
        "frac_H1_rej": 0.3333333333333333
    }
}