{
    "increase_prev": {
        "pcurve": {
            "prevdiff_exp": 0.3472133676808448,
            "prevdiff_hdi": [
                -0.08257698986961437,
                0.7589322434092856
            ],
            "prevdiff_prob": 0.9342,
            "powdiff_exp": 0.03321250109651221,
            "powdiff_hdi": [
                -0.33312177085618133,
                0.37609121164336745
            ],
            "powdiff_prob": 0.592
        },
        "binom": {
            "prevdiff_exp": 0.1571983093677809,
            "prevdiff_hdi": [
                -0.4867250936871952,
                0.7270621900660879
            ],
            "prevdiff_prob": 0.6946,
            "powdiff_exp": 0.12592127461506447,
            "powdiff_hdi": [
                -0.479039484569405,
                0.6889912720634819
            ],
            "powdiff_prob": 0.678
        },
        "pval_group": 0.048828125,
        "frac_H1_rej": 0.4074074074074074
    },
    "increase_pow": {
        "pcurve": {
            "prevdiff_exp": 0.17382786799333425,
            "prevdiff_hdi": [
                -0.2853835098126155,
                0.6095411710734063
            ],
            "prevdiff_prob": 0.7786,
            "powdiff_exp": 0.265821871903009,
            "powdiff_hdi": [
                -0.12211007000537577,
                0.6291484148674612
            ],
            "powdiff_prob": 0.9066
        },
        "binom": {
            "prevdiff_exp": 0.26180094620942884,
            "prevdiff_hdi": [
                -0.3047039655365804,
                0.7948452577293971
            ],
            "prevdiff_prob": 0.8082,
            "powdiff_exp": 0.24532944018015146,
            "powdiff_hdi": [
                -0.28797136276548246,
                0.7443072011273018
            ],
            "powdiff_prob": 0.8018
        },
        "pval_group": 0.248046875,
        "frac_H1_rej": 1.0
    },
    "baseline": {
        "frac_H1_rej": 0.5
    }
}