{
    "increase_prev": {
        "pcurve": {
            "prevdiff_exp": 0.37926852827804136,
            "prevdiff_hdi": [
                -0.04986372109285053,
                0.7473591098027307
            ],
            "prevdiff_prob": 0.954,
            "powdiff_exp": 0.07916356411706486,
            "powdiff_hdi": [
                -0.27182042852841515,
                0.41270340457286026
            ],
            "powdiff_prob": 0.672
        },
        "binom": {
            "prevdiff_exp": 0.21973449548125581,
            "prevdiff_hdi": [
                -0.30980099292335084,
                0.7544558410625096
            ],
            "prevdiff_prob": 0.77,
            "powdiff_exp": 0.22113823975469668,
            "powdiff_hdi": [
                -0.30797679955732404,
                0.7019687913977307
            ],
            "powdiff_prob": 0.7838
        },
        "pval_group": 0.0078125,
        "frac_H1_rej": 0.5172413793103449
    },
    "increase_pow": {
        "pcurve": {
            "prevdiff_exp": 0.10438019877062643,
            "prevdiff_hdi": [
                -0.35364832251946854,
                0.6031834542570516
            ],
            "prevdiff_prob": 0.6752,
            "powdiff_exp": 0.16796797303767694,
            "powdiff_hdi": [
                -0.2632725960858955,
                0.5608086797783612
            ],
            "powdiff_prob": 0.7782
        },
        "binom": {
            "prevdiff_exp": 0.13928078958962978,
            "prevdiff_hdi": [
                -0.43925150533188306,
                0.7378011009685618
            ],
            "prevdiff_prob": 0.6808,
            "powdiff_exp": 0.12866034020608225,
            "powdiff_hdi": [
                -0.43529067522658765,
                0.6778648915381699
            ],
            "powdiff_prob": 0.68
        },
        "pval_group": 0.2978515625,
        "frac_H1_rej": 0.9230769230769231
    },
    "baseline": {
        "frac_H1_rej": 0.5
    }
}