{
    "increase_prev": {
        "pcurve": {
            "prevdiff_exp": 0.23092403070545947,
            "prevdiff_hdi": [
                -0.15353766478582453,
                0.623897192665849
            ],
            "prevdiff_prob": 0.8818,
            "powdiff_exp": 0.049683779359275204,
            "powdiff_hdi": [
                -0.22644800644909702,
                0.30319841287939686
            ],
            "powdiff_prob": 0.679
        },
        "binom": {
            "prevdiff_exp": 0.02452377634934167,
            "prevdiff_hdi": [
                -0.5849800262113836,
                0.6351628926091069
            ],
            "prevdiff_prob": 0.5358,
            "powdiff_exp": 0.03360243236014403,
            "powdiff_hdi": [
                -0.5689434114861476,
                0.6196204902599365
            ],
            "powdiff_prob": 0.5512
        },
        "pval_group": 0.005859375,
        "frac_H1_rej": 0.3
    },
    "increase_pow": {
        "pcurve": {
            "prevdiff_exp": 0.015887353791690567,
            "prevdiff_hdi": [
                -0.3580309365531824,
                0.4022757392659631
            ],
            "prevdiff_prob": 0.5108,
            "powdiff_exp": 0.45604400227779207,
            "powdiff_hdi": [
                0.17301039724816547,
                0.7120410984611341
            ],
            "powdiff_prob": 0.995
        },
        "binom": {
            "prevdiff_exp": 0.2318714790285736,
            "prevdiff_hdi": [
                -0.2844211942886189,
                0.7332259702947241
            ],
            "prevdiff_prob": 0.7816,
            "powdiff_exp": 0.22920894180149234,
            "powdiff_hdi": [
                -0.304989565225532,
                0.6604455880455685
            ],
            "powdiff_prob": 0.7906
        },
        "pval_group": 0.021484375,
        "frac_H1_rej": 0.9473684210526315
    },
    "baseline": {
        "frac_H1_rej": 0.4444444444444444
    }
}