{
    "increase_prev": {
        "pcurve": {
            "prevdiff_exp": 0.2475354705206408,
            "prevdiff_hdi": [
                -0.07130019032461965,
                0.6107946280854637
            ],
            "prevdiff_prob": 0.9106,
            "powdiff_exp": 0.16488027385540427,
            "powdiff_hdi": [
                -0.1358960985379009,
                0.4414635737720918
            ],
            "powdiff_prob": 0.8512
        },
        "binom": {
            "prevdiff_exp": 0.16290171733139605,
            "prevdiff_hdi": [
                -0.2891271565860041,
                0.6321492845993678
            ],
            "prevdiff_prob": 0.7264,
            "powdiff_exp": 0.18398977985820372,
            "powdiff_hdi": [
                -0.26765721362648787,
                0.5973941592535865
            ],
            "powdiff_prob": 0.774
        },
        "pval_group": 0.00390625,
        "frac_H1_rej": 0.6333333333333333
    },
    "increase_pow": {
        "pcurve": {
            "prevdiff_exp": -0.2002913947509251,
            "prevdiff_hdi": [
                -0.5768679089377451,
                0.20226024348858612
            ],
            "prevdiff_prob": 0.1746,
            "powdiff_exp": 0.3023714513234162,
            "powdiff_hdi": [
                -0.044752441268220866,
                0.6130520727504127
            ],
            "powdiff_prob": 0.949
        },
        "binom": {
            "prevdiff_exp": 0.024148930950021942,
            "prevdiff_hdi": [
                -0.5210848114995688,
                0.5660792557036248
            ],
            "prevdiff_prob": 0.5428,
            "powdiff_exp": 0.026930266016472575,
            "powdiff_hdi": [
                -0.4887095847927414,
                0.5493228865594512
            ],
            "powdiff_prob": 0.5352
        },
        "pval_group": 0.630859375,
        "frac_H1_rej": 1.0
    },
    "baseline": {
        "frac_H1_rej": 0.625
    }
}