{
    "increase_prev": {
        "pcurve": {
            "prevdiff_exp": 0.5086404196863498,
            "prevdiff_hdi": [
                0.003914838521537067,
                0.9148758802440992
            ],
            "prevdiff_prob": 0.965,
            "powdiff_exp": 0.2540009019164949,
            "powdiff_hdi": [
                -0.1560898188914489,
                0.5709317620310497
            ],
            "powdiff_prob": 0.8936
        },
        "binom": {
            "prevdiff_exp": 0.2779369704506556,
            "prevdiff_hdi": [
                -0.2737774460728357,
                0.8092702994395001
            ],
            "prevdiff_prob": 0.817,
            "powdiff_exp": 0.2724319315244672,
            "powdiff_hdi": [
                -0.28101156148382767,
                0.7540020273771277
            ],
            "powdiff_prob": 0.8242
        },
        "pval_group": 0.00390625,
        "frac_H1_rej": 0.6071428571428571
    },
    "increase_pow": {
        "pcurve": {
            "prevdiff_exp": 0.1997157758825379,
            "prevdiff_hdi": [
                -0.31660703138535706,
                0.6576828935664879
            ],
            "prevdiff_prob": 0.7896,
            "powdiff_exp": 0.43095903462801105,
            "powdiff_hdi": [
                0.006277978130924566,
                0.7661169056473737
            ],
            "powdiff_prob": 0.9608
        },
        "binom": {
            "prevdiff_exp": 0.24069729589869504,
            "prevdiff_hdi": [
                -0.3410728119937153,
                0.7668833485590058
            ],
            "prevdiff_prob": 0.7808,
            "powdiff_exp": 0.22708188773205903,
            "powdiff_hdi": [
                -0.3226554230284957,
                0.7416846982553135
            ],
            "powdiff_prob": 0.779
        },
        "pval_group": 0.0673828125,
        "frac_H1_rej": 0.9333333333333333
    },
    "baseline": {
        "frac_H1_rej": 0.36363636363636365
    }
}