{
    "increase_prev": {
        "pcurve": {
            "prevdiff_exp": 0.05392927376040816,
            "prevdiff_hdi": [
                -0.2650258939808041,
                0.38348869874176383
            ],
            "prevdiff_prob": 0.6196,
            "powdiff_exp": 0.09207047993023441,
            "powdiff_hdi": [
                -0.1350383479884702,
                0.3428939010769587
            ],
            "powdiff_prob": 0.7878
        },
        "binom": {
            "prevdiff_exp": 0.12513288076354456,
            "prevdiff_hdi": [
                -0.42172648575651617,
                0.6718849915044207
            ],
            "prevdiff_prob": 0.665,
            "powdiff_exp": 0.11729543428794409,
            "powdiff_hdi": [
                -0.413050403286488,
                0.620603806694966
            ],
            "powdiff_prob": 0.6636
        },
        "pval_group": 0.0546875,
        "frac_H1_rej": 0.5185185185185185
    },
    "increase_pow": {
        "pcurve": {
            "prevdiff_exp": -0.30905363211864434,
            "prevdiff_hdi": [
                -0.6289598219203747,
                0.027653694042785726
            ],
            "prevdiff_prob": 0.0516,
            "powdiff_exp": 0.36798231078253246,
            "powdiff_hdi": [
                0.08642686893822787,
                0.6258690179147115
            ],
            "powdiff_prob": 0.9864
        },
        "binom": {
            "prevdiff_exp": 0.12513288076354456,
            "prevdiff_hdi": [
                -0.42172648575651617,
                0.6718849915044207
            ],
            "prevdiff_prob": 0.665,
            "powdiff_exp": 0.11729543428794409,
            "powdiff_hdi": [
                -0.413050403286488,
                0.620603806694966
            ],
            "powdiff_prob": 0.6636
        },
        "pval_group": 0.466796875,
        "frac_H1_rej": 1.0
    },
    "baseline": {
        "frac_H1_rej": 0.5
    }
}