{
    "increase_prev": {
        "pcurve": {
            "prevdiff_exp": 0.19731373605449468,
            "prevdiff_hdi": [
                -0.20662550786289768,
                0.6344362144184226
            ],
            "prevdiff_prob": 0.8052,
            "powdiff_exp": 0.024806424433993335,
            "powdiff_hdi": [
                -0.29805067054431506,
                0.2996408242427503
            ],
            "powdiff_prob": 0.5936
        },
        "binom": {
            "prevdiff_exp": 0.2003804512602575,
            "prevdiff_hdi": [
                -0.42096537519291255,
                0.751552573457396
            ],
            "prevdiff_prob": 0.7442,
            "powdiff_exp": 0.18001072523988026,
            "powdiff_hdi": [
                -0.3936470525743901,
                0.6977605694974172
            ],
            "powdiff_prob": 0.7366
        },
        "pval_group": 0.0048828125,
        "frac_H1_rej": 0.4482758620689655
    },
    "increase_pow": {
        "pcurve": {
            "prevdiff_exp": -0.05329404920002172,
            "prevdiff_hdi": [
                -0.48086146777443994,
                0.3369027094810227
            ],
            "prevdiff_prob": 0.4102,
            "powdiff_exp": 0.3557586858294248,
            "powdiff_hdi": [
                0.0482167666480271,
                0.6512229220237135
            ],
            "powdiff_prob": 0.9792
        },
        "binom": {
            "prevdiff_exp": 0.26180094620942884,
            "prevdiff_hdi": [
                -0.3047039655365804,
                0.7948452577293971
            ],
            "prevdiff_prob": 0.8082,
            "powdiff_exp": 0.24532944018015146,
            "powdiff_hdi": [
                -0.28797136276548246,
                0.7443072011273018
            ],
            "powdiff_prob": 0.8018
        },
        "pval_group": 0.0234375,
        "frac_H1_rej": 1.0
    },
    "baseline": {
        "frac_H1_rej": 0.4
    }
}