{
    "increase_prev": {
        "pcurve": {
            "prevdiff_exp": 0.38939577202343495,
            "prevdiff_hdi": [
                0.021086196648701483,
                0.703286793583089
            ],
            "prevdiff_prob": 0.9766,
            "powdiff_exp": -0.05649288971811672,
            "powdiff_hdi": [
                -0.38903135258432314,
                0.2708312331774723
            ],
            "powdiff_prob": 0.3754
        },
        "binom": {
            "prevdiff_exp": 0.11625516267873881,
            "prevdiff_hdi": [
                -0.423474866124348,
                0.6302312852007835
            ],
            "prevdiff_prob": 0.6606,
            "powdiff_exp": 0.11478828456470255,
            "powdiff_hdi": [
                -0.40506046247352656,
                0.5825808480598362
            ],
            "powdiff_prob": 0.6716
        },
        "pval_group": 0.2138671875,
        "frac_H1_rej": 0.5357142857142857
    },
    "increase_pow": {
        "pcurve": {
            "prevdiff_exp": -0.06270443157232804,
            "prevdiff_hdi": [
                -0.42092572908506903,
                0.3007851528030655
            ],
            "prevdiff_prob": 0.3696,
            "powdiff_exp": 0.24708440296570616,
            "powdiff_hdi": [
                -0.11610711266115226,
                0.6155895239354443
            ],
            "powdiff_prob": 0.9008
        },
        "binom": {
            "prevdiff_exp": 0.05690510709784661,
            "prevdiff_hdi": [
                -0.5448465811941846,
                0.5896036613956648
            ],
            "prevdiff_prob": 0.5812,
            "powdiff_exp": 0.04055793746418056,
            "powdiff_hdi": [
                -0.4870286760239793,
                0.5745010533922283
            ],
            "powdiff_prob": 0.5578
        },
        "pval_group": 0.630859375,
        "frac_H1_rej": 1.0
    },
    "baseline": {
        "frac_H1_rej": 0.6923076923076923
    }
}