{
    "increase_prev": {
        "pcurve": {
            "prevdiff_exp": 0.1892305108929178,
            "prevdiff_hdi": [
                -0.15344938956884957,
                0.5333133602269353
            ],
            "prevdiff_prob": 0.8546,
            "powdiff_exp": 0.05645484163654927,
            "powdiff_hdi": [
                -0.21874471225138992,
                0.31525546033809015
            ],
            "powdiff_prob": 0.6696
        },
        "binom": {
            "prevdiff_exp": 0.09658973013285277,
            "prevdiff_hdi": [
                -0.378845605889556,
                0.577061507036297
            ],
            "prevdiff_prob": 0.6508,
            "powdiff_exp": 0.11958039089293016,
            "powdiff_hdi": [
                -0.3352557206880499,
                0.5622965353816578
            ],
            "powdiff_prob": 0.6992
        },
        "pval_group": 0.017578125,
        "frac_H1_rej": 0.6071428571428571
    },
    "increase_pow": {
        "pcurve": {
            "prevdiff_exp": -0.1275554202909762,
            "prevdiff_hdi": [
                -0.5193831973983796,
                0.2478464196161067
            ],
            "prevdiff_prob": 0.2638,
            "powdiff_exp": 0.32436382346174003,
            "powdiff_hdi": [
                0.02072938283911463,
                0.6139211944457
            ],
            "powdiff_prob": 0.9744
        },
        "binom": {
            "prevdiff_exp": 0.041341749222559766,
            "prevdiff_hdi": [
                -0.4561787873567843,
                0.5647413772415522
            ],
            "prevdiff_prob": 0.5554,
            "powdiff_exp": 0.051450252428721116,
            "powdiff_hdi": [
                -0.4298789160850238,
                0.5250132433872526
            ],
            "powdiff_prob": 0.579
        },
        "pval_group": 0.1962890625,
        "frac_H1_rej": 0.875
    },
    "baseline": {
        "frac_H1_rej": 0.6666666666666666
    }
}