{
    "increase_prev": {
        "pcurve": {
            "prevdiff_exp": 0.17537762214043542,
            "prevdiff_hdi": [
                -0.1725274937774729,
                0.5805384915136018
            ],
            "prevdiff_prob": 0.795,
            "powdiff_exp": 0.1333012634645181,
            "powdiff_hdi": [
                -0.1243430898775052,
                0.38721836066392334
            ],
            "powdiff_prob": 0.848
        },
        "binom": {
            "prevdiff_exp": 0.0268860244431382,
            "prevdiff_hdi": [
                -0.550831554498189,
                0.6035178722204599
            ],
            "prevdiff_prob": 0.5378,
            "powdiff_exp": 0.025287244395042426,
            "powdiff_hdi": [
                -0.5496732157516877,
                0.5806730655455874
            ],
            "powdiff_prob": 0.539
        },
        "pval_group": 0.01953125,
        "frac_H1_rej": 0.3448275862068966
    },
    "increase_pow": {
        "pcurve": {
            "prevdiff_exp": -0.3624014510973326,
            "prevdiff_hdi": [
                -0.7359073687328656,
                0.013163856211013902
            ],
            "prevdiff_prob": 0.0426,
            "powdiff_exp": 0.4933573611138636,
            "powdiff_hdi": [
                0.21481210143241702,
                0.7672606315084902
            ],
            "powdiff_prob": 0.9966
        },
        "binom": {
            "prevdiff_exp": 0.0268860244431382,
            "prevdiff_hdi": [
                -0.550831554498189,
                0.6035178722204599
            ],
            "prevdiff_prob": 0.5378,
            "powdiff_exp": 0.025287244395042426,
            "powdiff_hdi": [
                -0.5496732157516877,
                0.5806730655455874
            ],
            "powdiff_prob": 0.539
        },
        "pval_group": 0.357421875,
        "frac_H1_rej": 1.0
    },
    "baseline": {
        "frac_H1_rej": 0.5714285714285714
    }
}