{
    "increase_prev": {
        "pcurve": {
            "prevdiff_exp": 0.3678824368978968,
            "prevdiff_hdi": [
                -0.10987908401695701,
                0.7995570995479065
            ],
            "prevdiff_prob": 0.9276,
            "powdiff_exp": 0.2619365042094104,
            "powdiff_hdi": [
                -0.1102818803946522,
                0.583561071318349
            ],
            "powdiff_prob": 0.9138
        },
        "binom": {
            "prevdiff_exp": 0.4038745910416012,
            "prevdiff_hdi": [
                -0.1579591939358017,
                0.9037290859771167
            ],
            "prevdiff_prob": 0.89,
            "powdiff_exp": 0.3877058896023479,
            "powdiff_hdi": [
                -0.16233014730467177,
                0.8592102299740899
            ],
            "powdiff_prob": 0.8978
        },
        "pval_group": 0.0009765625,
        "frac_H1_rej": 0.6785714285714286
    },
    "increase_pow": {
        "pcurve": {
            "prevdiff_exp": -0.08403207928304446,
            "prevdiff_hdi": [
                -0.5809205227110401,
                0.3620159555076756
            ],
            "prevdiff_prob": 0.3886,
            "powdiff_exp": 0.3982192204361099,
            "powdiff_hdi": [
                -0.035786429477282056,
                0.7523391070902252
            ],
            "powdiff_prob": 0.9524
        },
        "binom": {
            "prevdiff_exp": 0.20821669756238056,
            "prevdiff_hdi": [
                -0.4258855826744752,
                0.8134871419092214
            ],
            "prevdiff_prob": 0.7524,
            "powdiff_exp": 0.19008843829643618,
            "powdiff_hdi": [
                -0.4017269738685284,
                0.7977322524363873
            ],
            "powdiff_prob": 0.7368
        },
        "pval_group": 1.0,
        "frac_H1_rej": 0.9090909090909091
    },
    "baseline": {
        "frac_H1_rej": 0.1875
    }
}