{
    "increase_prev": {
        "pcurve": {
            "prevdiff_exp": 0.07289128891985144,
            "prevdiff_hdi": [
                -0.31527889032192136,
                0.45041481152694274
            ],
            "prevdiff_prob": 0.629,
            "powdiff_exp": 0.11592179176617678,
            "powdiff_hdi": [
                -0.16366292980599362,
                0.3936658412508921
            ],
            "powdiff_prob": 0.7972
        },
        "binom": {
            "prevdiff_exp": 0.11625516267873881,
            "prevdiff_hdi": [
                -0.423474866124348,
                0.6302312852007835
            ],
            "prevdiff_prob": 0.6606,
            "powdiff_exp": 0.11478828456470255,
            "powdiff_hdi": [
                -0.40506046247352656,
                0.5825808480598362
            ],
            "powdiff_prob": 0.6716
        },
        "pval_group": 0.330078125,
        "frac_H1_rej": 0.5172413793103449
    },
    "increase_pow": {
        "pcurve": {
            "prevdiff_exp": -0.23590587779249025,
            "prevdiff_hdi": [
                -0.5897068830943211,
                0.17238412186290886
            ],
            "prevdiff_prob": 0.1332,
            "powdiff_exp": 0.33200585615607386,
            "powdiff_hdi": [
                0.014216834893438168,
                0.6180946792958896
            ],
            "powdiff_prob": 0.974
        },
        "binom": {
            "prevdiff_exp": 0.05690510709784661,
            "prevdiff_hdi": [
                -0.5448465811941846,
                0.5896036613956648
            ],
            "prevdiff_prob": 0.5812,
            "powdiff_exp": 0.04055793746418056,
            "powdiff_hdi": [
                -0.4870286760239793,
                0.5745010533922283
            ],
            "powdiff_prob": 0.5578
        },
        "pval_group": 0.5126953125,
        "frac_H1_rej": 1.0
    },
    "baseline": {
        "frac_H1_rej": 0.5
    }
}