{
    "increase_prev": {
        "pcurve": {
            "prevdiff_exp": 0.2167642925060286,
            "prevdiff_hdi": [
                -0.16485581695862583,
                0.6550462410244017
            ],
            "prevdiff_prob": 0.839,
            "powdiff_exp": 0.06573975272071075,
            "powdiff_hdi": [
                -0.23581724906017204,
                0.32775344166047976
            ],
            "powdiff_prob": 0.7072
        },
        "binom": {
            "prevdiff_exp": 0.08416597694030455,
            "prevdiff_hdi": [
                -0.524650119485932,
                0.6720343787907468
            ],
            "prevdiff_prob": 0.6084,
            "powdiff_exp": 0.07251734820289443,
            "powdiff_hdi": [
                -0.4931761968061457,
                0.63541072855389
            ],
            "powdiff_prob": 0.5994
        },
        "pval_group": 0.017578125,
        "frac_H1_rej": 0.3793103448275862
    },
    "increase_pow": {
        "pcurve": {
            "prevdiff_exp": -0.06706439571986265,
            "prevdiff_hdi": [
                -0.49130508095464714,
                0.33153961675366256
            ],
            "prevdiff_prob": 0.3746,
            "powdiff_exp": 0.46350960237217204,
            "powdiff_hdi": [
                0.16615150177221938,
                0.7332921214921991
            ],
            "powdiff_prob": 0.994
        },
        "binom": {
            "prevdiff_exp": 0.20490463802317926,
            "prevdiff_hdi": [
                -0.3165248470603046,
                0.7265634478988441
            ],
            "prevdiff_prob": 0.7504,
            "powdiff_exp": 0.21902800511229717,
            "powdiff_hdi": [
                -0.28825511090028877,
                0.6914733754110773
            ],
            "powdiff_prob": 0.7832
        },
        "pval_group": 0.0361328125,
        "frac_H1_rej": 1.0
    },
    "baseline": {
        "frac_H1_rej": 0.6363636363636364
    }
}