{
    "increase_prev": {
        "pcurve": {
            "prevdiff_exp": 0.30905015185013146,
            "prevdiff_hdi": [
                -0.03886502598883357,
                0.6581696039838134
            ],
            "prevdiff_prob": 0.9562,
            "powdiff_exp": 0.1505725282436252,
            "powdiff_hdi": [
                -0.1092649392381671,
                0.41692468165256286
            ],
            "powdiff_prob": 0.865
        },
        "binom": {
            "prevdiff_exp": 0.198630845170522,
            "prevdiff_hdi": [
                -0.35708615240591746,
                0.7424931583026386
            ],
            "prevdiff_prob": 0.7498,
            "powdiff_exp": 0.20289068730660423,
            "powdiff_hdi": [
                -0.3435128745420697,
                0.6837769918460008
            ],
            "powdiff_prob": 0.7638
        },
        "pval_group": 0.0029296875,
        "frac_H1_rej": 0.5172413793103449
    },
    "increase_pow": {
        "pcurve": {
            "prevdiff_exp": -0.09754819465948339,
            "prevdiff_hdi": [
                -0.4723478434042113,
                0.29395183200308794
            ],
            "prevdiff_prob": 0.3156,
            "powdiff_exp": 0.42318639263131774,
            "powdiff_hdi": [
                0.12148133330569044,
                0.6878828966586699
            ],
            "powdiff_prob": 0.9948
        },
        "binom": {
            "prevdiff_exp": 0.15831400053208444,
            "prevdiff_hdi": [
                -0.469517779582702,
                0.6818685071085399
            ],
            "prevdiff_prob": 0.7046,
            "powdiff_exp": 0.15581952481442546,
            "powdiff_hdi": [
                -0.43760014099573424,
                0.6699355663760868
            ],
            "powdiff_prob": 0.7052
        },
        "pval_group": 0.8935546875,
        "frac_H1_rej": 0.9230769230769231
    },
    "baseline": {
        "frac_H1_rej": 0.46153846153846156
    }
}