{
    "increase_prev": {
        "pcurve": {
            "prevdiff_exp": 0.27805379149234494,
            "prevdiff_hdi": [
                -0.1921077175990532,
                0.7285313512254503
            ],
            "prevdiff_prob": 0.8532,
            "powdiff_exp": 0.12241468203690246,
            "powdiff_hdi": [
                -0.2669951037735335,
                0.47631521183049624
            ],
            "powdiff_prob": 0.7462
        },
        "binom": {
            "prevdiff_exp": 0.0837911315409848,
            "prevdiff_hdi": [
                -0.4678493899759329,
                0.674501780275422
            ],
            "prevdiff_prob": 0.6114,
            "powdiff_exp": 0.06584518185922297,
            "powdiff_hdi": [
                -0.49862899932598376,
                0.599270978656073
            ],
            "powdiff_prob": 0.5892
        },
        "pval_group": 0.0322265625,
        "frac_H1_rej": 0.4444444444444444
    },
    "increase_pow": {
        "pcurve": {
            "prevdiff_exp": 0.00541109019478702,
            "prevdiff_hdi": [
                -0.46558144127968365,
                0.4856916081130988
            ],
            "prevdiff_prob": 0.521,
            "powdiff_exp": 0.22430303760422407,
            "powdiff_hdi": [
                -0.2203329073620544,
                0.5951658900492294
            ],
            "powdiff_prob": 0.8462
        },
        "binom": {
            "prevdiff_exp": 0.10282434248343943,
            "prevdiff_hdi": [
                -0.46391285844393804,
                0.640850572071314
            ],
            "prevdiff_prob": 0.6488,
            "powdiff_exp": 0.0930043664675662,
            "powdiff_hdi": [
                -0.43314687785795697,
                0.619064719114842
            ],
            "powdiff_prob": 0.6322
        },
        "pval_group": 0.5908203125,
        "frac_H1_rej": 1.0
    },
    "baseline": {
        "frac_H1_rej": 0.5714285714285714
    }
}