{
    "increase_prev": {
        "pcurve": {
            "prevdiff_exp": 0.5060155601103624,
            "prevdiff_hdi": [
                0.006635222109134364,
                0.9611303005016867
            ],
            "prevdiff_prob": 0.9638,
            "powdiff_exp": 0.2503306202123908,
            "powdiff_hdi": [
                -0.0429526586005306,
                0.5146247653535984
            ],
            "powdiff_prob": 0.9422
        },
        "binom": {
            "prevdiff_exp": 0.33527864539647007,
            "prevdiff_hdi": [
                -0.29886520174566855,
                0.9465428492612276
            ],
            "prevdiff_prob": 0.8304,
            "powdiff_exp": 0.41544083823870526,
            "powdiff_hdi": [
                -0.16196769155956614,
                0.9634029751289407
            ],
            "powdiff_prob": 0.9012
        },
        "pval_group": 0.0009765625,
        "frac_H1_rej": 0.4482758620689655
    },
    "increase_pow": {
        "pcurve": {
            "prevdiff_exp": 0.3509587244327539,
            "prevdiff_hdi": [
                -0.19973521227198898,
                0.8307026896006525
            ],
            "prevdiff_prob": 0.8584,
            "powdiff_exp": 0.504918198807548,
            "powdiff_hdi": [
                0.2070157420512696,
                0.7888494715173759
            ],
            "powdiff_prob": 0.9804
        },
        "binom": {
            "prevdiff_exp": 0.43980200559226257,
            "prevdiff_hdi": [
                -0.18970763556025205,
                0.9315139108560562
            ],
            "prevdiff_prob": 0.888,
            "powdiff_exp": 0.5180429812124873,
            "powdiff_hdi": [
                -0.04050194964180043,
                0.9673656997371243
            ],
            "powdiff_prob": 0.9408
        },
        "pval_group": 0.0029296875,
        "frac_H1_rej": 0.9473684210526315
    },
    "baseline": {
        "frac_H1_rej": 0.09090909090909091
    }
}