{
    "increase_prev": {
        "pcurve": {
            "prevdiff_exp": 0.48741413620848323,
            "prevdiff_hdi": [
                -0.0006237948142153726,
                0.8832037677474891
            ],
            "prevdiff_prob": 0.9702,
            "powdiff_exp": 0.15026101576395906,
            "powdiff_hdi": [
                -0.27062651252989767,
                0.4733186525560875
            ],
            "powdiff_prob": 0.7964
        },
        "binom": {
            "prevdiff_exp": 0.198630845170522,
            "prevdiff_hdi": [
                -0.35708615240591746,
                0.7424931583026386
            ],
            "prevdiff_prob": 0.7498,
            "powdiff_exp": 0.20289068730660423,
            "powdiff_hdi": [
                -0.3435128745420697,
                0.6837769918460008
            ],
            "powdiff_prob": 0.7638
        },
        "pval_group": 0.001953125,
        "frac_H1_rej": 0.5357142857142857
    },
    "increase_pow": {
        "pcurve": {
            "prevdiff_exp": 0.3015566304736615,
            "prevdiff_hdi": [
                -0.2205507174739555,
                0.7302267921824095
            ],
            "prevdiff_prob": 0.8616,
            "powdiff_exp": 0.4176977358227182,
            "powdiff_hdi": [
                -0.031444908767570556,
                0.7353164831819652
            ],
            "powdiff_prob": 0.9546
        },
        "binom": {
            "prevdiff_exp": 0.2358705197224826,
            "prevdiff_hdi": [
                -0.31139585837079886,
                0.7326651693531159
            ],
            "prevdiff_prob": 0.79,
            "powdiff_exp": 0.24824073109901243,
            "powdiff_hdi": [
                -0.26538307971165576,
                0.7268303801501576
            ],
            "powdiff_prob": 0.812
        },
        "pval_group": 0.013671875,
        "frac_H1_rej": 1.0
    },
    "baseline": {
        "frac_H1_rej": 0.5
    }
}