{
    "increase_prev": {
        "pcurve": {
            "prevdiff_exp": 0.2812017403974045,
            "prevdiff_hdi": [
                -0.11452606842578428,
                0.6642655857173805
            ],
            "prevdiff_prob": 0.9046,
            "powdiff_exp": 0.038521383613782385,
            "powdiff_hdi": [
                -0.3022026608826521,
                0.37456064123632893
            ],
            "powdiff_prob": 0.5978
        },
        "binom": {
            "prevdiff_exp": 0.11625516267873881,
            "prevdiff_hdi": [
                -0.423474866124348,
                0.6302312852007835
            ],
            "prevdiff_prob": 0.6606,
            "powdiff_exp": 0.11478828456470255,
            "powdiff_hdi": [
                -0.40506046247352656,
                0.5825808480598362
            ],
            "powdiff_prob": 0.6716
        },
        "pval_group": 0.0087890625,
        "frac_H1_rej": 0.5185185185185185
    },
    "increase_pow": {
        "pcurve": {
            "prevdiff_exp": 0.21734250431056518,
            "prevdiff_hdi": [
                -0.18469453766255461,
                0.6062195750503249
            ],
            "prevdiff_prob": 0.8472,
            "powdiff_exp": 0.20962772723487025,
            "powdiff_hdi": [
                -0.13102953459136668,
                0.5447519243607266
            ],
            "powdiff_prob": 0.874
        },
        "binom": {
            "prevdiff_exp": 0.1373588129894726,
            "prevdiff_hdi": [
                -0.3486244795314629,
                0.6650779719949589
            ],
            "prevdiff_prob": 0.6968,
            "powdiff_exp": 0.13303583701279498,
            "powdiff_hdi": [
                -0.3522935981112537,
                0.6119280694944255
            ],
            "powdiff_prob": 0.6948
        },
        "pval_group": 0.626953125,
        "frac_H1_rej": 1.0
    },
    "baseline": {
        "frac_H1_rej": 0.6923076923076923
    }
}