{
    "increase_prev": {
        "pcurve": {
            "prevdiff_exp": 0.23536999374119158,
            "prevdiff_hdi": [
                -0.09277007951621119,
                0.5696097169113694
            ],
            "prevdiff_prob": 0.9138,
            "powdiff_exp": 0.02227139575031194,
            "powdiff_hdi": [
                -0.2503445751171888,
                0.2856196859292133
            ],
            "powdiff_prob": 0.5718
        },
        "binom": {
            "prevdiff_exp": 0.0837911315409848,
            "prevdiff_hdi": [
                -0.4678493899759329,
                0.674501780275422
            ],
            "prevdiff_prob": 0.6114,
            "powdiff_exp": 0.06584518185922297,
            "powdiff_hdi": [
                -0.49862899932598376,
                0.599270978656073
            ],
            "powdiff_prob": 0.5892
        },
        "pval_group": 0.0419921875,
        "frac_H1_rej": 0.4
    },
    "increase_pow": {
        "pcurve": {
            "prevdiff_exp": 0.024399681752778672,
            "prevdiff_hdi": [
                -0.32400354063061554,
                0.37345490766230266
            ],
            "prevdiff_prob": 0.5552,
            "powdiff_exp": 0.29392104850217554,
            "powdiff_hdi": [
                0.01706383135205869,
                0.5787587016624003
            ],
            "powdiff_prob": 0.9728
        },
        "binom": {
            "prevdiff_exp": 0.20734770267923194,
            "prevdiff_hdi": [
                -0.2964853389941906,
                0.6931751756182938
            ],
            "prevdiff_prob": 0.7662,
            "powdiff_exp": 0.1956065094413483,
            "powdiff_hdi": [
                -0.3112759819837039,
                0.6398232423189189
            ],
            "powdiff_prob": 0.7702
        },
        "pval_group": 0.185546875,
        "frac_H1_rej": 0.9411764705882353
    },
    "baseline": {
        "frac_H1_rej": 0.47058823529411764
    }
}