{
    "increase_prev": {
        "pcurve": {
            "prevdiff_exp": 0.16150309349243,
            "prevdiff_hdi": [
                -0.1936541272870861,
                0.530640206525385
            ],
            "prevdiff_prob": 0.8004,
            "powdiff_exp": 0.04531395539967018,
            "powdiff_hdi": [
                -0.2606964800264135,
                0.32572081102517303
            ],
            "powdiff_prob": 0.6412
        },
        "binom": {
            "prevdiff_exp": 0.09824685632040636,
            "prevdiff_hdi": [
                -0.4504361746328593,
                0.5949655075398061
            ],
            "prevdiff_prob": 0.6356,
            "powdiff_exp": 0.09200818989290167,
            "powdiff_hdi": [
                -0.41606465604034126,
                0.5700181479327263
            ],
            "powdiff_prob": 0.639
        },
        "pval_group": 0.0078125,
        "frac_H1_rej": 0.4827586206896552
    },
    "increase_pow": {
        "pcurve": {
            "prevdiff_exp": -0.21145054302611094,
            "prevdiff_hdi": [
                -0.6120278122546441,
                0.20226112243899602
            ],
            "prevdiff_prob": 0.1732,
            "powdiff_exp": 0.14956650051831652,
            "powdiff_hdi": [
                -0.20908090788590838,
                0.5169680540187619
            ],
            "powdiff_prob": 0.7958
        },
        "binom": {
            "prevdiff_exp": -0.0268860244431382,
            "prevdiff_hdi": [
                -0.6035178722204599,
                0.550831554498189
            ],
            "prevdiff_prob": 0.4622,
            "powdiff_exp": -0.025287244395042426,
            "powdiff_hdi": [
                -0.5806730655455874,
                0.5496732157516877
            ],
            "powdiff_prob": 0.461
        },
        "pval_group": 0.5595703125,
        "frac_H1_rej": 0.7272727272727273
    },
    "baseline": {
        "frac_H1_rej": 0.6
    }
}