{
    "increase_prev": {
        "pcurve": {
            "prevdiff_exp": 0.25844103767639465,
            "prevdiff_hdi": [
                -0.07267462952638948,
                0.5748120368164384
            ],
            "prevdiff_prob": 0.9338,
            "powdiff_exp": -0.10487674285763961,
            "powdiff_hdi": [
                -0.3662306354491276,
                0.19729552991342092
            ],
            "powdiff_prob": 0.229
        },
        "binom": {
            "prevdiff_exp": 0.041341749222559766,
            "prevdiff_hdi": [
                -0.4561787873567843,
                0.5647413772415522
            ],
            "prevdiff_prob": 0.5554,
            "powdiff_exp": 0.051450252428721116,
            "powdiff_hdi": [
                -0.4298789160850238,
                0.5250132433872526
            ],
            "powdiff_prob": 0.579
        },
        "pval_group": 0.0439453125,
        "frac_H1_rej": 0.4827586206896552
    },
    "increase_pow": {
        "pcurve": {
            "prevdiff_exp": -0.12916253333824834,
            "prevdiff_hdi": [
                -0.470721041841993,
                0.24801502682068488
            ],
            "prevdiff_prob": 0.2352,
            "powdiff_exp": -0.0022126297900136125,
            "powdiff_hdi": [
                -0.36594102725231925,
                0.35658617950405647
            ],
            "powdiff_prob": 0.4948
        },
        "binom": {
            "prevdiff_exp": -0.024148930950021942,
            "prevdiff_hdi": [
                -0.5660792557036248,
                0.5210848114995688
            ],
            "prevdiff_prob": 0.4572,
            "powdiff_exp": -0.026930266016472575,
            "powdiff_hdi": [
                -0.5493228865594512,
                0.4887095847927414
            ],
            "powdiff_prob": 0.4648
        },
        "pval_group": 0.8525390625,
        "frac_H1_rej": 1.0
    },
    "baseline": {
        "frac_H1_rej": 0.7333333333333333
    }
}