{
    "increase_prev": {
        "pcurve": {
            "prevdiff_exp": 0.45741289706699007,
            "prevdiff_hdi": [
                -0.056077786703142674,
                0.9417154846433637
            ],
            "prevdiff_prob": 0.9248,
            "powdiff_exp": 0.07040392551282273,
            "powdiff_hdi": [
                -0.4437854372303478,
                0.4286725305570237
            ],
            "powdiff_prob": 0.715
        },
        "binom": {
            "prevdiff_exp": 0.0770765529075592,
            "prevdiff_hdi": [
                -0.5994589829363828,
                0.7297048968361697
            ],
            "prevdiff_prob": 0.6052,
            "powdiff_exp": 0.06526805638906776,
            "powdiff_hdi": [
                -0.565860684505309,
                0.7191157639342991
            ],
            "powdiff_prob": 0.5922
        },
        "pval_group": 0.0009765625,
        "frac_H1_rej": 0.23333333333333334
    },
    "increase_pow": {
        "pcurve": {
            "prevdiff_exp": 0.09175412609870151,
            "prevdiff_hdi": [
                -0.46113174812072044,
                0.5527302096459978
            ],
            "prevdiff_prob": 0.6522,
            "powdiff_exp": 0.4730067274212681,
            "powdiff_hdi": [
                -0.04294895645780461,
                0.8112954405492346
            ],
            "powdiff_prob": 0.9444
        },
        "binom": {
            "prevdiff_exp": 0.25769909171974875,
            "prevdiff_hdi": [
                -0.37303199111269214,
                0.8166293287071859
            ],
            "prevdiff_prob": 0.7928,
            "powdiff_exp": 0.2453786490238711,
            "powdiff_hdi": [
                -0.34456291192190425,
                0.771228693050741
            ],
            "powdiff_prob": 0.7932
        },
        "pval_group": 0.015625,
        "frac_H1_rej": 1.0
    },
    "baseline": {
        "frac_H1_rej": 0.5714285714285714
    }
}