{
    "increase_prev": {
        "pcurve": {
            "prevdiff_exp": 0.2821694659265191,
            "prevdiff_hdi": [
                -0.18742570202541553,
                0.7532978503760335
            ],
            "prevdiff_prob": 0.8544,
            "powdiff_exp": 0.1520339776525466,
            "powdiff_hdi": [
                -0.2063679972549235,
                0.43653696299716976
            ],
            "powdiff_prob": 0.8408
        },
        "binom": {
            "prevdiff_exp": 0.15945223539934242,
            "prevdiff_hdi": [
                -0.4965966591173275,
                0.771613441180991
            ],
            "prevdiff_prob": 0.6912,
            "powdiff_exp": 0.15337045913096944,
            "powdiff_hdi": [
                -0.4906825992054199,
                0.69320856065334
            ],
            "powdiff_prob": 0.7008
        },
        "pval_group": 0.005859375,
        "frac_H1_rej": 0.3448275862068966
    },
    "increase_pow": {
        "pcurve": {
            "prevdiff_exp": -0.01785921890523846,
            "prevdiff_hdi": [
                -0.4800351829800312,
                0.4396451917885868
            ],
            "prevdiff_prob": 0.4732,
            "powdiff_exp": 0.5260259908090493,
            "powdiff_hdi": [
                0.18773786674771242,
                0.7926814412796293
            ],
            "powdiff_prob": 0.9934
        },
        "binom": {
            "prevdiff_exp": 0.296811048388815,
            "prevdiff_hdi": [
                -0.30393763894889625,
                0.8116745479373222
            ],
            "prevdiff_prob": 0.8226,
            "powdiff_exp": 0.28640629614376445,
            "powdiff_hdi": [
                -0.3029142041077365,
                0.7849565289772671
            ],
            "powdiff_prob": 0.8232
        },
        "pval_group": 0.0947265625,
        "frac_H1_rej": 1.0
    },
    "baseline": {
        "frac_H1_rej": 0.3333333333333333
    }
}