{
    "increase_prev": {
        "pcurve": {
            "prevdiff_exp": 0.2526628312488744,
            "prevdiff_hdi": [
                -0.22710117421991194,
                0.7661036728619781
            ],
            "prevdiff_prob": 0.816,
            "powdiff_exp": 0.1720538375200299,
            "powdiff_hdi": [
                -0.12323822829687808,
                0.4579440499199967
            ],
            "powdiff_prob": 0.8906
        },
        "binom": {
            "prevdiff_exp": 0.23092088461642374,
            "prevdiff_hdi": [
                -0.4763117388619527,
                0.8469370303267065
            ],
            "prevdiff_prob": 0.7632,
            "powdiff_exp": 0.24576658550695565,
            "powdiff_hdi": [
                -0.3890052468682567,
                0.8430022403459646
            ],
            "powdiff_prob": 0.7844
        },
        "pval_group": 0.0078125,
        "frac_H1_rej": 0.37037037037037035
    },
    "increase_pow": {
        "pcurve": {
            "prevdiff_exp": 0.19751310593078697,
            "prevdiff_hdi": [
                -0.2569089216081105,
                0.6735305538803944
            ],
            "prevdiff_prob": 0.7458,
            "powdiff_exp": 0.5270009582460867,
            "powdiff_hdi": [
                0.24598834834265504,
                0.7689136317478618
            ],
            "powdiff_prob": 0.9962
        },
        "binom": {
            "prevdiff_exp": 0.47529076753257693,
            "prevdiff_hdi": [
                -0.1156269582241749,
                0.9287740127091457
            ],
            "prevdiff_prob": 0.9178,
            "powdiff_exp": 0.4695491757811262,
            "powdiff_hdi": [
                -0.10596403776191732,
                0.8987492750484752
            ],
            "powdiff_prob": 0.925
        },
        "pval_group": 0.0078125,
        "frac_H1_rej": 1.0
    },
    "baseline": {
        "frac_H1_rej": 0.25
    }
}