{
    "increase_prev": {
        "pcurve": {
            "prevdiff_exp": 0.3748705242559722,
            "prevdiff_hdi": [
                -0.025955868628134593,
                0.728811627764379
            ],
            "prevdiff_prob": 0.9572,
            "powdiff_exp": 0.018656022998946895,
            "powdiff_hdi": [
                -0.35468804875244786,
                0.3906125953410992
            ],
            "powdiff_prob": 0.5294
        },
        "binom": {
            "prevdiff_exp": 0.1676649634712187,
            "prevdiff_hdi": [
                -0.40451892741105544,
                0.6857561374020695
            ],
            "prevdiff_prob": 0.7238,
            "powdiff_exp": 0.17367796131988902,
            "powdiff_hdi": [
                -0.33026957917358235,
                0.6876691878359391
            ],
            "powdiff_prob": 0.7338
        },
        "pval_group": 0.0029296875,
        "frac_H1_rej": 0.5357142857142857
    },
    "increase_pow": {
        "pcurve": {
            "prevdiff_exp": 0.30611286273958827,
            "prevdiff_hdi": [
                -0.09990386278500252,
                0.649958500266006
            ],
            "prevdiff_prob": 0.9244,
            "powdiff_exp": 0.19129931863641772,
            "powdiff_hdi": [
                -0.16515072177997925,
                0.5638828272274663
            ],
            "powdiff_prob": 0.8222
        },
        "binom": {
            "prevdiff_exp": 0.2318714790285736,
            "prevdiff_hdi": [
                -0.2844211942886189,
                0.7332259702947241
            ],
            "prevdiff_prob": 0.7816,
            "powdiff_exp": 0.22920894180149234,
            "powdiff_hdi": [
                -0.304989565225532,
                0.6604455880455685
            ],
            "powdiff_prob": 0.7906
        },
        "pval_group": 0.0078125,
        "frac_H1_rej": 0.9473684210526315
    },
    "baseline": {
        "frac_H1_rej": 0.5384615384615384
    }
}