{
    "increase_prev": {
        "pcurve": {
            "prevdiff_exp": 0.43398523815235696,
            "prevdiff_hdi": [
                -0.05357291215691673,
                0.9102632112827838
            ],
            "prevdiff_prob": 0.9296,
            "powdiff_exp": 0.30887292170690334,
            "powdiff_hdi": [
                -0.022655566830246943,
                0.5635356777413305
            ],
            "powdiff_prob": 0.9548
        },
        "binom": {
            "prevdiff_exp": 0.4409023682725996,
            "prevdiff_hdi": [
                -0.1736267957089006,
                0.9282483278362443
            ],
            "prevdiff_prob": 0.8936,
            "powdiff_exp": 0.4660507978936114,
            "powdiff_hdi": [
                -0.12243135440969932,
                0.9279991796821965
            ],
            "powdiff_prob": 0.9126
        },
        "pval_group": 0.0009765625,
        "frac_H1_rej": 0.6428571428571429
    },
    "increase_pow": {
        "pcurve": {
            "prevdiff_exp": -0.07633581384991385,
            "prevdiff_hdi": [
                -0.6734582873793067,
                0.48353140877398415
            ],
            "prevdiff_prob": 0.4228,
            "powdiff_exp": 0.3978352772375546,
            "powdiff_hdi": [
                0.003884747148097334,
                0.8039477997075906
            ],
            "powdiff_prob": 0.9612
        },
        "binom": {
            "prevdiff_exp": 0.13599855681654963,
            "prevdiff_hdi": [
                -0.5721046119466563,
                0.8340991304431662
            ],
            "prevdiff_prob": 0.6714,
            "powdiff_exp": 0.183437929679949,
            "powdiff_hdi": [
                -0.4800238556587944,
                0.8845667097037225
            ],
            "powdiff_prob": 0.7346
        },
        "pval_group": 0.61328125,
        "frac_H1_rej": 0.8571428571428571
    },
    "baseline": {
        "frac_H1_rej": 0.16666666666666666
    }
}