{
    "increase_prev": {
        "pcurve": {
            "prevdiff_exp": 0.16982695867250153,
            "prevdiff_hdi": [
                -0.23096731386328562,
                0.6760954514932966
            ],
            "prevdiff_prob": 0.742,
            "powdiff_exp": 0.18471682255334665,
            "powdiff_hdi": [
                -0.10579321218788434,
                0.46870325337604063
            ],
            "powdiff_prob": 0.9042
        },
        "binom": {
            "prevdiff_exp": 0.1571983093677809,
            "prevdiff_hdi": [
                -0.4867250936871952,
                0.7270621900660879
            ],
            "prevdiff_prob": 0.6946,
            "powdiff_exp": 0.12592127461506447,
            "powdiff_hdi": [
                -0.479039484569405,
                0.6889912720634819
            ],
            "powdiff_prob": 0.678
        },
        "pval_group": 0.0029296875,
        "frac_H1_rej": 0.36666666666666664
    },
    "increase_pow": {
        "pcurve": {
            "prevdiff_exp": -0.12500834593877258,
            "prevdiff_hdi": [
                -0.5654315416966114,
                0.3402725103597158
            ],
            "prevdiff_prob": 0.298,
            "powdiff_exp": 0.4192472211363972,
            "powdiff_hdi": [
                0.10810603439125072,
                0.716362137661789
            ],
            "powdiff_prob": 0.9858
        },
        "binom": {
            "prevdiff_exp": 0.2226889895403626,
            "prevdiff_hdi": [
                -0.3605755328540975,
                0.7810150693148055
            ],
            "prevdiff_prob": 0.7698,
            "powdiff_exp": 0.20430179306025814,
            "powdiff_hdi": [
                -0.3659388742499372,
                0.7235969266582232
            ],
            "powdiff_prob": 0.7584
        },
        "pval_group": 0.22265625,
        "frac_H1_rej": 1.0
    },
    "baseline": {
        "frac_H1_rej": 0.35714285714285715
    }
}