{
    "increase_prev": {
        "pcurve": {
            "prevdiff_exp": 0.21495973539417074,
            "prevdiff_hdi": [
                -0.10381760628499681,
                0.5468493772516775
            ],
            "prevdiff_prob": 0.9046,
            "powdiff_exp": 0.04731447298185219,
            "powdiff_hdi": [
                -0.2486507730384548,
                0.3141203401300491
            ],
            "powdiff_prob": 0.6358
        },
        "binom": {
            "prevdiff_exp": 0.14770550208826908,
            "prevdiff_hdi": [
                -0.33817950754790715,
                0.6119480965121217
            ],
            "prevdiff_prob": 0.7062,
            "powdiff_exp": 0.15669159359859788,
            "powdiff_hdi": [
                -0.28209000656053795,
                0.6119216495375974
            ],
            "powdiff_prob": 0.7362
        },
        "pval_group": 0.2255859375,
        "frac_H1_rej": 0.6
    },
    "increase_pow": {
        "pcurve": {
            "prevdiff_exp": -0.2082374177100402,
            "prevdiff_hdi": [
                -0.5823673228033868,
                0.1815579403693942
            ],
            "prevdiff_prob": 0.1598,
            "powdiff_exp": 0.18691416647148168,
            "powdiff_hdi": [
                -0.164000352677806,
                0.5339607690191374
            ],
            "powdiff_prob": 0.8456
        },
        "binom": {
            "prevdiff_exp": -0.03275617614782467,
            "prevdiff_hdi": [
                -0.58470651030441,
                0.5494100435902691
            ],
            "prevdiff_prob": 0.4542,
            "powdiff_exp": -0.013627671447707984,
            "powdiff_hdi": [
                -0.5550508367352915,
                0.519616394713682
            ],
            "powdiff_prob": 0.4734
        },
        "pval_group": 0.9365234375,
        "frac_H1_rej": 0.9090909090909091
    },
    "baseline": {
        "frac_H1_rej": 0.5555555555555556
    }
}