{
    "increase_prev": {
        "pcurve": {
            "prevdiff_exp": 0.26017521132138643,
            "prevdiff_hdi": [
                -0.19667687539674383,
                0.7231592159835736
            ],
            "prevdiff_prob": 0.8454,
            "powdiff_exp": 0.27400309321000377,
            "powdiff_hdi": [
                -0.02560837067650623,
                0.5492554291335385
            ],
            "powdiff_prob": 0.9538
        },
        "binom": {
            "prevdiff_exp": 0.3129470726300418,
            "prevdiff_hdi": [
                -0.2942382312327132,
                0.8330186748847063
            ],
            "prevdiff_prob": 0.835,
            "powdiff_exp": 0.3135087874880802,
            "powdiff_hdi": [
                -0.25540657363523656,
                0.8309854336949258
            ],
            "powdiff_prob": 0.8376
        },
        "pval_group": 0.009765625,
        "frac_H1_rej": 0.6071428571428571
    },
    "increase_pow": {
        "pcurve": {
            "prevdiff_exp": 0.04429919118624761,
            "prevdiff_hdi": [
                -0.4311830817656108,
                0.5589938686708276
            ],
            "prevdiff_prob": 0.5546,
            "powdiff_exp": 0.3945096939297152,
            "powdiff_hdi": [
                0.068283320763247,
                0.6996733438389748
            ],
            "powdiff_prob": 0.9816
        },
        "binom": {
            "prevdiff_exp": 0.25769909171974875,
            "prevdiff_hdi": [
                -0.37303199111269214,
                0.8166293287071859
            ],
            "prevdiff_prob": 0.7928,
            "powdiff_exp": 0.2453786490238711,
            "powdiff_hdi": [
                -0.34456291192190425,
                0.771228693050741
            ],
            "powdiff_prob": 0.7932
        },
        "pval_group": 0.37890625,
        "frac_H1_rej": 0.8
    },
    "baseline": {
        "frac_H1_rej": 0.3076923076923077
    }
}