{
    "increase_prev": {
        "pcurve": {
            "prevdiff_exp": 0.4657808129037953,
            "prevdiff_hdi": [
                0.04386043659385097,
                0.8083094711749479
            ],
            "prevdiff_prob": 0.9764,
            "powdiff_exp": 0.043995629620671634,
            "powdiff_hdi": [
                -0.34546742894803284,
                0.39925454006645533
            ],
            "powdiff_prob": 0.6006
        },
        "binom": {
            "prevdiff_exp": 0.2226889895403626,
            "prevdiff_hdi": [
                -0.3605755328540975,
                0.7810150693148055
            ],
            "prevdiff_prob": 0.7698,
            "powdiff_exp": 0.20430179306025814,
            "powdiff_hdi": [
                -0.3659388742499372,
                0.7235969266582232
            ],
            "powdiff_prob": 0.7584
        },
        "pval_group": 0.0029296875,
        "frac_H1_rej": 0.4666666666666667
    },
    "increase_pow": {
        "pcurve": {
            "prevdiff_exp": 0.21453915471844276,
            "prevdiff_hdi": [
                -0.20616296195472472,
                0.5992296390874915
            ],
            "prevdiff_prob": 0.8458,
            "powdiff_exp": 0.286054015344946,
            "powdiff_hdi": [
                -0.10795023401920123,
                0.6592624426391628
            ],
            "powdiff_prob": 0.9142
        },
        "binom": {
            "prevdiff_exp": 0.30490381145604994,
            "prevdiff_hdi": [
                -0.23984474766249508,
                0.8244437839585744
            ],
            "prevdiff_prob": 0.8394,
            "powdiff_exp": 0.2826128682136624,
            "powdiff_hdi": [
                -0.23596790094838882,
                0.7686087244330668
            ],
            "powdiff_prob": 0.8292
        },
        "pval_group": 0.8447265625,
        "frac_H1_rej": 1.0
    },
    "baseline": {
        "frac_H1_rej": 0.42857142857142855
    }
}