{
    "increase_prev": {
        "pcurve": {
            "prevdiff_exp": 0.060185042294721894,
            "prevdiff_hdi": [
                -0.2483468698163973,
                0.3785557209057864
            ],
            "prevdiff_prob": 0.6376,
            "powdiff_exp": 0.17897024950324567,
            "powdiff_hdi": [
                -0.028486882842056416,
                0.3812824583314052
            ],
            "powdiff_prob": 0.958
        },
        "binom": {
            "prevdiff_exp": 0.25769909171974875,
            "prevdiff_hdi": [
                -0.37303199111269214,
                0.8166293287071859
            ],
            "prevdiff_prob": 0.7928,
            "powdiff_exp": 0.2453786490238711,
            "powdiff_hdi": [
                -0.34456291192190425,
                0.771228693050741
            ],
            "powdiff_prob": 0.7932
        },
        "pval_group": 0.00390625,
        "frac_H1_rej": 0.4827586206896552
    },
    "increase_pow": {
        "pcurve": {
            "prevdiff_exp": -0.13188558934981293,
            "prevdiff_hdi": [
                -0.4426063444056069,
                0.213969609601791
            ],
            "prevdiff_prob": 0.2008,
            "powdiff_exp": 0.4778715206823295,
            "powdiff_hdi": [
                0.2582636171593866,
                0.6913610054794931
            ],
            "powdiff_prob": 0.9994
        },
        "binom": {
            "prevdiff_exp": 0.3399139136354361,
            "prevdiff_hdi": [
                -0.2301853465510041,
                0.8501400283154114
            ],
            "prevdiff_prob": 0.8524,
            "powdiff_exp": 0.3236897241772753,
            "powdiff_hdi": [
                -0.23752212552670582,
                0.8078895768154368
            ],
            "powdiff_prob": 0.8536
        },
        "pval_group": 0.0078125,
        "frac_H1_rej": 0.9444444444444444
    },
    "baseline": {
        "frac_H1_rej": 0.2857142857142857
    }
}