{
    "increase_prev": {
        "pcurve": {
            "prevdiff_exp": 0.5149321282124222,
            "prevdiff_hdi": [
                0.006265949220296663,
                0.9505600665349206
            ],
            "prevdiff_prob": 0.9604,
            "powdiff_exp": 0.10845120066094546,
            "powdiff_hdi": [
                -0.3345086879247351,
                0.4280876592258066
            ],
            "powdiff_prob": 0.765
        },
        "binom": {
            "prevdiff_exp": 0.15945223539934242,
            "prevdiff_hdi": [
                -0.4965966591173275,
                0.771613441180991
            ],
            "prevdiff_prob": 0.6912,
            "powdiff_exp": 0.15337045913096944,
            "powdiff_hdi": [
                -0.4906825992054199,
                0.69320856065334
            ],
            "powdiff_prob": 0.7008
        },
        "pval_group": 0.0009765625,
        "frac_H1_rej": 0.35714285714285715
    },
    "increase_pow": {
        "pcurve": {
            "prevdiff_exp": 0.1703089937984987,
            "prevdiff_hdi": [
                -0.3773093629460205,
                0.6563503323479157
            ],
            "prevdiff_prob": 0.7388,
            "powdiff_exp": 0.4454495739597266,
            "powdiff_hdi": [
                -0.013311257124448528,
                0.7960201632311596
            ],
            "powdiff_prob": 0.9548
        },
        "binom": {
            "prevdiff_exp": 0.25769909171974875,
            "prevdiff_hdi": [
                -0.37303199111269214,
                0.8166293287071859
            ],
            "prevdiff_prob": 0.7928,
            "powdiff_exp": 0.2453786490238711,
            "powdiff_hdi": [
                -0.34456291192190425,
                0.771228693050741
            ],
            "powdiff_prob": 0.7932
        },
        "pval_group": 0.1064453125,
        "frac_H1_rej": 1.0
    },
    "baseline": {
        "frac_H1_rej": 0.4
    }
}