{
    "increase_prev": {
        "pcurve": {
            "prevdiff_exp": 0.19873049889971145,
            "prevdiff_hdi": [
                -0.2109557530921643,
                0.5858023068173922
            ],
            "prevdiff_prob": 0.836,
            "powdiff_exp": -0.030118584799260044,
            "powdiff_hdi": [
                -0.3344581129813209,
                0.24605129366000167
            ],
            "powdiff_prob": 0.4422
        },
        "binom": {
            "prevdiff_exp": 0.0268860244431382,
            "prevdiff_hdi": [
                -0.550831554498189,
                0.6035178722204599
            ],
            "prevdiff_prob": 0.5378,
            "powdiff_exp": 0.025287244395042426,
            "powdiff_hdi": [
                -0.5496732157516877,
                0.5806730655455874
            ],
            "powdiff_prob": 0.539
        },
        "pval_group": 0.09765625,
        "frac_H1_rej": 0.3448275862068966
    },
    "increase_pow": {
        "pcurve": {
            "prevdiff_exp": -0.1587463545454765,
            "prevdiff_hdi": [
                -0.5435327669583176,
                0.24351143110459395
            ],
            "prevdiff_prob": 0.2182,
            "powdiff_exp": 0.39904189538852125,
            "powdiff_hdi": [
                0.08057724724944132,
                0.6860142014488207
            ],
            "powdiff_prob": 0.9904
        },
        "binom": {
            "prevdiff_exp": 0.10282434248343943,
            "prevdiff_hdi": [
                -0.46391285844393804,
                0.640850572071314
            ],
            "prevdiff_prob": 0.6488,
            "powdiff_exp": 0.0930043664675662,
            "powdiff_hdi": [
                -0.43314687785795697,
                0.619064719114842
            ],
            "powdiff_prob": 0.6322
        },
        "pval_group": 0.552734375,
        "frac_H1_rej": 0.9285714285714286
    },
    "baseline": {
        "frac_H1_rej": 0.6
    }
}