{
    "increase_prev": {
        "pcurve": {
            "prevdiff_exp": 0.49407600783504296,
            "prevdiff_hdi": [
                -0.04975855294827314,
                0.9431955881804198
            ],
            "prevdiff_prob": 0.9382,
            "powdiff_exp": 0.23843692828516241,
            "powdiff_hdi": [
                -0.1885030802809068,
                0.541962823759463
            ],
            "powdiff_prob": 0.897
        },
        "binom": {
            "prevdiff_exp": 0.28415501560268175,
            "prevdiff_hdi": [
                -0.3418700184273562,
                0.8740334268642953
            ],
            "prevdiff_prob": 0.8142,
            "powdiff_exp": 0.25780556036895996,
            "powdiff_hdi": [
                -0.32330480728412214,
                0.836248841650578
            ],
            "powdiff_prob": 0.7996
        },
        "pval_group": 0.0009765625,
        "frac_H1_rej": 0.43333333333333335
    },
    "increase_pow": {
        "pcurve": {
            "prevdiff_exp": 0.08455031881920552,
            "prevdiff_hdi": [
                -0.5331473689053963,
                0.6236020657234159
            ],
            "prevdiff_prob": 0.6364,
            "powdiff_exp": 0.41712319959803007,
            "powdiff_hdi": [
                -0.04724344251560941,
                0.8186056792486079
            ],
            "powdiff_prob": 0.9412
        },
        "binom": {
            "prevdiff_exp": 0.24097287371020526,
            "prevdiff_hdi": [
                -0.41716178060129705,
                0.8418346277182667
            ],
            "prevdiff_prob": 0.7812,
            "powdiff_exp": 0.20371610974414417,
            "powdiff_hdi": [
                -0.40656218537683375,
                0.7823195103131289
            ],
            "powdiff_prob": 0.7606
        },
        "pval_group": 0.646484375,
        "frac_H1_rej": 0.9090909090909091
    },
    "baseline": {
        "frac_H1_rej": 0.4444444444444444
    }
}