{
    "increase_prev": {
        "pcurve": {
            "prevdiff_exp": 0.19469582146630102,
            "prevdiff_hdi": [
                -0.15676801945420737,
                0.5511279960136177
            ],
            "prevdiff_prob": 0.8536,
            "powdiff_exp": 0.12805080669190688,
            "powdiff_hdi": [
                -0.12518144287683308,
                0.3813891292104321
            ],
            "powdiff_prob": 0.835
        },
        "binom": {
            "prevdiff_exp": 0.10282434248343943,
            "prevdiff_hdi": [
                -0.46391285844393804,
                0.640850572071314
            ],
            "prevdiff_prob": 0.6488,
            "powdiff_exp": 0.0930043664675662,
            "powdiff_hdi": [
                -0.43314687785795697,
                0.619064719114842
            ],
            "powdiff_prob": 0.6322
        },
        "pval_group": 0.0166015625,
        "frac_H1_rej": 0.4642857142857143
    },
    "increase_pow": {
        "pcurve": {
            "prevdiff_exp": -0.15722943730491548,
            "prevdiff_hdi": [
                -0.5412221274205335,
                0.2611576608414482
            ],
            "prevdiff_prob": 0.2222,
            "powdiff_exp": 0.2875440045779821,
            "powdiff_hdi": [
                -0.039591788417149,
                0.5827580694799733
            ],
            "powdiff_prob": 0.953
        },
        "binom": {
            "prevdiff_exp": 0.10282434248343943,
            "prevdiff_hdi": [
                -0.46391285844393804,
                0.640850572071314
            ],
            "prevdiff_prob": 0.6488,
            "powdiff_exp": 0.0930043664675662,
            "powdiff_hdi": [
                -0.43314687785795697,
                0.619064719114842
            ],
            "powdiff_prob": 0.6322
        },
        "pval_group": 0.4521484375,
        "frac_H1_rej": 0.9285714285714286
    },
    "baseline": {
        "frac_H1_rej": 0.6428571428571429
    }
}