{
    "increase_prev": {
        "pcurve": {
            "prevdiff_exp": 0.4104025973107201,
            "prevdiff_hdi": [
                -0.07085534057818266,
                0.8366622754151471
            ],
            "prevdiff_prob": 0.9404,
            "powdiff_exp": 0.13466959313526064,
            "powdiff_hdi": [
                -0.29632408209780803,
                0.440425763111231
            ],
            "powdiff_prob": 0.7774
        },
        "binom": {
            "prevdiff_exp": 0.21635734249718902,
            "prevdiff_hdi": [
                -0.41850166710642706,
                0.7937426377387214
            ],
            "prevdiff_prob": 0.7456,
            "powdiff_exp": 0.19392839659515002,
            "powdiff_hdi": [
                -0.41134146749219225,
                0.7751400561832572
            ],
            "powdiff_prob": 0.741
        },
        "pval_group": 0.0009765625,
        "frac_H1_rej": 0.41379310344827586
    },
    "increase_pow": {
        "pcurve": {
            "prevdiff_exp": 0.1597840668257882,
            "prevdiff_hdi": [
                -0.35699368480849697,
                0.6106679294742131
            ],
            "prevdiff_prob": 0.7346,
            "powdiff_exp": 0.3108973991419852,
            "powdiff_hdi": [
                -0.09707524392032674,
                0.6733508422146977
            ],
            "powdiff_prob": 0.9184
        },
        "binom": {
            "prevdiff_exp": 0.2757073980780812,
            "prevdiff_hdi": [
                -0.3467688247133779,
                0.8035521512511697
            ],
            "prevdiff_prob": 0.8018,
            "powdiff_exp": 0.268158743695672,
            "powdiff_hdi": [
                -0.30109507152523607,
                0.807761469069551
            ],
            "powdiff_prob": 0.8074
        },
        "pval_group": 0.0263671875,
        "frac_H1_rej": 0.875
    },
    "baseline": {
        "frac_H1_rej": 0.375
    }
}