{
    "increase_prev": {
        "pcurve": {
            "prevdiff_exp": 0.1733933491241509,
            "prevdiff_hdi": [
                -0.26190586879847355,
                0.6302788444069236
            ],
            "prevdiff_prob": 0.7518,
            "powdiff_exp": 0.2544050778686033,
            "powdiff_hdi": [
                -0.007411589068685109,
                0.48356624562780925
            ],
            "powdiff_prob": 0.969
        },
        "binom": {
            "prevdiff_exp": 0.21635734249718902,
            "prevdiff_hdi": [
                -0.41850166710642706,
                0.7937426377387214
            ],
            "prevdiff_prob": 0.7456,
            "powdiff_exp": 0.19392839659515002,
            "powdiff_hdi": [
                -0.41134146749219225,
                0.7751400561832572
            ],
            "powdiff_prob": 0.741
        },
        "pval_group": 0.0009765625,
        "frac_H1_rej": 0.41379310344827586
    },
    "increase_pow": {
        "pcurve": {
            "prevdiff_exp": -0.10407393614212505,
            "prevdiff_hdi": [
                -0.5432236304732446,
                0.36077029646204917
            ],
            "prevdiff_prob": 0.3194,
            "powdiff_exp": 0.5522878830582169,
            "powdiff_hdi": [
                0.29055200057351954,
                0.7843254241747577
            ],
            "powdiff_prob": 0.999
        },
        "binom": {
            "prevdiff_exp": 0.2757073980780812,
            "prevdiff_hdi": [
                -0.3467688247133779,
                0.8035521512511697
            ],
            "prevdiff_prob": 0.8018,
            "powdiff_exp": 0.268158743695672,
            "powdiff_hdi": [
                -0.30109507152523607,
                0.807761469069551
            ],
            "powdiff_prob": 0.8074
        },
        "pval_group": 0.03515625,
        "frac_H1_rej": 1.0
    },
    "baseline": {
        "frac_H1_rej": 0.3333333333333333
    }
}