{
    "increase_prev": {
        "pcurve": {
            "prevdiff_exp": 0.4673642585581707,
            "prevdiff_hdi": [
                0.07901872879358307,
                0.8026336639800837
            ],
            "prevdiff_prob": 0.9876,
            "powdiff_exp": 0.09825771531587259,
            "powdiff_hdi": [
                -0.27238920198782074,
                0.4294816229334518
            ],
            "powdiff_prob": 0.7114
        },
        "binom": {
            "prevdiff_exp": 0.20490463802317926,
            "prevdiff_hdi": [
                -0.3165248470603046,
                0.7265634478988441
            ],
            "prevdiff_prob": 0.7504,
            "powdiff_exp": 0.21902800511229717,
            "powdiff_hdi": [
                -0.28825511090028877,
                0.6914733754110773
            ],
            "powdiff_prob": 0.7832
        },
        "pval_group": 0.0029296875,
        "frac_H1_rej": 0.5862068965517241
    },
    "increase_pow": {
        "pcurve": {
            "prevdiff_exp": 0.16250211047187252,
            "prevdiff_hdi": [
                -0.26105226399180625,
                0.5607353235264223
            ],
            "prevdiff_prob": 0.777,
            "powdiff_exp": 0.27293904862321844,
            "powdiff_hdi": [
                -0.11739183794843189,
                0.6464284976025838
            ],
            "powdiff_prob": 0.9028
        },
        "binom": {
            "prevdiff_exp": 0.18876861378195248,
            "prevdiff_hdi": [
                -0.3601402524251879,
                0.7099454161478973
            ],
            "prevdiff_prob": 0.7384,
            "powdiff_exp": 0.19192551376798145,
            "powdiff_hdi": [
                -0.32054706837046865,
                0.6882465635812046
            ],
            "powdiff_prob": 0.758
        },
        "pval_group": 0.01953125,
        "frac_H1_rej": 0.9375
    },
    "baseline": {
        "frac_H1_rej": 0.36363636363636365
    }
}