{
    "increase_prev": {
        "pcurve": {
            "prevdiff_exp": 0.35327571776886846,
            "prevdiff_hdi": [
                -0.029398267587864346,
                0.7033508653364431
            ],
            "prevdiff_prob": 0.956,
            "powdiff_exp": 0.07094950346799869,
            "powdiff_hdi": [
                -0.2552195959230126,
                0.4010349965180869
            ],
            "powdiff_prob": 0.6682
        },
        "binom": {
            "prevdiff_exp": 0.12513288076354456,
            "prevdiff_hdi": [
                -0.42172648575651617,
                0.6718849915044207
            ],
            "prevdiff_prob": 0.665,
            "powdiff_exp": 0.11729543428794409,
            "powdiff_hdi": [
                -0.413050403286488,
                0.620603806694966
            ],
            "powdiff_prob": 0.6636
        },
        "pval_group": 0.0302734375,
        "frac_H1_rej": 0.5
    },
    "increase_pow": {
        "pcurve": {
            "prevdiff_exp": 0.01579479874105509,
            "prevdiff_hdi": [
                -0.415932846428314,
                0.4452657503218177
            ],
            "prevdiff_prob": 0.5428,
            "powdiff_exp": 0.20222191589665003,
            "powdiff_hdi": [
                -0.17611715963454222,
                0.6026137708587977
            ],
            "powdiff_prob": 0.8422
        },
        "binom": {
            "prevdiff_exp": 0.10282434248343943,
            "prevdiff_hdi": [
                -0.46391285844393804,
                0.640850572071314
            ],
            "prevdiff_prob": 0.6488,
            "powdiff_exp": 0.0930043664675662,
            "powdiff_hdi": [
                -0.43314687785795697,
                0.619064719114842
            ],
            "powdiff_prob": 0.6322
        },
        "pval_group": 0.8974609375,
        "frac_H1_rej": 1.0
    },
    "baseline": {
        "frac_H1_rej": 0.5294117647058824
    }
}