{
    "increase_prev": {
        "pcurve": {
            "prevdiff_exp": 0.41737346866754943,
            "prevdiff_hdi": [
                -0.03930566108250888,
                0.8337901805600282
            ],
            "prevdiff_prob": 0.962,
            "powdiff_exp": 0.2712865219792315,
            "powdiff_hdi": [
                -0.07492013962672617,
                0.545771534095288
            ],
            "powdiff_prob": 0.9298
        },
        "binom": {
            "prevdiff_exp": 0.296811048388815,
            "prevdiff_hdi": [
                -0.30393763894889625,
                0.8116745479373222
            ],
            "prevdiff_prob": 0.8226,
            "powdiff_exp": 0.28640629614376445,
            "powdiff_hdi": [
                -0.3029142041077365,
                0.7849565289772671
            ],
            "powdiff_prob": 0.8232
        },
        "pval_group": 0.0009765625,
        "frac_H1_rej": 0.5517241379310345
    },
    "increase_pow": {
        "pcurve": {
            "prevdiff_exp": -0.004682941834898477,
            "prevdiff_hdi": [
                -0.5270380841066015,
                0.4435355127122756
            ],
            "prevdiff_prob": 0.508,
            "powdiff_exp": 0.49378298832415257,
            "powdiff_hdi": [
                0.13193970770283991,
                0.7973689119849678
            ],
            "powdiff_prob": 0.9856
        },
        "binom": {
            "prevdiff_exp": 0.25769909171974875,
            "prevdiff_hdi": [
                -0.37303199111269214,
                0.8166293287071859
            ],
            "prevdiff_prob": 0.7928,
            "powdiff_exp": 0.2453786490238711,
            "powdiff_hdi": [
                -0.34456291192190425,
                0.771228693050741
            ],
            "powdiff_prob": 0.7932
        },
        "pval_group": 0.107421875,
        "frac_H1_rej": 0.9285714285714286
    },
    "baseline": {
        "frac_H1_rej": 0.36363636363636365
    }
}