{
    "increase_prev": {
        "pcurve": {
            "prevdiff_exp": 0.15308571814145572,
            "prevdiff_hdi": [
                -0.25135167699195127,
                0.549941855013516
            ],
            "prevdiff_prob": 0.7618,
            "powdiff_exp": 0.18046055820071097,
            "powdiff_hdi": [
                -0.08919347574998437,
                0.4677638660342503
            ],
            "powdiff_prob": 0.8904
        },
        "binom": {
            "prevdiff_exp": 0.143141187121877,
            "prevdiff_hdi": [
                -0.38740471006485294,
                0.6710863002707265
            ],
            "prevdiff_prob": 0.6864,
            "powdiff_exp": 0.14007552895974498,
            "powdiff_hdi": [
                -0.39332672104633926,
                0.6305774621765518
            ],
            "powdiff_prob": 0.6988
        },
        "pval_group": 0.0068359375,
        "frac_H1_rej": 0.5172413793103449
    },
    "increase_pow": {
        "pcurve": {
            "prevdiff_exp": -0.1403640983687863,
            "prevdiff_hdi": [
                -0.5315076582503342,
                0.24125930380623073
            ],
            "prevdiff_prob": 0.247,
            "powdiff_exp": 0.3750016993973215,
            "powdiff_hdi": [
                0.07173632516989781,
                0.6520858117791344
            ],
            "powdiff_prob": 0.9888
        },
        "binom": {
            "prevdiff_exp": 0.10282434248343943,
            "prevdiff_hdi": [
                -0.46391285844393804,
                0.640850572071314
            ],
            "prevdiff_prob": 0.6488,
            "powdiff_exp": 0.0930043664675662,
            "powdiff_hdi": [
                -0.43314687785795697,
                0.619064719114842
            ],
            "powdiff_prob": 0.6322
        },
        "pval_group": 0.94140625,
        "frac_H1_rej": 1.0
    },
    "baseline": {
        "frac_H1_rej": 0.5714285714285714
    }
}