{
    "increase_prev": {
        "pcurve": {
            "prevdiff_exp": 0.43752672723487557,
            "prevdiff_hdi": [
                0.0409126253068427,
                0.7762716711131736
            ],
            "prevdiff_prob": 0.986,
            "powdiff_exp": 0.09747848432604288,
            "powdiff_hdi": [
                -0.20355109155732798,
                0.3840481730563445
            ],
            "powdiff_prob": 0.7482
        },
        "binom": {
            "prevdiff_exp": 0.23539055343964366,
            "prevdiff_hdi": [
                -0.3895634657335083,
                0.8322231647154883
            ],
            "prevdiff_prob": 0.7636,
            "powdiff_exp": 0.2210875812034932,
            "powdiff_hdi": [
                -0.39070904803429296,
                0.7636319710329034
            ],
            "powdiff_prob": 0.7692
        },
        "pval_group": 0.0087890625,
        "frac_H1_rej": 0.43333333333333335
    },
    "increase_pow": {
        "pcurve": {
            "prevdiff_exp": 0.11023129514734846,
            "prevdiff_hdi": [
                -0.28752069609066777,
                0.49396407541259524
            ],
            "prevdiff_prob": 0.7096,
            "powdiff_exp": 0.4362958316220725,
            "powdiff_hdi": [
                0.11051075247276543,
                0.7276025875453074
            ],
            "powdiff_prob": 0.9928
        },
        "binom": {
            "prevdiff_exp": 0.3129470726300418,
            "prevdiff_hdi": [
                -0.2942382312327132,
                0.8330186748847063
            ],
            "prevdiff_prob": 0.835,
            "powdiff_exp": 0.3135087874880802,
            "powdiff_hdi": [
                -0.25540657363523656,
                0.8309854336949258
            ],
            "powdiff_prob": 0.8376
        },
        "pval_group": 0.0615234375,
        "frac_H1_rej": 1.0
    },
    "baseline": {
        "frac_H1_rej": 0.3125
    }
}