{
    "increase_prev": {
        "pcurve": {
            "prevdiff_exp": 0.3493433433784061,
            "prevdiff_hdi": [
                -0.07536990319178705,
                0.7261963875121479
            ],
            "prevdiff_prob": 0.947,
            "powdiff_exp": 0.13467032316240235,
            "powdiff_hdi": [
                -0.1675625982787965,
                0.42911443837865576
            ],
            "powdiff_prob": 0.8216
        },
        "binom": {
            "prevdiff_exp": 0.10831490789032648,
            "prevdiff_hdi": [
                -0.5019099045829167,
                0.6588128193176792
            ],
            "prevdiff_prob": 0.6384,
            "powdiff_exp": 0.09944761421936701,
            "powdiff_hdi": [
                -0.46053350532630905,
                0.6248992146799097
            ],
            "powdiff_prob": 0.6358
        },
        "pval_group": 0.0009765625,
        "frac_H1_rej": 0.4
    },
    "increase_pow": {
        "pcurve": {
            "prevdiff_exp": -0.20305373498427054,
            "prevdiff_hdi": [
                -0.6921238941605363,
                0.22007931506040868
            ],
            "prevdiff_prob": 0.204,
            "powdiff_exp": 0.3711306219628329,
            "powdiff_hdi": [
                -0.047304547204788994,
                0.7235820704955311
            ],
            "powdiff_prob": 0.9502
        },
        "binom": {
            "prevdiff_exp": 0.05140980079247987,
            "prevdiff_hdi": [
                -0.588132083993707,
                0.6287080382787518
            ],
            "prevdiff_prob": 0.5716,
            "powdiff_exp": 0.05888967675518645,
            "powdiff_hdi": [
                -0.5132947018203338,
                0.6198919754732876
            ],
            "powdiff_prob": 0.587
        },
        "pval_group": 0.07421875,
        "frac_H1_rej": 1.0
    },
    "baseline": {
        "frac_H1_rej": 0.6
    }
}