{
    "increase_prev": {
        "pcurve": {
            "prevdiff_exp": 0.28770736671067243,
            "prevdiff_hdi": [
                -0.09389504330142939,
                0.7284770840936883
            ],
            "prevdiff_prob": 0.9062,
            "powdiff_exp": 0.12090457140583008,
            "powdiff_hdi": [
                -0.15628449215475437,
                0.3935647323250872
            ],
            "powdiff_prob": 0.823
        },
        "binom": {
            "prevdiff_exp": 0.19220841154716706,
            "prevdiff_hdi": [
                -0.4019318782099181,
                0.8467984729501401
            ],
            "prevdiff_prob": 0.7244,
            "powdiff_exp": 0.16699813057867743,
            "powdiff_hdi": [
                -0.4660747850865876,
                0.7368521305563903
            ],
            "powdiff_prob": 0.716
        },
        "pval_group": 0.0048828125,
        "frac_H1_rej": 0.44
    },
    "increase_pow": {
        "pcurve": {
            "prevdiff_exp": -0.13780388192698495,
            "prevdiff_hdi": [
                -0.5733958291604114,
                0.2992903417564013
            ],
            "prevdiff_prob": 0.2832,
            "powdiff_exp": 0.41984131387205753,
            "powdiff_hdi": [
                0.09461486647897,
                0.7363483118310545
            ],
            "powdiff_prob": 0.9826
        },
        "binom": {
            "prevdiff_exp": 0.25769909171974875,
            "prevdiff_hdi": [
                -0.37303199111269214,
                0.8166293287071859
            ],
            "prevdiff_prob": 0.7928,
            "powdiff_exp": 0.2453786490238711,
            "powdiff_hdi": [
                -0.34456291192190425,
                0.771228693050741
            ],
            "powdiff_prob": 0.7932
        },
        "pval_group": 0.5859375,
        "frac_H1_rej": 1.0
    },
    "baseline": {
        "frac_H1_rej": 0.21428571428571427
    }
}