{
    "increase_prev": {
        "pcurve": {
            "prevdiff_exp": 0.10391054282995446,
            "prevdiff_hdi": [
                -0.3253682330785167,
                0.5786786280006462
            ],
            "prevdiff_prob": 0.6238,
            "powdiff_exp": 0.2914033708506156,
            "powdiff_hdi": [
                -0.033106394663582506,
                0.5848120931486898
            ],
            "powdiff_prob": 0.9504
        },
        "binom": {
            "prevdiff_exp": 0.2226889895403626,
            "prevdiff_hdi": [
                -0.3605755328540975,
                0.7810150693148055
            ],
            "prevdiff_prob": 0.7698,
            "powdiff_exp": 0.20430179306025814,
            "powdiff_hdi": [
                -0.3659388742499372,
                0.7235969266582232
            ],
            "powdiff_prob": 0.7584
        },
        "pval_group": 0.0009765625,
        "frac_H1_rej": 0.5
    },
    "increase_pow": {
        "pcurve": {
            "prevdiff_exp": -0.10447190431825051,
            "prevdiff_hdi": [
                -0.5073234905883524,
                0.3876152008031758
            ],
            "prevdiff_prob": 0.3158,
            "powdiff_exp": 0.4322787026767661,
            "powdiff_hdi": [
                0.12548171990621154,
                0.7223939226550029
            ],
            "powdiff_prob": 0.9844
        },
        "binom": {
            "prevdiff_exp": 0.2226889895403626,
            "prevdiff_hdi": [
                -0.3605755328540975,
                0.7810150693148055
            ],
            "prevdiff_prob": 0.7698,
            "powdiff_exp": 0.20430179306025814,
            "powdiff_hdi": [
                -0.3659388742499372,
                0.7235969266582232
            ],
            "powdiff_prob": 0.7584
        },
        "pval_group": 0.091796875,
        "frac_H1_rej": 0.9230769230769231
    },
    "baseline": {
        "frac_H1_rej": 0.35714285714285715
    }
}