{
    "increase_prev": {
        "pcurve": {
            "prevdiff_exp": 0.3965807424964736,
            "prevdiff_hdi": [
                0.013520948357979568,
                0.7617960074928436
            ],
            "prevdiff_prob": 0.9712,
            "powdiff_exp": 0.11279713608819175,
            "powdiff_hdi": [
                -0.24329817056400765,
                0.4389425592672218
            ],
            "powdiff_prob": 0.747
        },
        "binom": {
            "prevdiff_exp": 0.26283736072787695,
            "prevdiff_hdi": [
                -0.2882583031759345,
                0.7353424429797546
            ],
            "prevdiff_prob": 0.8166,
            "powdiff_exp": 0.2584216677882076,
            "powdiff_hdi": [
                -0.22983240770080904,
                0.7310518251192848
            ],
            "powdiff_prob": 0.8218
        },
        "pval_group": 0.001953125,
        "frac_H1_rej": 0.6206896551724138
    },
    "increase_pow": {
        "pcurve": {
            "prevdiff_exp": -0.034649159747064416,
            "prevdiff_hdi": [
                -0.4529916632691283,
                0.3535149074591345
            ],
            "prevdiff_prob": 0.4464,
            "powdiff_exp": 0.3749523069943878,
            "powdiff_hdi": [
                0.013189929912025056,
                0.7103190926814562
            ],
            "powdiff_prob": 0.9696
        },
        "binom": {
            "prevdiff_exp": 0.15831400053208444,
            "prevdiff_hdi": [
                -0.469517779582702,
                0.6818685071085399
            ],
            "prevdiff_prob": 0.7046,
            "powdiff_exp": 0.15581952481442546,
            "powdiff_hdi": [
                -0.43760014099573424,
                0.6699355663760868
            ],
            "powdiff_prob": 0.7052
        },
        "pval_group": 0.0810546875,
        "frac_H1_rej": 0.9285714285714286
    },
    "baseline": {
        "frac_H1_rej": 0.5454545454545454
    }
}