{
    "increase_prev": {
        "pcurve": {
            "prevdiff_exp": 0.16959980972280797,
            "prevdiff_hdi": [
                -0.23787132541646072,
                0.6392669470619351
            ],
            "prevdiff_prob": 0.7634,
            "powdiff_exp": 0.1247036968028549,
            "powdiff_hdi": [
                -0.13484452993862134,
                0.37331482686906453
            ],
            "powdiff_prob": 0.853
        },
        "binom": {
            "prevdiff_exp": 0.20821669756238056,
            "prevdiff_hdi": [
                -0.4258855826744752,
                0.8134871419092214
            ],
            "prevdiff_prob": 0.7524,
            "powdiff_exp": 0.19008843829643618,
            "powdiff_hdi": [
                -0.4017269738685284,
                0.7977322524363873
            ],
            "powdiff_prob": 0.7368
        },
        "pval_group": 0.0029296875,
        "frac_H1_rej": 0.3448275862068966
    },
    "increase_pow": {
        "pcurve": {
            "prevdiff_exp": -0.10438835970659127,
            "prevdiff_hdi": [
                -0.4973072246807161,
                0.3585753422731102
            ],
            "prevdiff_prob": 0.3048,
            "powdiff_exp": 0.5179780174285029,
            "powdiff_hdi": [
                0.24727058340998603,
                0.7530698152846945
            ],
            "powdiff_prob": 0.998
        },
        "binom": {
            "prevdiff_exp": 0.3244718602411194,
            "prevdiff_hdi": [
                -0.24459917779504814,
                0.9020248547893676
            ],
            "prevdiff_prob": 0.8456,
            "powdiff_exp": 0.30487672286113876,
            "powdiff_hdi": [
                -0.2746985996800374,
                0.8187391075092914
            ],
            "powdiff_prob": 0.8412
        },
        "pval_group": 0.00390625,
        "frac_H1_rej": 1.0
    },
    "baseline": {
        "frac_H1_rej": 0.1875
    }
}