{
    "increase_prev": {
        "pcurve": {
            "prevdiff_exp": 0.38524326040931495,
            "prevdiff_hdi": [
                -0.06869321253708904,
                0.8314407678483231
            ],
            "prevdiff_prob": 0.94,
            "powdiff_exp": 0.20248226376655595,
            "powdiff_hdi": [
                -0.10142188035464883,
                0.44513314473509824
            ],
            "powdiff_prob": 0.906
        },
        "binom": {
            "prevdiff_exp": 0.2003804512602575,
            "prevdiff_hdi": [
                -0.42096537519291255,
                0.751552573457396
            ],
            "prevdiff_prob": 0.7442,
            "powdiff_exp": 0.18001072523988026,
            "powdiff_hdi": [
                -0.3936470525743901,
                0.6977605694974172
            ],
            "powdiff_prob": 0.7366
        },
        "pval_group": 0.0009765625,
        "frac_H1_rej": 0.4482758620689655
    },
    "increase_pow": {
        "pcurve": {
            "prevdiff_exp": 0.16437283051552623,
            "prevdiff_hdi": [
                -0.33519213044976026,
                0.6414259885779542
            ],
            "prevdiff_prob": 0.707,
            "powdiff_exp": 0.49611290378932416,
            "powdiff_hdi": [
                0.18916947796109396,
                0.7593699223143302
            ],
            "powdiff_prob": 0.9916
        },
        "binom": {
            "prevdiff_exp": 0.30490381145604994,
            "prevdiff_hdi": [
                -0.23984474766249508,
                0.8244437839585744
            ],
            "prevdiff_prob": 0.8394,
            "powdiff_exp": 0.2826128682136624,
            "powdiff_hdi": [
                -0.23596790094838882,
                0.7686087244330668
            ],
            "powdiff_prob": 0.8292
        },
        "pval_group": 0.0009765625,
        "frac_H1_rej": 0.9444444444444444
    },
    "baseline": {
        "frac_H1_rej": 0.7142857142857143
    }
}