{
    "increase_prev": {
        "pcurve": {
            "prevdiff_exp": 0.47368983084539057,
            "prevdiff_hdi": [
                -0.07771866878186984,
                0.9576662062783653
            ],
            "prevdiff_prob": 0.9194,
            "powdiff_exp": 0.16527470233747568,
            "powdiff_hdi": [
                -0.26087857124608044,
                0.495846328286881
            ],
            "powdiff_prob": 0.8702
        },
        "binom": {
            "prevdiff_exp": 0.25934032735616885,
            "prevdiff_hdi": [
                -0.4064518638642347,
                0.93248330576079
            ],
            "prevdiff_prob": 0.7744,
            "powdiff_exp": 0.3477237161661814,
            "powdiff_hdi": [
                -0.2756592825088581,
                0.9198558165191757
            ],
            "powdiff_prob": 0.8636
        },
        "pval_group": 0.0009765625,
        "frac_H1_rej": 0.38461538461538464
    },
    "increase_pow": {
        "pcurve": {
            "prevdiff_exp": 0.203231212946089,
            "prevdiff_hdi": [
                -0.38153219297787283,
                0.6473377980521766
            ],
            "prevdiff_prob": 0.762,
            "powdiff_exp": 0.5279660865556304,
            "powdiff_hdi": [
                0.1379253841316248,
                0.8301566301299781
            ],
            "powdiff_prob": 0.9716
        },
        "binom": {
            "prevdiff_exp": 0.37559549003490766,
            "prevdiff_hdi": [
                -0.25180701759034607,
                0.9449732854856453
            ],
            "prevdiff_prob": 0.8482,
            "powdiff_exp": 0.46251200073088405,
            "powdiff_hdi": [
                -0.11495171690672978,
                0.9545054355943399
            ],
            "powdiff_prob": 0.9148
        },
        "pval_group": 0.0595703125,
        "frac_H1_rej": 1.0
    },
    "baseline": {
        "frac_H1_rej": 0.0
    }
}