{
    "increase_prev": {
        "pcurve": {
            "prevdiff_exp": 0.37212870986481816,
            "prevdiff_hdi": [
                0.01956404042747195,
                0.70400358141477
            ],
            "prevdiff_prob": 0.9742,
            "powdiff_exp": 0.05928806499344653,
            "powdiff_hdi": [
                -0.2656436338515713,
                0.36258602170084514
            ],
            "powdiff_prob": 0.6446
        },
        "binom": {
            "prevdiff_exp": 0.15349483723069937,
            "prevdiff_hdi": [
                -0.3377191375091779,
                0.6601394171025773
            ],
            "prevdiff_prob": 0.7192,
            "powdiff_exp": 0.16013832835711073,
            "powdiff_hdi": [
                -0.28385538590413517,
                0.6555134794378505
            ],
            "powdiff_prob": 0.7288
        },
        "pval_group": 0.0205078125,
        "frac_H1_rej": 0.6071428571428571
    },
    "increase_pow": {
        "pcurve": {
            "prevdiff_exp": -0.19803401308162089,
            "prevdiff_hdi": [
                -0.590130054280656,
                0.17991727221462567
            ],
            "prevdiff_prob": 0.1658,
            "powdiff_exp": 0.2581047878770684,
            "powdiff_hdi": [
                -0.1191688451383483,
                0.6170425608583983
            ],
            "powdiff_prob": 0.8968
        },
        "binom": {
            "prevdiff_exp": 0.03275617614782467,
            "prevdiff_hdi": [
                -0.5494100435902691,
                0.58470651030441
            ],
            "prevdiff_prob": 0.5458,
            "powdiff_exp": 0.013627671447707984,
            "powdiff_hdi": [
                -0.519616394713682,
                0.5550508367352915
            ],
            "powdiff_prob": 0.5266
        },
        "pval_group": 0.091796875,
        "frac_H1_rej": 1.0
    },
    "baseline": {
        "frac_H1_rej": 0.6
    }
}