{
    "increase_prev": {
        "pcurve": {
            "prevdiff_exp": 0.45296054865083135,
            "prevdiff_hdi": [
                0.025314204236584148,
                0.8293243816950331
            ],
            "prevdiff_prob": 0.9718,
            "powdiff_exp": 0.008211795853798167,
            "powdiff_hdi": [
                -0.3829224379172595,
                0.3408796858892971
            ],
            "powdiff_prob": 0.545
        },
        "binom": {
            "prevdiff_exp": 0.11513185863960784,
            "prevdiff_hdi": [
                -0.5019513351207843,
                0.6834897525314664
            ],
            "prevdiff_prob": 0.6508,
            "powdiff_exp": 0.10173007418960968,
            "powdiff_hdi": [
                -0.48776414028681725,
                0.6403295760368541
            ],
            "powdiff_prob": 0.642
        },
        "pval_group": 0.005859375,
        "frac_H1_rej": 0.36666666666666664
    },
    "increase_pow": {
        "pcurve": {
            "prevdiff_exp": -0.023379526479448142,
            "prevdiff_hdi": [
                -0.5668942531165728,
                0.4667332258775821
            ],
            "prevdiff_prob": 0.4812,
            "powdiff_exp": 0.1372326272443283,
            "powdiff_hdi": [
                -0.3467650981609043,
                0.6256785194233792
            ],
            "powdiff_prob": 0.7094
        },
        "binom": {
            "prevdiff_exp": 0.03096588169930333,
            "prevdiff_hdi": [
                -0.6115719901199232,
                0.6944063694051532
            ],
            "prevdiff_prob": 0.5364,
            "powdiff_exp": 0.029212725986715236,
            "powdiff_hdi": [
                -0.5830651134751735,
                0.6429272617568595
            ],
            "powdiff_prob": 0.5434
        },
        "pval_group": 0.216796875,
        "frac_H1_rej": 1.0
    },
    "baseline": {
        "frac_H1_rej": 0.46153846153846156
    }
}