{
    "increase_prev": {
        "pcurve": {
            "prevdiff_exp": 0.24470103088750644,
            "prevdiff_hdi": [
                -0.08988155873102899,
                0.6095560776062818
            ],
            "prevdiff_prob": 0.9102,
            "powdiff_exp": 0.24540342481517682,
            "powdiff_hdi": [
                -0.0025056771430701508,
                0.49600910248767943
            ],
            "powdiff_prob": 0.9606
        },
        "binom": {
            "prevdiff_exp": 0.20490463802317926,
            "prevdiff_hdi": [
                -0.3165248470603046,
                0.7265634478988441
            ],
            "prevdiff_prob": 0.7504,
            "powdiff_exp": 0.21902800511229717,
            "powdiff_hdi": [
                -0.28825511090028877,
                0.6914733754110773
            ],
            "powdiff_prob": 0.7832
        },
        "pval_group": 0.0341796875,
        "frac_H1_rej": 0.5862068965517241
    },
    "increase_pow": {
        "pcurve": {
            "prevdiff_exp": -0.16168416657695153,
            "prevdiff_hdi": [
                -0.560437381036546,
                0.24005897977951368
            ],
            "prevdiff_prob": 0.2294,
            "powdiff_exp": 0.4193817475128531,
            "powdiff_hdi": [
                0.12314219679079752,
                0.7011649578519754
            ],
            "powdiff_prob": 0.9936
        },
        "binom": {
            "prevdiff_exp": 0.1676649634712187,
            "prevdiff_hdi": [
                -0.40451892741105544,
                0.6857561374020695
            ],
            "prevdiff_prob": 0.7238,
            "powdiff_exp": 0.17367796131988902,
            "powdiff_hdi": [
                -0.33026957917358235,
                0.6876691878359391
            ],
            "powdiff_prob": 0.7338
        },
        "pval_group": 0.4921875,
        "frac_H1_rej": 1.0
    },
    "baseline": {
        "frac_H1_rej": 0.5
    }
}