{
    "increase_prev": {
        "pcurve": {
            "prevdiff_exp": 0.1585873289300887,
            "prevdiff_hdi": [
                -0.20412774725536942,
                0.4872721145079221
            ],
            "prevdiff_prob": 0.8134,
            "powdiff_exp": 0.035375500306634146,
            "powdiff_hdi": [
                -0.22853615141667577,
                0.30053926208488857
            ],
            "powdiff_prob": 0.6194
        },
        "binom": {
            "prevdiff_exp": 0.05140980079247987,
            "prevdiff_hdi": [
                -0.588132083993707,
                0.6287080382787518
            ],
            "prevdiff_prob": 0.5716,
            "powdiff_exp": 0.05888967675518645,
            "powdiff_hdi": [
                -0.5132947018203338,
                0.6198919754732876
            ],
            "powdiff_prob": 0.587
        },
        "pval_group": 0.0693359375,
        "frac_H1_rej": 0.3333333333333333
    },
    "increase_pow": {
        "pcurve": {
            "prevdiff_exp": -0.03834960467377901,
            "prevdiff_hdi": [
                -0.37528123037790995,
                0.329212961338602
            ],
            "prevdiff_prob": 0.406,
            "powdiff_exp": 0.40109947168117777,
            "powdiff_hdi": [
                0.12395046714431385,
                0.6595752469450924
            ],
            "powdiff_prob": 0.995
        },
        "binom": {
            "prevdiff_exp": 0.2318714790285736,
            "prevdiff_hdi": [
                -0.2844211942886189,
                0.7332259702947241
            ],
            "prevdiff_prob": 0.7816,
            "powdiff_exp": 0.22920894180149234,
            "powdiff_hdi": [
                -0.304989565225532,
                0.6604455880455685
            ],
            "powdiff_prob": 0.7906
        },
        "pval_group": 0.078125,
        "frac_H1_rej": 0.9411764705882353
    },
    "baseline": {
        "frac_H1_rej": 0.4375
    }
}