{
    "increase_prev": {
        "pcurve": {
            "prevdiff_exp": -0.0515160367180157,
            "prevdiff_hdi": [
                -0.4474414872168865,
                0.34151253378959434
            ],
            "prevdiff_prob": 0.375,
            "powdiff_exp": 0.12003213149044167,
            "powdiff_hdi": [
                -0.14497323313264254,
                0.37728672564790083
            ],
            "powdiff_prob": 0.8284
        },
        "binom": {
            "prevdiff_exp": 0.1571983093677809,
            "prevdiff_hdi": [
                -0.4867250936871952,
                0.7270621900660879
            ],
            "prevdiff_prob": 0.6946,
            "powdiff_exp": 0.12592127461506447,
            "powdiff_hdi": [
                -0.479039484569405,
                0.6889912720634819
            ],
            "powdiff_prob": 0.678
        },
        "pval_group": 0.876953125,
        "frac_H1_rej": 0.4583333333333333
    },
    "increase_pow": {
        "pcurve": {
            "prevdiff_exp": -0.31357494315953754,
            "prevdiff_hdi": [
                -0.6731673573623402,
                0.08006061370138196
            ],
            "prevdiff_prob": 0.0684,
            "powdiff_exp": 0.362630983081221,
            "powdiff_hdi": [
                0.0465041200033961,
                0.6346418483711339
            ],
            "powdiff_prob": 0.9876
        },
        "binom": {
            "prevdiff_exp": 0.18134724031780283,
            "prevdiff_hdi": [
                -0.41085524822389996,
                0.7829015215454744
            ],
            "prevdiff_prob": 0.7148,
            "powdiff_exp": 0.15285154063153705,
            "powdiff_hdi": [
                -0.44046063338073094,
                0.694930345960663
            ],
            "powdiff_prob": 0.7082
        },
        "pval_group": 0.166015625,
        "frac_H1_rej": 1.0
    },
    "baseline": {
        "frac_H1_rej": 0.3333333333333333
    }
}