{
    "increase_prev": {
        "pcurve": {
            "prevdiff_exp": 0.5889379989424814,
            "prevdiff_hdi": [
                0.21239264701954708,
                0.8783040480725248
            ],
            "prevdiff_prob": 0.9926,
            "powdiff_exp": 0.027379802531152905,
            "powdiff_hdi": [
                -0.38962412086127957,
                0.4246019049507546
            ],
            "powdiff_prob": 0.534
        },
        "binom": {
            "prevdiff_exp": 0.21973449548125581,
            "prevdiff_hdi": [
                -0.30980099292335084,
                0.7544558410625096
            ],
            "prevdiff_prob": 0.77,
            "powdiff_exp": 0.22113823975469668,
            "powdiff_hdi": [
                -0.30797679955732404,
                0.7019687913977307
            ],
            "powdiff_prob": 0.7838
        },
        "pval_group": 0.001953125,
        "frac_H1_rej": 0.5333333333333333
    },
    "increase_pow": {
        "pcurve": {
            "prevdiff_exp": 0.23177869487949848,
            "prevdiff_hdi": [
                -0.16790011185970882,
                0.6099555012452755
            ],
            "prevdiff_prob": 0.8838,
            "powdiff_exp": 0.20608404818741746,
            "powdiff_hdi": [
                -0.23448220060902192,
                0.6353597951109671
            ],
            "powdiff_prob": 0.8118
        },
        "binom": {
            "prevdiff_exp": 0.18062253881218956,
            "prevdiff_hdi": [
                -0.3789316948430904,
                0.7234811371995367
            ],
            "prevdiff_prob": 0.722,
            "powdiff_exp": 0.1801105926348034,
            "powdiff_hdi": [
                -0.411696681371733,
                0.6611925403527096
            ],
            "powdiff_prob": 0.7364
        },
        "pval_group": 0.767578125,
        "frac_H1_rej": 1.0
    },
    "baseline": {
        "frac_H1_rej": 0.5833333333333334
    }
}