{
    "increase_prev": {
        "pcurve": {
            "prevdiff_exp": 0.4082733692842394,
            "prevdiff_hdi": [
                0.016822276455006224,
                0.7611495000417109
            ],
            "prevdiff_prob": 0.9702,
            "powdiff_exp": -0.030251462321492444,
            "powdiff_hdi": [
                -0.41000702864739647,
                0.33172067139195166
            ],
            "powdiff_prob": 0.4496
        },
        "binom": {
            "prevdiff_exp": 0.12513288076354456,
            "prevdiff_hdi": [
                -0.42172648575651617,
                0.6718849915044207
            ],
            "prevdiff_prob": 0.665,
            "powdiff_exp": 0.11729543428794409,
            "powdiff_hdi": [
                -0.413050403286488,
                0.620603806694966
            ],
            "powdiff_prob": 0.6636
        },
        "pval_group": 0.001953125,
        "frac_H1_rej": 0.4827586206896552
    },
    "increase_pow": {
        "pcurve": {
            "prevdiff_exp": -0.04957703459422789,
            "prevdiff_hdi": [
                -0.425837850112822,
                0.32915347216883095
            ],
            "prevdiff_prob": 0.4152,
            "powdiff_exp": 0.30428801882468437,
            "powdiff_hdi": [
                -0.07176583762040067,
                0.6831276325266187
            ],
            "powdiff_prob": 0.9292
        },
        "binom": {
            "prevdiff_exp": 0.059642200590962854,
            "prevdiff_hdi": [
                -0.5372476920602589,
                0.6438613336255519
            ],
            "prevdiff_prob": 0.5774,
            "powdiff_exp": 0.038914915842750405,
            "powdiff_hdi": [
                -0.53679028020581,
                0.5702679956246971
            ],
            "powdiff_prob": 0.5574
        },
        "pval_group": 0.578125,
        "frac_H1_rej": 1.0
    },
    "baseline": {
        "frac_H1_rej": 0.8888888888888888
    }
}