{
    "increase_prev": {
        "pcurve": {
            "prevdiff_exp": 0.16110159823352369,
            "prevdiff_hdi": [
                -0.28468795400742164,
                0.5668766523925506
            ],
            "prevdiff_prob": 0.7434,
            "powdiff_exp": 0.1745344974743301,
            "powdiff_hdi": [
                -0.1666610813740444,
                0.48730338559697706
            ],
            "powdiff_prob": 0.853
        },
        "binom": {
            "prevdiff_exp": 0.18876861378195248,
            "prevdiff_hdi": [
                -0.3601402524251879,
                0.7099454161478973
            ],
            "prevdiff_prob": 0.7384,
            "powdiff_exp": 0.19192551376798145,
            "powdiff_hdi": [
                -0.32054706837046865,
                0.6882465635812046
            ],
            "powdiff_prob": 0.758
        },
        "pval_group": 0.001953125,
        "frac_H1_rej": 0.5333333333333333
    },
    "increase_pow": {
        "pcurve": {
            "prevdiff_exp": -0.1689521290567027,
            "prevdiff_hdi": [
                -0.6214200461706805,
                0.30264613539302343
            ],
            "prevdiff_prob": 0.2442,
            "powdiff_exp": 0.14419186482860846,
            "powdiff_hdi": [
                -0.24514725699719264,
                0.5540797236381785
            ],
            "powdiff_prob": 0.7638
        },
        "binom": {
            "prevdiff_exp": 0.05140980079247987,
            "prevdiff_hdi": [
                -0.588132083993707,
                0.6287080382787518
            ],
            "prevdiff_prob": 0.5716,
            "powdiff_exp": 0.05888967675518645,
            "powdiff_hdi": [
                -0.5132947018203338,
                0.6198919754732876
            ],
            "powdiff_prob": 0.587
        },
        "pval_group": 0.3134765625,
        "frac_H1_rej": 1.0
    },
    "baseline": {
        "frac_H1_rej": 0.5384615384615384
    }
}