{
    "increase_prev": {
        "pcurve": {
            "prevdiff_exp": 0.2259163184707096,
            "prevdiff_hdi": [
                -0.15460093833769006,
                0.5960506382796267
            ],
            "prevdiff_prob": 0.874,
            "powdiff_exp": 0.10005662679724876,
            "powdiff_hdi": [
                -0.22177750800112384,
                0.40038468629269447
            ],
            "powdiff_prob": 0.7406
        },
        "binom": {
            "prevdiff_exp": 0.0837911315409848,
            "prevdiff_hdi": [
                -0.4678493899759329,
                0.674501780275422
            ],
            "prevdiff_prob": 0.6114,
            "powdiff_exp": 0.06584518185922297,
            "powdiff_hdi": [
                -0.49862899932598376,
                0.599270978656073
            ],
            "powdiff_prob": 0.5892
        },
        "pval_group": 0.0224609375,
        "frac_H1_rej": 0.41379310344827586
    },
    "increase_pow": {
        "pcurve": {
            "prevdiff_exp": 0.15271935664608408,
            "prevdiff_hdi": [
                -0.23535040217096492,
                0.5371766814951566
            ],
            "prevdiff_prob": 0.773,
            "powdiff_exp": 0.2888492855284628,
            "powdiff_hdi": [
                -0.028848890846771225,
                0.5978705752844516
            ],
            "powdiff_prob": 0.9526
        },
        "binom": {
            "prevdiff_exp": 0.20734770267923194,
            "prevdiff_hdi": [
                -0.2964853389941906,
                0.6931751756182938
            ],
            "prevdiff_prob": 0.7662,
            "powdiff_exp": 0.1956065094413483,
            "powdiff_hdi": [
                -0.3112759819837039,
                0.6398232423189189
            ],
            "powdiff_prob": 0.7702
        },
        "pval_group": 0.0595703125,
        "frac_H1_rej": 1.0
    },
    "baseline": {
        "frac_H1_rej": 0.6
    }
}