{
    "increase_prev": {
        "pcurve": {
            "prevdiff_exp": 0.37726721592716567,
            "prevdiff_hdi": [
                -0.07321542596556929,
                0.7764596805661568
            ],
            "prevdiff_prob": 0.9438,
            "powdiff_exp": 0.0019238031870327014,
            "powdiff_hdi": [
                -0.370781555740956,
                0.3322896871804581
            ],
            "powdiff_prob": 0.5488
        },
        "binom": {
            "prevdiff_exp": 0.02452377634934167,
            "prevdiff_hdi": [
                -0.5849800262113836,
                0.6351628926091069
            ],
            "prevdiff_prob": 0.5358,
            "powdiff_exp": 0.03360243236014403,
            "powdiff_hdi": [
                -0.5689434114861476,
                0.6196204902599365
            ],
            "powdiff_prob": 0.5512
        },
        "pval_group": 0.0087890625,
        "frac_H1_rej": 0.34615384615384615
    },
    "increase_pow": {
        "pcurve": {
            "prevdiff_exp": -0.0399377476519812,
            "prevdiff_hdi": [
                -0.5162269521892318,
                0.37165032550863975
            ],
            "prevdiff_prob": 0.463,
            "powdiff_exp": 0.3784946740959981,
            "powdiff_hdi": [
                -0.023446995859135678,
                0.7326811446807546
            ],
            "powdiff_prob": 0.9554
        },
        "binom": {
            "prevdiff_exp": 0.10831490789032648,
            "prevdiff_hdi": [
                -0.5019099045829167,
                0.6588128193176792
            ],
            "prevdiff_prob": 0.6384,
            "powdiff_exp": 0.09944761421936701,
            "powdiff_hdi": [
                -0.46053350532630905,
                0.6248992146799097
            ],
            "powdiff_prob": 0.6358
        },
        "pval_group": 0.5068359375,
        "frac_H1_rej": 1.0
    },
    "baseline": {
        "frac_H1_rej": 0.5833333333333334
    }
}