{
    "increase_prev": {
        "pcurve": {
            "prevdiff_exp": 0.16727207867635038,
            "prevdiff_hdi": [
                -0.22595801714242947,
                0.605662625121957
            ],
            "prevdiff_prob": 0.761,
            "powdiff_exp": 0.15339524631116433,
            "powdiff_hdi": [
                -0.15854800245358364,
                0.4365950613498343
            ],
            "powdiff_prob": 0.8502
        },
        "binom": {
            "prevdiff_exp": 0.18876861378195248,
            "prevdiff_hdi": [
                -0.3601402524251879,
                0.7099454161478973
            ],
            "prevdiff_prob": 0.7384,
            "powdiff_exp": 0.19192551376798145,
            "powdiff_hdi": [
                -0.32054706837046865,
                0.6882465635812046
            ],
            "powdiff_prob": 0.758
        },
        "pval_group": 0.0107421875,
        "frac_H1_rej": 0.5925925925925926
    },
    "increase_pow": {
        "pcurve": {
            "prevdiff_exp": 0.084627437772893,
            "prevdiff_hdi": [
                -0.30068956074077147,
                0.5070162901543374
            ],
            "prevdiff_prob": 0.6274,
            "powdiff_exp": 0.45425724411521967,
            "powdiff_hdi": [
                0.1708495319071368,
                0.7146291901081494
            ],
            "powdiff_prob": 0.9956
        },
        "binom": {
            "prevdiff_exp": 0.2957796837086331,
            "prevdiff_hdi": [
                -0.1926934384711102,
                0.7594365521186014
            ],
            "prevdiff_prob": 0.8532,
            "powdiff_exp": 0.2826722670293569,
            "powdiff_hdi": [
                -0.18140233283370255,
                0.7214774851344363
            ],
            "powdiff_prob": 0.8492
        },
        "pval_group": 0.0048828125,
        "frac_H1_rej": 1.0
    },
    "baseline": {
        "frac_H1_rej": 0.375
    }
}