{
    "increase_prev": {
        "pcurve": {
            "prevdiff_exp": 0.06200805572275933,
            "prevdiff_hdi": [
                -0.21264536331429895,
                0.4108086857220382
            ],
            "prevdiff_prob": 0.6368,
            "powdiff_exp": 0.1516618925588847,
            "powdiff_hdi": [
                -0.06835528015305176,
                0.360476051435577
            ],
            "powdiff_prob": 0.9174
        },
        "binom": {
            "prevdiff_exp": 0.14965665711288625,
            "prevdiff_hdi": [
                -0.4163530545531227,
                0.6808775977880356
            ],
            "prevdiff_prob": 0.6946,
            "powdiff_exp": 0.15089786664808813,
            "powdiff_hdi": [
                -0.37586251276460314,
                0.6580555930080574
            ],
            "powdiff_prob": 0.7124
        },
        "pval_group": 0.03125,
        "frac_H1_rej": 0.4827586206896552
    },
    "increase_pow": {
        "pcurve": {
            "prevdiff_exp": -0.37646862919501184,
            "prevdiff_hdi": [
                -0.6796965520071307,
                -0.014935464693514089
            ],
            "prevdiff_prob": 0.0292,
            "powdiff_exp": 0.49135830780349804,
            "powdiff_hdi": [
                0.23995276449417968,
                0.724929097991735
            ],
            "powdiff_prob": 0.9992
        },
        "binom": {
            "prevdiff_exp": 0.10831490789032648,
            "prevdiff_hdi": [
                -0.5019099045829167,
                0.6588128193176792
            ],
            "prevdiff_prob": 0.6384,
            "powdiff_exp": 0.09944761421936701,
            "powdiff_hdi": [
                -0.46053350532630905,
                0.6248992146799097
            ],
            "powdiff_prob": 0.6358
        },
        "pval_group": 0.7021484375,
        "frac_H1_rej": 1.0
    },
    "baseline": {
        "frac_H1_rej": 0.4117647058823529
    }
}