{
    "increase_prev": {
        "pcurve": {
            "prevdiff_exp": 0.29632122639716263,
            "prevdiff_hdi": [
                -0.1809991222305929,
                0.7357001890661571
            ],
            "prevdiff_prob": 0.8816,
            "powdiff_exp": 0.07280658988175796,
            "powdiff_hdi": [
                -0.3163238981522805,
                0.4310189917941194
            ],
            "powdiff_prob": 0.6652
        },
        "binom": {
            "prevdiff_exp": 0.2003804512602575,
            "prevdiff_hdi": [
                -0.42096537519291255,
                0.751552573457396
            ],
            "prevdiff_prob": 0.7442,
            "powdiff_exp": 0.18001072523988026,
            "powdiff_hdi": [
                -0.3936470525743901,
                0.6977605694974172
            ],
            "powdiff_prob": 0.7366
        },
        "pval_group": 0.0439453125,
        "frac_H1_rej": 0.4642857142857143
    },
    "increase_pow": {
        "pcurve": {
            "prevdiff_exp": -0.07071204304177635,
            "prevdiff_hdi": [
                -0.5754162705170671,
                0.38366776502175803
            ],
            "prevdiff_prob": 0.4104,
            "powdiff_exp": 0.22808814934890997,
            "powdiff_hdi": [
                -0.2034760482318157,
                0.671054610504493
            ],
            "powdiff_prob": 0.8336
        },
        "binom": {
            "prevdiff_exp": 0.12444213321995623,
            "prevdiff_hdi": [
                -0.4981916736341053,
                0.7353036702573679
            ],
            "prevdiff_prob": 0.6566,
            "powdiff_exp": 0.11229360316735647,
            "powdiff_hdi": [
                -0.47725614413824463,
                0.6833486727929745
            ],
            "powdiff_prob": 0.6448
        },
        "pval_group": 0.830078125,
        "frac_H1_rej": 0.9
    },
    "baseline": {
        "frac_H1_rej": 0.5454545454545454
    }
}