{
    "increase_prev": {
        "pcurve": {
            "prevdiff_exp": 0.37819626265722384,
            "prevdiff_hdi": [
                -0.04263212926398141,
                0.831394486220381
            ],
            "prevdiff_prob": 0.9474,
            "powdiff_exp": 0.14275838752572462,
            "powdiff_hdi": [
                -0.154400459270141,
                0.4024832408395772
            ],
            "powdiff_prob": 0.8576
        },
        "binom": {
            "prevdiff_exp": 0.18133067311924236,
            "prevdiff_hdi": [
                -0.4804544428812594,
                0.8365837529673891
            ],
            "prevdiff_prob": 0.7134,
            "powdiff_exp": 0.16480119390139375,
            "powdiff_hdi": [
                -0.45227676990287236,
                0.827982523139163
            ],
            "powdiff_prob": 0.687
        },
        "pval_group": 0.0009765625,
        "frac_H1_rej": 0.3
    },
    "increase_pow": {
        "pcurve": {
            "prevdiff_exp": 0.011901332242464823,
            "prevdiff_hdi": [
                -0.47548451837781586,
                0.4794545024083906
            ],
            "prevdiff_prob": 0.5176,
            "powdiff_exp": 0.5417693226243491,
            "powdiff_hdi": [
                0.22200364297797337,
                0.7941088967032705
            ],
            "powdiff_prob": 0.9934
        },
        "binom": {
            "prevdiff_exp": 0.3244718602411194,
            "prevdiff_hdi": [
                -0.24459917779504814,
                0.9020248547893676
            ],
            "prevdiff_prob": 0.8456,
            "powdiff_exp": 0.30487672286113876,
            "powdiff_hdi": [
                -0.2746985996800374,
                0.8187391075092914
            ],
            "powdiff_prob": 0.8412
        },
        "pval_group": 0.3955078125,
        "frac_H1_rej": 0.8666666666666667
    },
    "baseline": {
        "frac_H1_rej": 0.2857142857142857
    }
}