{
    "increase_prev": {
        "pcurve": {
            "prevdiff_exp": 0.1393200589487773,
            "prevdiff_hdi": [
                -0.3126473815507088,
                0.6049267130844851
            ],
            "prevdiff_prob": 0.7018,
            "powdiff_exp": 0.20675594072031417,
            "powdiff_hdi": [
                -0.0669994412728846,
                0.47892396320044295
            ],
            "powdiff_prob": 0.9306
        },
        "binom": {
            "prevdiff_exp": 0.21635734249718902,
            "prevdiff_hdi": [
                -0.41850166710642706,
                0.7937426377387214
            ],
            "prevdiff_prob": 0.7456,
            "powdiff_exp": 0.19392839659515002,
            "powdiff_hdi": [
                -0.41134146749219225,
                0.7751400561832572
            ],
            "powdiff_prob": 0.741
        },
        "pval_group": 0.0009765625,
        "frac_H1_rej": 0.41379310344827586
    },
    "increase_pow": {
        "pcurve": {
            "prevdiff_exp": -0.11822273760322205,
            "prevdiff_hdi": [
                -0.5356162388418935,
                0.3265300121199688
            ],
            "prevdiff_prob": 0.3018,
            "powdiff_exp": 0.5314493532734584,
            "powdiff_hdi": [
                0.2561533357071296,
                0.7525136205130277
            ],
            "powdiff_prob": 0.9992
        },
        "binom": {
            "prevdiff_exp": 0.296811048388815,
            "prevdiff_hdi": [
                -0.30393763894889625,
                0.8116745479373222
            ],
            "prevdiff_prob": 0.8226,
            "powdiff_exp": 0.28640629614376445,
            "powdiff_hdi": [
                -0.3029142041077365,
                0.7849565289772671
            ],
            "powdiff_prob": 0.8232
        },
        "pval_group": 0.0390625,
        "frac_H1_rej": 1.0
    },
    "baseline": {
        "frac_H1_rej": 0.3333333333333333
    }
}