{
    "increase_prev": {
        "pcurve": {
            "prevdiff_exp": 0.3871956845678028,
            "prevdiff_hdi": [
                -0.01152559924633667,
                0.7287430296224912
            ],
            "prevdiff_prob": 0.9592,
            "powdiff_exp": -0.07747739374914206,
            "powdiff_hdi": [
                -0.43707884422122056,
                0.2831208105473718
            ],
            "powdiff_prob": 0.3544
        },
        "binom": {
            "prevdiff_exp": 0.08349898653091416,
            "prevdiff_hdi": [
                -0.42967454664218535,
                0.5774135488198915
            ],
            "prevdiff_prob": 0.6206,
            "powdiff_exp": 0.10116061311699458,
            "powdiff_hdi": [
                -0.38744821883804315,
                0.5545241342460974
            ],
            "powdiff_prob": 0.6596
        },
        "pval_group": 0.337890625,
        "frac_H1_rej": 0.5172413793103449
    },
    "increase_pow": {
        "pcurve": {
            "prevdiff_exp": 0.12302593842748069,
            "prevdiff_hdi": [
                -0.3085557349693355,
                0.5068661040876702
            ],
            "prevdiff_prob": 0.7268,
            "powdiff_exp": 0.12917489165438345,
            "powdiff_hdi": [
                -0.26598127515020037,
                0.5188259151985897
            ],
            "powdiff_prob": 0.719
        },
        "binom": {
            "prevdiff_exp": 0.08349898653091416,
            "prevdiff_hdi": [
                -0.42967454664218535,
                0.5774135488198915
            ],
            "prevdiff_prob": 0.6206,
            "powdiff_exp": 0.10116061311699458,
            "powdiff_hdi": [
                -0.38744821883804315,
                0.5545241342460974
            ],
            "powdiff_prob": 0.6596
        },
        "pval_group": 0.17578125,
        "frac_H1_rej": 1.0
    },
    "baseline": {
        "frac_H1_rej": 0.5789473684210527
    }
}