{
    "increase_prev": {
        "pcurve": {
            "prevdiff_exp": 0.4722955383651917,
            "prevdiff_hdi": [
                -0.012957292227065542,
                0.8392211092116776
            ],
            "prevdiff_prob": 0.968,
            "powdiff_exp": 0.11193564398611554,
            "powdiff_hdi": [
                -0.28930776657851226,
                0.44201259888651645
            ],
            "powdiff_prob": 0.7392
        },
        "binom": {
            "prevdiff_exp": 0.198630845170522,
            "prevdiff_hdi": [
                -0.35708615240591746,
                0.7424931583026386
            ],
            "prevdiff_prob": 0.7498,
            "powdiff_exp": 0.20289068730660423,
            "powdiff_hdi": [
                -0.3435128745420697,
                0.6837769918460008
            ],
            "powdiff_prob": 0.7638
        },
        "pval_group": 0.0009765625,
        "frac_H1_rej": 0.5172413793103449
    },
    "increase_pow": {
        "pcurve": {
            "prevdiff_exp": 0.04274047583941775,
            "prevdiff_hdi": [
                -0.44504401521313575,
                0.4661367056822143
            ],
            "prevdiff_prob": 0.6018,
            "powdiff_exp": 0.3218172293065084,
            "powdiff_hdi": [
                -0.08865750273797535,
                0.7140333069039392
            ],
            "powdiff_prob": 0.92
        },
        "binom": {
            "prevdiff_exp": 0.13928078958962978,
            "prevdiff_hdi": [
                -0.43925150533188306,
                0.7378011009685618
            ],
            "prevdiff_prob": 0.6808,
            "powdiff_exp": 0.12866034020608225,
            "powdiff_hdi": [
                -0.43529067522658765,
                0.6778648915381699
            ],
            "powdiff_prob": 0.68
        },
        "pval_group": 0.1748046875,
        "frac_H1_rej": 0.9230769230769231
    },
    "baseline": {
        "frac_H1_rej": 0.5
    }
}