{
    "increase_prev": {
        "pcurve": {
            "prevdiff_exp": 0.20977099456509,
            "prevdiff_hdi": [
                -0.1566850775684997,
                0.629457364004073
            ],
            "prevdiff_prob": 0.8408,
            "powdiff_exp": 0.21265064363491773,
            "powdiff_hdi": [
                -0.046134765390512034,
                0.453917679656319
            ],
            "powdiff_prob": 0.9416
        },
        "binom": {
            "prevdiff_exp": 0.3129470726300418,
            "prevdiff_hdi": [
                -0.2942382312327132,
                0.8330186748847063
            ],
            "prevdiff_prob": 0.835,
            "powdiff_exp": 0.3135087874880802,
            "powdiff_hdi": [
                -0.25540657363523656,
                0.8309854336949258
            ],
            "powdiff_prob": 0.8376
        },
        "pval_group": 0.0009765625,
        "frac_H1_rej": 0.5666666666666667
    },
    "increase_pow": {
        "pcurve": {
            "prevdiff_exp": -0.05291582458154983,
            "prevdiff_hdi": [
                -0.4584832019988782,
                0.37573976907996137
            ],
            "prevdiff_prob": 0.3892,
            "powdiff_exp": 0.4612142997979375,
            "powdiff_hdi": [
                0.200075377541854,
                0.7247562382492672
            ],
            "powdiff_prob": 0.996
        },
        "binom": {
            "prevdiff_exp": 0.296811048388815,
            "prevdiff_hdi": [
                -0.30393763894889625,
                0.8116745479373222
            ],
            "prevdiff_prob": 0.8226,
            "powdiff_exp": 0.28640629614376445,
            "powdiff_hdi": [
                -0.3029142041077365,
                0.7849565289772671
            ],
            "powdiff_prob": 0.8232
        },
        "pval_group": 0.1005859375,
        "frac_H1_rej": 1.0
    },
    "baseline": {
        "frac_H1_rej": 0.2857142857142857
    }
}