{
    "increase_prev": {
        "pcurve": {
            "prevdiff_exp": 0.2591526338723981,
            "prevdiff_hdi": [
                -0.22367745055350996,
                0.7485150555510721
            ],
            "prevdiff_prob": 0.8256,
            "powdiff_exp": 0.21224240426077887,
            "powdiff_hdi": [
                -0.11984918344664908,
                0.5080387338244347
            ],
            "powdiff_prob": 0.9032
        },
        "binom": {
            "prevdiff_exp": 0.25769909171974875,
            "prevdiff_hdi": [
                -0.37303199111269214,
                0.8166293287071859
            ],
            "prevdiff_prob": 0.7928,
            "powdiff_exp": 0.2453786490238711,
            "powdiff_hdi": [
                -0.34456291192190425,
                0.771228693050741
            ],
            "powdiff_prob": 0.7932
        },
        "pval_group": 0.0068359375,
        "frac_H1_rej": 0.5
    },
    "increase_pow": {
        "pcurve": {
            "prevdiff_exp": -0.10918499609960379,
            "prevdiff_hdi": [
                -0.5773529147534104,
                0.3595000731510154
            ],
            "prevdiff_prob": 0.3416,
            "powdiff_exp": 0.46883712912875397,
            "powdiff_hdi": [
                0.13625946196041072,
                0.7758856859276013
            ],
            "powdiff_prob": 0.9852
        },
        "binom": {
            "prevdiff_exp": 0.23539055343964366,
            "prevdiff_hdi": [
                -0.3895634657335083,
                0.8322231647154883
            ],
            "prevdiff_prob": 0.7636,
            "powdiff_exp": 0.2210875812034932,
            "powdiff_hdi": [
                -0.39070904803429296,
                0.7636319710329034
            ],
            "powdiff_prob": 0.7692
        },
        "pval_group": 0.392578125,
        "frac_H1_rej": 1.0
    },
    "baseline": {
        "frac_H1_rej": 0.5
    }
}