{
    "increase_prev": {
        "pcurve": {
            "prevdiff_exp": 0.06916271063062486,
            "prevdiff_hdi": [
                -0.2885273578547397,
                0.4778730205351081
            ],
            "prevdiff_prob": 0.594,
            "powdiff_exp": 0.23001153448724618,
            "powdiff_hdi": [
                -0.02233225888269702,
                0.48294358447254115
            ],
            "powdiff_prob": 0.9526
        },
        "binom": {
            "prevdiff_exp": 0.296811048388815,
            "prevdiff_hdi": [
                -0.30393763894889625,
                0.8116745479373222
            ],
            "prevdiff_prob": 0.8226,
            "powdiff_exp": 0.28640629614376445,
            "powdiff_hdi": [
                -0.3029142041077365,
                0.7849565289772671
            ],
            "powdiff_prob": 0.8232
        },
        "pval_group": 0.009765625,
        "frac_H1_rej": 0.5517241379310345
    },
    "increase_pow": {
        "pcurve": {
            "prevdiff_exp": -0.12769356604093973,
            "prevdiff_hdi": [
                -0.4855239332046533,
                0.31315359272759247
            ],
            "prevdiff_prob": 0.2534,
            "powdiff_exp": 0.447102978643431,
            "powdiff_hdi": [
                0.18312092639903266,
                0.6882921941702279
            ],
            "powdiff_prob": 0.996
        },
        "binom": {
            "prevdiff_exp": 0.3129470726300418,
            "prevdiff_hdi": [
                -0.2942382312327132,
                0.8330186748847063
            ],
            "prevdiff_prob": 0.835,
            "powdiff_exp": 0.3135087874880802,
            "powdiff_hdi": [
                -0.25540657363523656,
                0.8309854336949258
            ],
            "powdiff_prob": 0.8376
        },
        "pval_group": 0.3388671875,
        "frac_H1_rej": 1.0
    },
    "baseline": {
        "frac_H1_rej": 0.3076923076923077
    }
}