{
    "increase_prev": {
        "pcurve": {
            "prevdiff_exp": 0.18952738537567007,
            "prevdiff_hdi": [
                -0.2147847577555736,
                0.6715252169186062
            ],
            "prevdiff_prob": 0.7776,
            "powdiff_exp": 0.041171856848984056,
            "powdiff_hdi": [
                -0.24345488757730138,
                0.2737638763230675
            ],
            "powdiff_prob": 0.6742
        },
        "binom": {
            "prevdiff_exp": 0.10804243460686253,
            "prevdiff_hdi": [
                -0.6111966607507721,
                0.7493414142915207
            ],
            "prevdiff_prob": 0.635,
            "powdiff_exp": 0.094480782375783,
            "powdiff_hdi": [
                -0.5317182278797628,
                0.7396519575895979
            ],
            "powdiff_prob": 0.633
        },
        "pval_group": 0.0615234375,
        "frac_H1_rej": 0.2857142857142857
    },
    "increase_pow": {
        "pcurve": {
            "prevdiff_exp": -0.21150982923595057,
            "prevdiff_hdi": [
                -0.6404871833925992,
                0.2445271890875738
            ],
            "prevdiff_prob": 0.1974,
            "powdiff_exp": 0.442536213632269,
            "powdiff_hdi": [
                0.10569371661158239,
                0.7078157653469959
            ],
            "powdiff_prob": 0.9874
        },
        "binom": {
            "prevdiff_exp": 0.23539055343964366,
            "prevdiff_hdi": [
                -0.3895634657335083,
                0.8322231647154883
            ],
            "prevdiff_prob": 0.7636,
            "powdiff_exp": 0.2210875812034932,
            "powdiff_hdi": [
                -0.39070904803429296,
                0.7636319710329034
            ],
            "powdiff_prob": 0.7692
        },
        "pval_group": 0.53125,
        "frac_H1_rej": 1.0
    },
    "baseline": {
        "frac_H1_rej": 0.38461538461538464
    }
}