{
    "increase_prev": {
        "pcurve": {
            "prevdiff_exp": 0.09217165863494227,
            "prevdiff_hdi": [
                -0.24342678434405207,
                0.43299884434825553
            ],
            "prevdiff_prob": 0.7196,
            "powdiff_exp": 0.04141744242404637,
            "powdiff_hdi": [
                -0.2181014269490142,
                0.2845116693179316
            ],
            "powdiff_prob": 0.6322
        },
        "binom": {
            "prevdiff_exp": 0.12734811883278113,
            "prevdiff_hdi": [
                -0.44697379344167426,
                0.6973820359212584
            ],
            "prevdiff_prob": 0.6726,
            "powdiff_exp": 0.12660679882771023,
            "powdiff_hdi": [
                -0.4375004499379109,
                0.6411227405304529
            ],
            "powdiff_prob": 0.6734
        },
        "pval_group": 0.064453125,
        "frac_H1_rej": 0.4642857142857143
    },
    "increase_pow": {
        "pcurve": {
            "prevdiff_exp": -0.18341159885104086,
            "prevdiff_hdi": [
                -0.5019754759496382,
                0.15746955042872268
            ],
            "prevdiff_prob": 0.1462,
            "powdiff_exp": 0.34939922718042515,
            "powdiff_hdi": [
                0.08576227805236453,
                0.6172249983893682
            ],
            "powdiff_prob": 0.9898
        },
        "binom": {
            "prevdiff_exp": 0.14965665711288625,
            "prevdiff_hdi": [
                -0.4163530545531227,
                0.6808775977880356
            ],
            "prevdiff_prob": 0.6946,
            "powdiff_exp": 0.15089786664808813,
            "powdiff_hdi": [
                -0.37586251276460314,
                0.6580555930080574
            ],
            "powdiff_prob": 0.7124
        },
        "pval_group": 0.59765625,
        "frac_H1_rej": 0.9333333333333333
    },
    "baseline": {
        "frac_H1_rej": 0.4375
    }
}