{
    "increase_prev": {
        "pcurve": {
            "prevdiff_exp": 0.3569550530818909,
            "prevdiff_hdi": [
                -0.06509249850959509,
                0.7892267587665164
            ],
            "prevdiff_prob": 0.9388,
            "powdiff_exp": 0.18016910916721876,
            "powdiff_hdi": [
                -0.16598572250331328,
                0.4474364651533667
            ],
            "powdiff_prob": 0.8726
        },
        "binom": {
            "prevdiff_exp": 0.25769909171974875,
            "prevdiff_hdi": [
                -0.37303199111269214,
                0.8166293287071859
            ],
            "prevdiff_prob": 0.7928,
            "powdiff_exp": 0.2453786490238711,
            "powdiff_hdi": [
                -0.34456291192190425,
                0.771228693050741
            ],
            "powdiff_prob": 0.7932
        },
        "pval_group": 0.0087890625,
        "frac_H1_rej": 0.4827586206896552
    },
    "increase_pow": {
        "pcurve": {
            "prevdiff_exp": 0.014761683867917014,
            "prevdiff_hdi": [
                -0.4405527734786179,
                0.49366690083493897
            ],
            "prevdiff_prob": 0.5154,
            "powdiff_exp": 0.3812968759328006,
            "powdiff_hdi": [
                0.024182568674555982,
                0.7159225232774102
            ],
            "powdiff_prob": 0.968
        },
        "binom": {
            "prevdiff_exp": 0.23539055343964366,
            "prevdiff_hdi": [
                -0.3895634657335083,
                0.8322231647154883
            ],
            "prevdiff_prob": 0.7636,
            "powdiff_exp": 0.2210875812034932,
            "powdiff_hdi": [
                -0.39070904803429296,
                0.7636319710329034
            ],
            "powdiff_prob": 0.7692
        },
        "pval_group": 0.4755859375,
        "frac_H1_rej": 0.8571428571428571
    },
    "baseline": {
        "frac_H1_rej": 0.4166666666666667
    }
}