{
    "increase_prev": {
        "pcurve": {
            "prevdiff_exp": 0.2511038303325209,
            "prevdiff_hdi": [
                -0.11743496329152114,
                0.6224494595825671
            ],
            "prevdiff_prob": 0.9006,
            "powdiff_exp": 0.029686155309370826,
            "powdiff_hdi": [
                -0.24580317142103492,
                0.30246700850100305
            ],
            "powdiff_prob": 0.5974
        },
        "binom": {
            "prevdiff_exp": 0.05140980079247987,
            "prevdiff_hdi": [
                -0.588132083993707,
                0.6287080382787518
            ],
            "prevdiff_prob": 0.5716,
            "powdiff_exp": 0.05888967675518645,
            "powdiff_hdi": [
                -0.5132947018203338,
                0.6198919754732876
            ],
            "powdiff_prob": 0.587
        },
        "pval_group": 0.01953125,
        "frac_H1_rej": 0.3333333333333333
    },
    "increase_pow": {
        "pcurve": {
            "prevdiff_exp": -0.14343180941775954,
            "prevdiff_hdi": [
                -0.5538418054390476,
                0.2592839472041848
            ],
            "prevdiff_prob": 0.2384,
            "powdiff_exp": 0.2985620927847284,
            "powdiff_hdi": [
                -0.04096298901873502,
                0.6289588614208779
            ],
            "powdiff_prob": 0.9468
        },
        "binom": {
            "prevdiff_exp": 0.12734811883278113,
            "prevdiff_hdi": [
                -0.44697379344167426,
                0.6973820359212584
            ],
            "prevdiff_prob": 0.6726,
            "powdiff_exp": 0.12660679882771023,
            "powdiff_hdi": [
                -0.4375004499379109,
                0.6411227405304529
            ],
            "powdiff_prob": 0.6734
        },
        "pval_group": 0.775390625,
        "frac_H1_rej": 1.0
    },
    "baseline": {
        "frac_H1_rej": 0.5
    }
}