{
    "increase_prev": {
        "pcurve": {
            "prevdiff_exp": 0.3377806329094331,
            "prevdiff_hdi": [
                -0.059631641289238924,
                0.7811501421476924
            ],
            "prevdiff_prob": 0.9338,
            "powdiff_exp": 0.3011740675144677,
            "powdiff_hdi": [
                0.032625189831409496,
                0.5530741868704184
            ],
            "powdiff_prob": 0.9686
        },
        "binom": {
            "prevdiff_exp": 0.21973449548125581,
            "prevdiff_hdi": [
                -0.30980099292335084,
                0.7544558410625096
            ],
            "prevdiff_prob": 0.77,
            "powdiff_exp": 0.22113823975469668,
            "powdiff_hdi": [
                -0.30797679955732404,
                0.7019687913977307
            ],
            "powdiff_prob": 0.7838
        },
        "pval_group": 0.0048828125,
        "frac_H1_rej": 0.5714285714285714
    },
    "increase_pow": {
        "pcurve": {
            "prevdiff_exp": -0.09240091018072592,
            "prevdiff_hdi": [
                -0.5573660125997915,
                0.4119156871544096
            ],
            "prevdiff_prob": 0.3602,
            "powdiff_exp": 0.37254999948604917,
            "powdiff_hdi": [
                0.019736403846495776,
                0.6661279072409019
            ],
            "powdiff_prob": 0.9746
        },
        "binom": {
            "prevdiff_exp": 0.11513185863960784,
            "prevdiff_hdi": [
                -0.5019513351207843,
                0.6834897525314664
            ],
            "prevdiff_prob": 0.6508,
            "powdiff_exp": 0.10173007418960968,
            "powdiff_hdi": [
                -0.48776414028681725,
                0.6403295760368541
            ],
            "powdiff_prob": 0.642
        },
        "pval_group": 0.7216796875,
        "frac_H1_rej": 0.8181818181818182
    },
    "baseline": {
        "frac_H1_rej": 0.375
    }
}