{
    "increase_prev": {
        "pcurve": {
            "prevdiff_exp": 0.22201115611094088,
            "prevdiff_hdi": [
                -0.20933553370159752,
                0.7185109276871477
            ],
            "prevdiff_prob": 0.8142,
            "powdiff_exp": 0.1155554053811882,
            "powdiff_hdi": [
                -0.13834735488146482,
                0.37921592096856377
            ],
            "powdiff_prob": 0.837
        },
        "binom": {
            "prevdiff_exp": 0.10804243460686253,
            "prevdiff_hdi": [
                -0.6111966607507721,
                0.7493414142915207
            ],
            "prevdiff_prob": 0.635,
            "powdiff_exp": 0.094480782375783,
            "powdiff_hdi": [
                -0.5317182278797628,
                0.7396519575895979
            ],
            "powdiff_prob": 0.633
        },
        "pval_group": 0.005859375,
        "frac_H1_rej": 0.25925925925925924
    },
    "increase_pow": {
        "pcurve": {
            "prevdiff_exp": -0.08594521811923381,
            "prevdiff_hdi": [
                -0.517508492359418,
                0.40906967423517276
            ],
            "prevdiff_prob": 0.3472,
            "powdiff_exp": 0.48581526072543463,
            "powdiff_hdi": [
                0.19381068942748675,
                0.7557620720743587
            ],
            "powdiff_prob": 0.9928
        },
        "binom": {
            "prevdiff_exp": 0.25769909171974875,
            "prevdiff_hdi": [
                -0.37303199111269214,
                0.8166293287071859
            ],
            "prevdiff_prob": 0.7928,
            "powdiff_exp": 0.2453786490238711,
            "powdiff_hdi": [
                -0.34456291192190425,
                0.771228693050741
            ],
            "powdiff_prob": 0.7932
        },
        "pval_group": 0.087890625,
        "frac_H1_rej": 0.9333333333333333
    },
    "baseline": {
        "frac_H1_rej": 0.45454545454545453
    }
}