{
    "increase_prev": {
        "pcurve": {
            "prevdiff_exp": 0.38863024895994014,
            "prevdiff_hdi": [
                -0.150301376749024,
                0.8321275259451224
            ],
            "prevdiff_prob": 0.9032,
            "powdiff_exp": 0.2030122122589783,
            "powdiff_hdi": [
                -0.19772514784393458,
                0.5181844165844396
            ],
            "powdiff_prob": 0.861
        },
        "binom": {
            "prevdiff_exp": 0.21635734249718902,
            "prevdiff_hdi": [
                -0.41850166710642706,
                0.7937426377387214
            ],
            "prevdiff_prob": 0.7456,
            "powdiff_exp": 0.19392839659515002,
            "powdiff_hdi": [
                -0.41134146749219225,
                0.7751400561832572
            ],
            "powdiff_prob": 0.741
        },
        "pval_group": 0.001953125,
        "frac_H1_rej": 0.4444444444444444
    },
    "increase_pow": {
        "pcurve": {
            "prevdiff_exp": 0.11922199820422623,
            "prevdiff_hdi": [
                -0.4168128719416466,
                0.6099188372114905
            ],
            "prevdiff_prob": 0.688,
            "powdiff_exp": 0.4297870076560548,
            "powdiff_hdi": [
                0.034973599286661994,
                0.796349620213972
            ],
            "powdiff_prob": 0.9618
        },
        "binom": {
            "prevdiff_exp": 0.21635734249718902,
            "prevdiff_hdi": [
                -0.41850166710642706,
                0.7937426377387214
            ],
            "prevdiff_prob": 0.7456,
            "powdiff_exp": 0.19392839659515002,
            "powdiff_hdi": [
                -0.41134146749219225,
                0.7751400561832572
            ],
            "powdiff_prob": 0.741
        },
        "pval_group": 0.140625,
        "frac_H1_rej": 1.0
    },
    "baseline": {
        "frac_H1_rej": 0.45454545454545453
    }
}