{
    "increase_prev": {
        "pcurve": {
            "prevdiff_exp": 0.1376359479740807,
            "prevdiff_hdi": [
                -0.24600718636281094,
                0.533073863188535
            ],
            "prevdiff_prob": 0.7612,
            "powdiff_exp": -0.04556008979271877,
            "powdiff_hdi": [
                -0.35207950924799847,
                0.24540539802331968
            ],
            "powdiff_prob": 0.3864
        },
        "binom": {
            "prevdiff_exp": 0.03275617614782467,
            "prevdiff_hdi": [
                -0.5494100435902691,
                0.58470651030441
            ],
            "prevdiff_prob": 0.5458,
            "powdiff_exp": 0.013627671447707984,
            "powdiff_hdi": [
                -0.519616394713682,
                0.5550508367352915
            ],
            "powdiff_prob": 0.5266
        },
        "pval_group": 0.310546875,
        "frac_H1_rej": 0.3793103448275862
    },
    "increase_pow": {
        "pcurve": {
            "prevdiff_exp": -0.09679226708530593,
            "prevdiff_hdi": [
                -0.4548440467935232,
                0.2658162900149346
            ],
            "prevdiff_prob": 0.3034,
            "powdiff_exp": 0.24368958990018919,
            "powdiff_hdi": [
                -0.061856004000047426,
                0.5551164373134183
            ],
            "powdiff_prob": 0.93
        },
        "binom": {
            "prevdiff_exp": 0.09824685632040636,
            "prevdiff_hdi": [
                -0.4504361746328593,
                0.5949655075398061
            ],
            "prevdiff_prob": 0.6356,
            "powdiff_exp": 0.09200818989290167,
            "powdiff_hdi": [
                -0.41606465604034126,
                0.5700181479327263
            ],
            "powdiff_prob": 0.639
        },
        "pval_group": 0.548828125,
        "frac_H1_rej": 0.9333333333333333
    },
    "baseline": {
        "frac_H1_rej": 0.5
    }
}