{
    "increase_prev": {
        "pcurve": {
            "prevdiff_exp": 0.25694796764695754,
            "prevdiff_hdi": [
                -0.10652934286352067,
                0.6699891770133316
            ],
            "prevdiff_prob": 0.8958,
            "powdiff_exp": 0.20312330579074125,
            "powdiff_hdi": [
                -0.09309147948957486,
                0.4372107635198312
            ],
            "powdiff_prob": 0.9252
        },
        "binom": {
            "prevdiff_exp": 0.2757073980780812,
            "prevdiff_hdi": [
                -0.3467688247133779,
                0.8035521512511697
            ],
            "prevdiff_prob": 0.8018,
            "powdiff_exp": 0.268158743695672,
            "powdiff_hdi": [
                -0.30109507152523607,
                0.807761469069551
            ],
            "powdiff_prob": 0.8074
        },
        "pval_group": 0.00390625,
        "frac_H1_rej": 0.5172413793103449
    },
    "increase_pow": {
        "pcurve": {
            "prevdiff_exp": -0.1969304833064274,
            "prevdiff_hdi": [
                -0.6099580959924981,
                0.2837730516601026
            ],
            "prevdiff_prob": 0.2082,
            "powdiff_exp": 0.4070854380095853,
            "powdiff_hdi": [
                0.06267332497371647,
                0.7068289884451234
            ],
            "powdiff_prob": 0.9822
        },
        "binom": {
            "prevdiff_exp": 0.21635734249718902,
            "prevdiff_hdi": [
                -0.41850166710642706,
                0.7937426377387214
            ],
            "prevdiff_prob": 0.7456,
            "powdiff_exp": 0.19392839659515002,
            "powdiff_hdi": [
                -0.41134146749219225,
                0.7751400561832572
            ],
            "powdiff_prob": 0.741
        },
        "pval_group": 0.80859375,
        "frac_H1_rej": 1.0
    },
    "baseline": {
        "frac_H1_rej": 0.3125
    }
}