{
    "increase_prev": {
        "pcurve": {
            "prevdiff_exp": 0.18749854690474918,
            "prevdiff_hdi": [
                -0.17522016354900138,
                0.609157447903709
            ],
            "prevdiff_prob": 0.8104,
            "powdiff_exp": 0.30702663272493685,
            "powdiff_hdi": [
                0.06748282661341576,
                0.5542662248021035
            ],
            "powdiff_prob": 0.9844
        },
        "binom": {
            "prevdiff_exp": 0.3399139136354361,
            "prevdiff_hdi": [
                -0.2301853465510041,
                0.8501400283154114
            ],
            "prevdiff_prob": 0.8524,
            "powdiff_exp": 0.3236897241772753,
            "powdiff_hdi": [
                -0.23752212552670582,
                0.8078895768154368
            ],
            "powdiff_prob": 0.8536
        },
        "pval_group": 0.0029296875,
        "frac_H1_rej": 0.6206896551724138
    },
    "increase_pow": {
        "pcurve": {
            "prevdiff_exp": -0.18584143109155002,
            "prevdiff_hdi": [
                -0.6164490737375783,
                0.2701050391971744
            ],
            "prevdiff_prob": 0.2124,
            "powdiff_exp": 0.38786336106735936,
            "powdiff_hdi": [
                0.06738473840813658,
                0.6937207107561922
            ],
            "powdiff_prob": 0.9834
        },
        "binom": {
            "prevdiff_exp": 0.21635734249718902,
            "prevdiff_hdi": [
                -0.41850166710642706,
                0.7937426377387214
            ],
            "prevdiff_prob": 0.7456,
            "powdiff_exp": 0.19392839659515002,
            "powdiff_hdi": [
                -0.41134146749219225,
                0.7751400561832572
            ],
            "powdiff_prob": 0.741
        },
        "pval_group": 0.10546875,
        "frac_H1_rej": 1.0
    },
    "baseline": {
        "frac_H1_rej": 0.38461538461538464
    }
}