{
    "increase_prev": {
        "pcurve": {
            "prevdiff_exp": 0.1613124363583887,
            "prevdiff_hdi": [
                -0.18644018011123598,
                0.5493727514872633
            ],
            "prevdiff_prob": 0.7922,
            "powdiff_exp": 0.14101714127832762,
            "powdiff_hdi": [
                -0.08550408846779423,
                0.3667350553369006
            ],
            "powdiff_prob": 0.8878
        },
        "binom": {
            "prevdiff_exp": 0.10831490789032648,
            "prevdiff_hdi": [
                -0.5019099045829167,
                0.6588128193176792
            ],
            "prevdiff_prob": 0.6384,
            "powdiff_exp": 0.09944761421936701,
            "powdiff_hdi": [
                -0.46053350532630905,
                0.6248992146799097
            ],
            "powdiff_prob": 0.6358
        },
        "pval_group": 0.0087890625,
        "frac_H1_rej": 0.41379310344827586
    },
    "increase_pow": {
        "pcurve": {
            "prevdiff_exp": -0.1292580469908087,
            "prevdiff_hdi": [
                -0.4808134009628108,
                0.2903252755404999
            ],
            "prevdiff_prob": 0.2522,
            "powdiff_exp": 0.4953004488546292,
            "powdiff_hdi": [
                0.25100096288485474,
                0.7192973117697997
            ],
            "powdiff_prob": 0.9992
        },
        "binom": {
            "prevdiff_exp": 0.2318714790285736,
            "prevdiff_hdi": [
                -0.2844211942886189,
                0.7332259702947241
            ],
            "prevdiff_prob": 0.7816,
            "powdiff_exp": 0.22920894180149234,
            "powdiff_hdi": [
                -0.304989565225532,
                0.6604455880455685
            ],
            "powdiff_prob": 0.7906
        },
        "pval_group": 0.0107421875,
        "frac_H1_rej": 1.0
    },
    "baseline": {
        "frac_H1_rej": 0.5714285714285714
    }
}