{
    "increase_prev": {
        "pcurve": {
            "prevdiff_exp": 0.3865347594596383,
            "prevdiff_hdi": [
                -0.10230152073461551,
                0.8352713531542664
            ],
            "prevdiff_prob": 0.9188,
            "powdiff_exp": 0.14201208601218895,
            "powdiff_hdi": [
                -0.2442231953228432,
                0.45159220029145813
            ],
            "powdiff_prob": 0.806
        },
        "binom": {
            "prevdiff_exp": 0.15831400053208444,
            "prevdiff_hdi": [
                -0.469517779582702,
                0.6818685071085399
            ],
            "prevdiff_prob": 0.7046,
            "powdiff_exp": 0.15581952481442546,
            "powdiff_hdi": [
                -0.43760014099573424,
                0.6699355663760868
            ],
            "powdiff_prob": 0.7052
        },
        "pval_group": 0.0166015625,
        "frac_H1_rej": 0.4482758620689655
    },
    "increase_pow": {
        "pcurve": {
            "prevdiff_exp": 0.027399957967940394,
            "prevdiff_hdi": [
                -0.47289565481041324,
                0.5167076881941958
            ],
            "prevdiff_prob": 0.5632,
            "powdiff_exp": 0.39199640679631226,
            "powdiff_hdi": [
                -0.019420030776069463,
                0.7229524541629291
            ],
            "powdiff_prob": 0.9582
        },
        "binom": {
            "prevdiff_exp": 0.13928078958962978,
            "prevdiff_hdi": [
                -0.43925150533188306,
                0.7378011009685618
            ],
            "prevdiff_prob": 0.6808,
            "powdiff_exp": 0.12866034020608225,
            "powdiff_hdi": [
                -0.43529067522658765,
                0.6778648915381699
            ],
            "powdiff_prob": 0.68
        },
        "pval_group": 0.6533203125,
        "frac_H1_rej": 0.9166666666666666
    },
    "baseline": {
        "frac_H1_rej": 0.5
    }
}