{
    "increase_prev": {
        "pcurve": {
            "prevdiff_exp": 0.36326785068775747,
            "prevdiff_hdi": [
                -0.021192391209908568,
                0.7361546735331719
            ],
            "prevdiff_prob": 0.9572,
            "powdiff_exp": -0.03505567580135363,
            "powdiff_hdi": [
                -0.3708342846450502,
                0.28094556986521746
            ],
            "powdiff_prob": 0.443
        },
        "binom": {
            "prevdiff_exp": 0.02452377634934167,
            "prevdiff_hdi": [
                -0.5849800262113836,
                0.6351628926091069
            ],
            "prevdiff_prob": 0.5358,
            "powdiff_exp": 0.03360243236014403,
            "powdiff_hdi": [
                -0.5689434114861476,
                0.6196204902599365
            ],
            "powdiff_prob": 0.5512
        },
        "pval_group": 0.01953125,
        "frac_H1_rej": 0.3
    },
    "increase_pow": {
        "pcurve": {
            "prevdiff_exp": 0.11313810163315757,
            "prevdiff_hdi": [
                -0.30347747154228155,
                0.4910440353916476
            ],
            "prevdiff_prob": 0.7192,
            "powdiff_exp": 0.3165778470195251,
            "powdiff_hdi": [
                -0.02677300639975788,
                0.6539788051821067
            ],
            "powdiff_prob": 0.9556
        },
        "binom": {
            "prevdiff_exp": 0.1676649634712187,
            "prevdiff_hdi": [
                -0.40451892741105544,
                0.6857561374020695
            ],
            "prevdiff_prob": 0.7238,
            "powdiff_exp": 0.17367796131988902,
            "powdiff_hdi": [
                -0.33026957917358235,
                0.6876691878359391
            ],
            "powdiff_prob": 0.7338
        },
        "pval_group": 0.6044921875,
        "frac_H1_rej": 1.0
    },
    "baseline": {
        "frac_H1_rej": 0.5
    }
}