{
    "increase_prev": {
        "pcurve": {
            "prevdiff_exp": 0.08169205750721802,
            "prevdiff_hdi": [
                -0.23317107819595895,
                0.4883967660596795
            ],
            "prevdiff_prob": 0.6528,
            "powdiff_exp": 0.18974491251974318,
            "powdiff_hdi": [
                -0.04922741918703483,
                0.425927777372333
            ],
            "powdiff_prob": 0.9382
        },
        "binom": {
            "prevdiff_exp": 0.25769909171974875,
            "prevdiff_hdi": [
                -0.37303199111269214,
                0.8166293287071859
            ],
            "prevdiff_prob": 0.7928,
            "powdiff_exp": 0.2453786490238711,
            "powdiff_hdi": [
                -0.34456291192190425,
                0.771228693050741
            ],
            "powdiff_prob": 0.7932
        },
        "pval_group": 0.0166015625,
        "frac_H1_rej": 0.4666666666666667
    },
    "increase_pow": {
        "pcurve": {
            "prevdiff_exp": -0.3198876353798883,
            "prevdiff_hdi": [
                -0.6663944563010757,
                0.05927068901515553
            ],
            "prevdiff_prob": 0.0612,
            "powdiff_exp": 0.4614267991280115,
            "powdiff_hdi": [
                0.19174969286966437,
                0.722908478490876
            ],
            "powdiff_prob": 0.997
        },
        "binom": {
            "prevdiff_exp": 0.19220841154716706,
            "prevdiff_hdi": [
                -0.4019318782099181,
                0.8467984729501401
            ],
            "prevdiff_prob": 0.7244,
            "powdiff_exp": 0.16699813057867743,
            "powdiff_hdi": [
                -0.4660747850865876,
                0.7368521305563903
            ],
            "powdiff_prob": 0.716
        },
        "pval_group": 0.763671875,
        "frac_H1_rej": 0.9090909090909091
    },
    "baseline": {
        "frac_H1_rej": 0.2857142857142857
    }
}