{
    "increase_prev": {
        "pcurve": {
            "prevdiff_exp": 0.34538990464721053,
            "prevdiff_hdi": [
                -0.08924397523746275,
                0.7877792238294868
            ],
            "prevdiff_prob": 0.915,
            "powdiff_exp": 0.16583224451205147,
            "powdiff_hdi": [
                -0.197792750652853,
                0.47321492614377175
            ],
            "powdiff_prob": 0.8472
        },
        "binom": {
            "prevdiff_exp": 0.2757073980780812,
            "prevdiff_hdi": [
                -0.3467688247133779,
                0.8035521512511697
            ],
            "prevdiff_prob": 0.8018,
            "powdiff_exp": 0.268158743695672,
            "powdiff_hdi": [
                -0.30109507152523607,
                0.807761469069551
            ],
            "powdiff_prob": 0.8074
        },
        "pval_group": 0.0078125,
        "frac_H1_rej": 0.5172413793103449
    },
    "increase_pow": {
        "pcurve": {
            "prevdiff_exp": 0.023821211740280783,
            "prevdiff_hdi": [
                -0.4781140555115488,
                0.49163439526804564
            ],
            "prevdiff_prob": 0.5434,
            "powdiff_exp": 0.40569766400490254,
            "powdiff_hdi": [
                0.028842218946713682,
                0.7431021693551889
            ],
            "powdiff_prob": 0.9656
        },
        "binom": {
            "prevdiff_exp": 0.23539055343964366,
            "prevdiff_hdi": [
                -0.3895634657335083,
                0.8322231647154883
            ],
            "prevdiff_prob": 0.7636,
            "powdiff_exp": 0.2210875812034932,
            "powdiff_hdi": [
                -0.39070904803429296,
                0.7636319710329034
            ],
            "powdiff_prob": 0.7692
        },
        "pval_group": 0.375,
        "frac_H1_rej": 0.9166666666666666
    },
    "baseline": {
        "frac_H1_rej": 0.45454545454545453
    }
}