{
    "increase_prev": {
        "pcurve": {
            "prevdiff_exp": 0.40859199614294983,
            "prevdiff_hdi": [
                -0.05105143162542669,
                0.8850141167330325
            ],
            "prevdiff_prob": 0.9384,
            "powdiff_exp": 0.3386948021483311,
            "powdiff_hdi": [
                -0.016724260487687603,
                0.6334849411941947
            ],
            "powdiff_prob": 0.9528
        },
        "binom": {
            "prevdiff_exp": 0.4265787780956443,
            "prevdiff_hdi": [
                -0.19471537096111946,
                0.9126285520427443
            ],
            "prevdiff_prob": 0.8888,
            "powdiff_exp": 0.4433840368128675,
            "powdiff_hdi": [
                -0.13065300231563903,
                0.9215049918737537
            ],
            "powdiff_prob": 0.9114
        },
        "pval_group": 0.001953125,
        "frac_H1_rej": 0.6785714285714286
    },
    "increase_pow": {
        "pcurve": {
            "prevdiff_exp": 0.19804102644676547,
            "prevdiff_hdi": [
                -0.31480665109733763,
                0.6635935231498137
            ],
            "prevdiff_prob": 0.745,
            "powdiff_exp": 0.529705692079172,
            "powdiff_hdi": [
                0.16649431734578052,
                0.7992722739665119
            ],
            "powdiff_prob": 0.9856
        },
        "binom": {
            "prevdiff_exp": 0.4265787780956443,
            "prevdiff_hdi": [
                -0.19471537096111946,
                0.9126285520427443
            ],
            "prevdiff_prob": 0.8888,
            "powdiff_exp": 0.4433840368128675,
            "powdiff_hdi": [
                -0.13065300231563903,
                0.9215049918737537
            ],
            "powdiff_prob": 0.9114
        },
        "pval_group": 0.0009765625,
        "frac_H1_rej": 1.0
    },
    "baseline": {
        "frac_H1_rej": 0.2
    }
}