{
    "increase_prev": {
        "pcurve": {
            "prevdiff_exp": 0.24682040698167462,
            "prevdiff_hdi": [
                -0.09651319516616796,
                0.6246891780016621
            ],
            "prevdiff_prob": 0.9078,
            "powdiff_exp": 0.058504835020062936,
            "powdiff_hdi": [
                -0.2283363696435045,
                0.3217545480327172
            ],
            "powdiff_prob": 0.6764
        },
        "binom": {
            "prevdiff_exp": 0.15831400053208444,
            "prevdiff_hdi": [
                -0.469517779582702,
                0.6818685071085399
            ],
            "prevdiff_prob": 0.7046,
            "powdiff_exp": 0.15581952481442546,
            "powdiff_hdi": [
                -0.43760014099573424,
                0.6699355663760868
            ],
            "powdiff_prob": 0.7052
        },
        "pval_group": 0.0361328125,
        "frac_H1_rej": 0.4482758620689655
    },
    "increase_pow": {
        "pcurve": {
            "prevdiff_exp": 0.015692339286918343,
            "prevdiff_hdi": [
                -0.3509031427250543,
                0.4089362459748377
            ],
            "prevdiff_prob": 0.524,
            "powdiff_exp": 0.3434340692368856,
            "powdiff_hdi": [
                0.038228521442979835,
                0.6128146066444071
            ],
            "powdiff_prob": 0.9818
        },
        "binom": {
            "prevdiff_exp": 0.26283736072787695,
            "prevdiff_hdi": [
                -0.2882583031759345,
                0.7353424429797546
            ],
            "prevdiff_prob": 0.8166,
            "powdiff_exp": 0.2584216677882076,
            "powdiff_hdi": [
                -0.22983240770080904,
                0.7310518251192848
            ],
            "powdiff_prob": 0.8218
        },
        "pval_group": 0.095703125,
        "frac_H1_rej": 1.0
    },
    "baseline": {
        "frac_H1_rej": 0.42857142857142855
    }
}