{
    "increase_prev": {
        "pcurve": {
            "prevdiff_exp": 0.008243541474952223,
            "prevdiff_hdi": [
                -0.45367701469461436,
                0.499276430243539
            ],
            "prevdiff_prob": 0.5064,
            "powdiff_exp": 0.0613533229895927,
            "powdiff_hdi": [
                -0.17663191236017817,
                0.326359369880773
            ],
            "powdiff_prob": 0.7064
        },
        "binom": {
            "prevdiff_exp": 0.09755610877681803,
            "prevdiff_hdi": [
                -0.5251801550218109,
                0.7635827897139151
            ],
            "prevdiff_prob": 0.6222,
            "powdiff_exp": 0.08700635877231405,
            "powdiff_hdi": [
                -0.5204209004219931,
                0.7062424616109438
            ],
            "powdiff_prob": 0.6196
        },
        "pval_group": 0.0166015625,
        "frac_H1_rej": 0.3333333333333333
    },
    "increase_pow": {
        "pcurve": {
            "prevdiff_exp": -0.3801525460213242,
            "prevdiff_hdi": [
                -0.7523346290433032,
                0.0333556408682511
            ],
            "prevdiff_prob": 0.0506,
            "powdiff_exp": 0.39508921938963265,
            "powdiff_hdi": [
                0.0574070147242739,
                0.698377984843415
            ],
            "powdiff_prob": 0.983
        },
        "binom": {
            "prevdiff_exp": 0.12444213321995623,
            "prevdiff_hdi": [
                -0.4981916736341053,
                0.7353036702573679
            ],
            "prevdiff_prob": 0.6566,
            "powdiff_exp": 0.11229360316735647,
            "powdiff_hdi": [
                -0.47725614413824463,
                0.6833486727929745
            ],
            "powdiff_prob": 0.6448
        },
        "pval_group": 0.224609375,
        "frac_H1_rej": 1.0
    },
    "baseline": {
        "frac_H1_rej": 0.3076923076923077
    }
}