{
    "increase_prev": {
        "pcurve": {
            "prevdiff_exp": 0.5448745958153579,
            "prevdiff_hdi": [
                0.11658736675632464,
                0.9279295887438973
            ],
            "prevdiff_prob": 0.9842,
            "powdiff_exp": 0.06735665663056721,
            "powdiff_hdi": [
                -0.36368388101272614,
                0.4448429452890911
            ],
            "powdiff_prob": 0.6424
        },
        "binom": {
            "prevdiff_exp": 0.19220841154716706,
            "prevdiff_hdi": [
                -0.4019318782099181,
                0.8467984729501401
            ],
            "prevdiff_prob": 0.7244,
            "powdiff_exp": 0.16699813057867743,
            "powdiff_hdi": [
                -0.4660747850865876,
                0.7368521305563903
            ],
            "powdiff_prob": 0.716
        },
        "pval_group": 0.005859375,
        "frac_H1_rej": 0.3793103448275862
    },
    "increase_pow": {
        "pcurve": {
            "prevdiff_exp": 0.18435664755169973,
            "prevdiff_hdi": [
                -0.30013741416891493,
                0.6512692167530619
            ],
            "prevdiff_prob": 0.7884,
            "powdiff_exp": 0.2405303272125192,
            "powdiff_hdi": [
                -0.21584180167910022,
                0.68950875180482
            ],
            "powdiff_prob": 0.838
        },
        "binom": {
            "prevdiff_exp": 0.23539055343964366,
            "prevdiff_hdi": [
                -0.3895634657335083,
                0.8322231647154883
            ],
            "prevdiff_prob": 0.7636,
            "powdiff_exp": 0.2210875812034932,
            "powdiff_hdi": [
                -0.39070904803429296,
                0.7636319710329034
            ],
            "powdiff_prob": 0.7692
        },
        "pval_group": 0.3349609375,
        "frac_H1_rej": 1.0
    },
    "baseline": {
        "frac_H1_rej": 0.7142857142857143
    }
}