{
    "increase_prev": {
        "pcurve": {
            "prevdiff_exp": 0.21419137300516694,
            "prevdiff_hdi": [
                -0.21610061070800535,
                0.7100492755762673
            ],
            "prevdiff_prob": 0.7962,
            "powdiff_exp": 0.29119751660869597,
            "powdiff_hdi": [
                0.054372496928353053,
                0.5168967112619749
            ],
            "powdiff_prob": 0.98
        },
        "binom": {
            "prevdiff_exp": 0.37669585271524464,
            "prevdiff_hdi": [
                -0.2586132225082255,
                0.9113791205354644
            ],
            "prevdiff_prob": 0.8644,
            "powdiff_exp": 0.41051981741200805,
            "powdiff_hdi": [
                -0.1875608430555032,
                0.9201203806954704
            ],
            "powdiff_prob": 0.8922
        },
        "pval_group": 0.005859375,
        "frac_H1_rej": 0.5172413793103449
    },
    "increase_pow": {
        "pcurve": {
            "prevdiff_exp": -0.11882295794788106,
            "prevdiff_hdi": [
                -0.5499356358074111,
                0.3918422192628515
            ],
            "prevdiff_prob": 0.3004,
            "powdiff_exp": 0.5344517317897906,
            "powdiff_hdi": [
                0.27752607228169235,
                0.7658337466963745
            ],
            "powdiff_prob": 0.9966
        },
        "binom": {
            "prevdiff_exp": 0.3586875463569122,
            "prevdiff_hdi": [
                -0.2786901893190107,
                0.9227292184626726
            ],
            "prevdiff_prob": 0.8464,
            "powdiff_exp": 0.3877397227402072,
            "powdiff_hdi": [
                -0.22916193388645412,
                0.9269360705391537
            ],
            "powdiff_prob": 0.8784
        },
        "pval_group": 0.0791015625,
        "frac_H1_rej": 0.9333333333333333
    },
    "baseline": {
        "frac_H1_rej": 0.11764705882352941
    }
}