{
    "increase_prev": {
        "pcurve": {
            "prevdiff_exp": 0.2876843725055665,
            "prevdiff_hdi": [
                -0.04467774434189664,
                0.6029377582176163
            ],
            "prevdiff_prob": 0.9514,
            "powdiff_exp": 0.033675644795051536,
            "powdiff_hdi": [
                -0.2656984999842937,
                0.3096971868461622
            ],
            "powdiff_prob": 0.5904
        },
        "binom": {
            "prevdiff_exp": 0.1207386610828747,
            "prevdiff_hdi": [
                -0.38737011197725346,
                0.5899475305788571
            ],
            "prevdiff_prob": 0.6712,
            "powdiff_exp": 0.14651065690940274,
            "powdiff_hdi": [
                -0.29800378054039867,
                0.6143323062944779
            ],
            "powdiff_prob": 0.7198
        },
        "pval_group": 0.041015625,
        "frac_H1_rej": 0.5862068965517241
    },
    "increase_pow": {
        "pcurve": {
            "prevdiff_exp": -0.02494441739237871,
            "prevdiff_hdi": [
                -0.383057057840148,
                0.34028969803060755
            ],
            "prevdiff_prob": 0.433,
            "powdiff_exp": 0.2375621356839878,
            "powdiff_hdi": [
                -0.0836157199248651,
                0.5693626019848856
            ],
            "powdiff_prob": 0.9144
        },
        "binom": {
            "prevdiff_exp": 0.06549068017258171,
            "prevdiff_hdi": [
                -0.4512558852777509,
                0.5969497027933123
            ],
            "prevdiff_prob": 0.5928,
            "powdiff_exp": 0.07838051844519368,
            "powdiff_hdi": [
                -0.4292678764639456,
                0.5534987511432858
            ],
            "powdiff_prob": 0.6208
        },
        "pval_group": 0.63671875,
        "frac_H1_rej": 1.0
    },
    "baseline": {
        "frac_H1_rej": 0.6875
    }
}