{
    "increase_prev": {
        "pcurve": {
            "prevdiff_exp": 0.08933482655770432,
            "prevdiff_hdi": [
                -0.2895794116260505,
                0.48262981857736786
            ],
            "prevdiff_prob": 0.6654,
            "powdiff_exp": 0.07865325304113012,
            "powdiff_hdi": [
                -0.14118314174574137,
                0.2938431318318551
            ],
            "powdiff_prob": 0.7764
        },
        "binom": {
            "prevdiff_exp": 0.1568068967699007,
            "prevdiff_hdi": [
                -0.5268161877866395,
                0.770298129656127
            ],
            "prevdiff_prob": 0.6932,
            "powdiff_exp": 0.13119876154124974,
            "powdiff_hdi": [
                -0.5113170268823861,
                0.7476349955695001
            ],
            "powdiff_prob": 0.6714
        },
        "pval_group": 0.0078125,
        "frac_H1_rej": 0.2857142857142857
    },
    "increase_pow": {
        "pcurve": {
            "prevdiff_exp": -0.3058790740622864,
            "prevdiff_hdi": [
                -0.6565371755069989,
                0.059405865639953315
            ],
            "prevdiff_prob": 0.0662,
            "powdiff_exp": 0.5427187513231697,
            "powdiff_hdi": [
                0.293763468149451,
                0.7530666056398652
            ],
            "powdiff_prob": 0.9998
        },
        "binom": {
            "prevdiff_exp": 0.28415501560268175,
            "prevdiff_hdi": [
                -0.3418700184273562,
                0.8740334268642953
            ],
            "prevdiff_prob": 0.8142,
            "powdiff_exp": 0.25780556036895996,
            "powdiff_hdi": [
                -0.32330480728412214,
                0.836248841650578
            ],
            "powdiff_prob": 0.7996
        },
        "pval_group": 0.8896484375,
        "frac_H1_rej": 1.0
    },
    "baseline": {
        "frac_H1_rej": 0.3076923076923077
    }
}