{
    "increase_prev": {
        "pcurve": {
            "prevdiff_exp": 0.23975903802610654,
            "prevdiff_hdi": [
                -0.14172113359787009,
                0.5961275998930669
            ],
            "prevdiff_prob": 0.8982,
            "powdiff_exp": 0.12044116554115918,
            "powdiff_hdi": [
                -0.15977927713542234,
                0.383743346055908
            ],
            "powdiff_prob": 0.8146
        },
        "binom": {
            "prevdiff_exp": 0.1676649634712187,
            "prevdiff_hdi": [
                -0.40451892741105544,
                0.6857561374020695
            ],
            "prevdiff_prob": 0.7238,
            "powdiff_exp": 0.17367796131988902,
            "powdiff_hdi": [
                -0.33026957917358235,
                0.6876691878359391
            ],
            "powdiff_prob": 0.7338
        },
        "pval_group": 0.0224609375,
        "frac_H1_rej": 0.5172413793103449
    },
    "increase_pow": {
        "pcurve": {
            "prevdiff_exp": 0.009150515553064497,
            "prevdiff_hdi": [
                -0.3954903019563,
                0.4127088504969244
            ],
            "prevdiff_prob": 0.5074,
            "powdiff_exp": 0.3595606395886353,
            "powdiff_hdi": [
                0.05813864731175822,
                0.6488828385591723
            ],
            "powdiff_prob": 0.9818
        },
        "binom": {
            "prevdiff_exp": 0.1676649634712187,
            "prevdiff_hdi": [
                -0.40451892741105544,
                0.6857561374020695
            ],
            "prevdiff_prob": 0.7238,
            "powdiff_exp": 0.17367796131988902,
            "powdiff_hdi": [
                -0.33026957917358235,
                0.6876691878359391
            ],
            "powdiff_prob": 0.7338
        },
        "pval_group": 0.7412109375,
        "frac_H1_rej": 1.0
    },
    "baseline": {
        "frac_H1_rej": 0.42105263157894735
    }
}