{
    "increase_prev": {
        "pcurve": {
            "prevdiff_exp": 0.12429729192252903,
            "prevdiff_hdi": [
                -0.2685350035135553,
                0.5434286652951139
            ],
            "prevdiff_prob": 0.735,
            "powdiff_exp": -0.12908951617925046,
            "powdiff_hdi": [
                -0.41880778647736683,
                0.18828167190205813
            ],
            "powdiff_prob": 0.1996
        },
        "binom": {
            "prevdiff_exp": -0.0268860244431382,
            "prevdiff_hdi": [
                -0.6035178722204599,
                0.550831554498189
            ],
            "prevdiff_prob": 0.4622,
            "powdiff_exp": -0.025287244395042426,
            "powdiff_hdi": [
                -0.5806730655455874,
                0.5496732157516877
            ],
            "powdiff_prob": 0.461
        },
        "pval_group": 0.2958984375,
        "frac_H1_rej": 0.36
    },
    "increase_pow": {
        "pcurve": {
            "prevdiff_exp": -0.09284234794265221,
            "prevdiff_hdi": [
                -0.4451807337755101,
                0.27193539738593925
            ],
            "prevdiff_prob": 0.3118,
            "powdiff_exp": 0.20869277492311916,
            "powdiff_hdi": [
                -0.13819158508353724,
                0.5187524015270654
            ],
            "powdiff_prob": 0.888
        },
        "binom": {
            "prevdiff_exp": 0.09824685632040636,
            "prevdiff_hdi": [
                -0.4504361746328593,
                0.5949655075398061
            ],
            "prevdiff_prob": 0.6356,
            "powdiff_exp": 0.09200818989290167,
            "powdiff_hdi": [
                -0.41606465604034126,
                0.5700181479327263
            ],
            "powdiff_prob": 0.639
        },
        "pval_group": 0.525390625,
        "frac_H1_rej": 1.0
    },
    "baseline": {
        "frac_H1_rej": 0.47058823529411764
    }
}