{
    "increase_prev": {
        "pcurve": {
            "prevdiff_exp": 0.38559518194135,
            "prevdiff_hdi": [
                -0.0521784118987042,
                0.7824406529939273
            ],
            "prevdiff_prob": 0.9518,
            "powdiff_exp": 0.09116067953807809,
            "powdiff_hdi": [
                -0.23566947790729814,
                0.36057120381711333
            ],
            "powdiff_prob": 0.745
        },
        "binom": {
            "prevdiff_exp": 0.19220841154716706,
            "prevdiff_hdi": [
                -0.4019318782099181,
                0.8467984729501401
            ],
            "prevdiff_prob": 0.7244,
            "powdiff_exp": 0.16699813057867743,
            "powdiff_hdi": [
                -0.4660747850865876,
                0.7368521305563903
            ],
            "powdiff_prob": 0.716
        },
        "pval_group": 0.0107421875,
        "frac_H1_rej": 0.3793103448275862
    },
    "increase_pow": {
        "pcurve": {
            "prevdiff_exp": 0.05180424940521357,
            "prevdiff_hdi": [
                -0.4329582052412315,
                0.5070296700463409
            ],
            "prevdiff_prob": 0.5846,
            "powdiff_exp": 0.3778623609165265,
            "powdiff_hdi": [
                0.022180005454182916,
                0.7288076386744341
            ],
            "powdiff_prob": 0.9662
        },
        "binom": {
            "prevdiff_exp": 0.25769909171974875,
            "prevdiff_hdi": [
                -0.37303199111269214,
                0.8166293287071859
            ],
            "prevdiff_prob": 0.7928,
            "powdiff_exp": 0.2453786490238711,
            "powdiff_hdi": [
                -0.34456291192190425,
                0.771228693050741
            ],
            "powdiff_prob": 0.7932
        },
        "pval_group": 0.09765625,
        "frac_H1_rej": 1.0
    },
    "baseline": {
        "frac_H1_rej": 0.5
    }
}