{
    "increase_prev": {
        "pcurve": {
            "prevdiff_exp": 0.29378600503490054,
            "prevdiff_hdi": [
                -0.1592541540392618,
                0.7525578934708735
            ],
            "prevdiff_prob": 0.8814,
            "powdiff_exp": 0.20586992421722836,
            "powdiff_hdi": [
                -0.10070437919459357,
                0.4712410755007534
            ],
            "powdiff_prob": 0.9164
        },
        "binom": {
            "prevdiff_exp": 0.2226889895403626,
            "prevdiff_hdi": [
                -0.3605755328540975,
                0.7810150693148055
            ],
            "prevdiff_prob": 0.7698,
            "powdiff_exp": 0.20430179306025814,
            "powdiff_hdi": [
                -0.3659388742499372,
                0.7235969266582232
            ],
            "powdiff_prob": 0.7584
        },
        "pval_group": 0.0263671875,
        "frac_H1_rej": 0.48148148148148145
    },
    "increase_pow": {
        "pcurve": {
            "prevdiff_exp": -0.17446033932518992,
            "prevdiff_hdi": [
                -0.6219958141340525,
                0.27162262228215206
            ],
            "prevdiff_prob": 0.2438,
            "powdiff_exp": 0.5271963360012363,
            "powdiff_hdi": [
                0.20875873320583666,
                0.8109744324074825
            ],
            "powdiff_prob": 0.9952
        },
        "binom": {
            "prevdiff_exp": 0.12444213321995623,
            "prevdiff_hdi": [
                -0.4981916736341053,
                0.7353036702573679
            ],
            "prevdiff_prob": 0.6566,
            "powdiff_exp": 0.11229360316735647,
            "powdiff_hdi": [
                -0.47725614413824463,
                0.6833486727929745
            ],
            "powdiff_prob": 0.6448
        },
        "pval_group": 0.84375,
        "frac_H1_rej": 0.9090909090909091
    },
    "baseline": {
        "frac_H1_rej": 0.375
    }
}