{
    "increase_prev": {
        "pcurve": {
            "prevdiff_exp": 0.36010976838630593,
            "prevdiff_hdi": [
                -0.04451495318880738,
                0.7896665490750524
            ],
            "prevdiff_prob": 0.9474,
            "powdiff_exp": 0.12703729770759722,
            "powdiff_hdi": [
                -0.22279207553179214,
                0.437978879143212
            ],
            "powdiff_prob": 0.7904
        },
        "binom": {
            "prevdiff_exp": 0.2226889895403626,
            "prevdiff_hdi": [
                -0.3605755328540975,
                0.7810150693148055
            ],
            "prevdiff_prob": 0.7698,
            "powdiff_exp": 0.20430179306025814,
            "powdiff_hdi": [
                -0.3659388742499372,
                0.7235969266582232
            ],
            "powdiff_prob": 0.7584
        },
        "pval_group": 0.001953125,
        "frac_H1_rej": 0.4827586206896552
    },
    "increase_pow": {
        "pcurve": {
            "prevdiff_exp": -0.03269526986334032,
            "prevdiff_hdi": [
                -0.4649219044501796,
                0.4062930431610289
            ],
            "prevdiff_prob": 0.4546,
            "powdiff_exp": 0.42281354923899017,
            "powdiff_hdi": [
                0.04088109971404441,
                0.7214672901069028
            ],
            "powdiff_prob": 0.9768
        },
        "binom": {
            "prevdiff_exp": 0.2226889895403626,
            "prevdiff_hdi": [
                -0.3605755328540975,
                0.7810150693148055
            ],
            "prevdiff_prob": 0.7698,
            "powdiff_exp": 0.20430179306025814,
            "powdiff_hdi": [
                -0.3659388742499372,
                0.7235969266582232
            ],
            "powdiff_prob": 0.7584
        },
        "pval_group": 0.0244140625,
        "frac_H1_rej": 1.0
    },
    "baseline": {
        "frac_H1_rej": 0.5454545454545454
    }
}