{
    "increase_prev": {
        "pcurve": {
            "prevdiff_exp": 0.3013865949085771,
            "prevdiff_hdi": [
                -0.07978113376235929,
                0.6586146022345838
            ],
            "prevdiff_prob": 0.93,
            "powdiff_exp": 0.1130101213966205,
            "powdiff_hdi": [
                -0.18418420655782092,
                0.38420911552893156
            ],
            "powdiff_prob": 0.7782
        },
        "binom": {
            "prevdiff_exp": 0.10282434248343943,
            "prevdiff_hdi": [
                -0.46391285844393804,
                0.640850572071314
            ],
            "prevdiff_prob": 0.6488,
            "powdiff_exp": 0.0930043664675662,
            "powdiff_hdi": [
                -0.43314687785795697,
                0.619064719114842
            ],
            "powdiff_prob": 0.6322
        },
        "pval_group": 0.0166015625,
        "frac_H1_rej": 0.43333333333333335
    },
    "increase_pow": {
        "pcurve": {
            "prevdiff_exp": 0.08334609210571145,
            "prevdiff_hdi": [
                -0.33060318716060444,
                0.49128215690987886
            ],
            "prevdiff_prob": 0.643,
            "powdiff_exp": 0.4213115255398826,
            "powdiff_hdi": [
                0.12219559580046563,
                0.7167760531751171
            ],
            "powdiff_prob": 0.9908
        },
        "binom": {
            "prevdiff_exp": 0.20734770267923194,
            "prevdiff_hdi": [
                -0.2964853389941906,
                0.6931751756182938
            ],
            "prevdiff_prob": 0.7662,
            "powdiff_exp": 0.1956065094413483,
            "powdiff_hdi": [
                -0.3112759819837039,
                0.6398232423189189
            ],
            "powdiff_prob": 0.7702
        },
        "pval_group": 0.0634765625,
        "frac_H1_rej": 0.9444444444444444
    },
    "baseline": {
        "frac_H1_rej": 0.4444444444444444
    }
}