{
    "increase_prev": {
        "pcurve": {
            "prevdiff_exp": 0.47523436968655086,
            "prevdiff_hdi": [
                -0.07916250092456034,
                0.8907101101303594
            ],
            "prevdiff_prob": 0.9264,
            "powdiff_exp": 0.07137599298017838,
            "powdiff_hdi": [
                -0.4678796473585443,
                0.5203822654216803
            ],
            "powdiff_prob": 0.6374
        },
        "binom": {
            "prevdiff_exp": 0.3244718602411194,
            "prevdiff_hdi": [
                -0.24459917779504814,
                0.9020248547893676
            ],
            "prevdiff_prob": 0.8456,
            "powdiff_exp": 0.30487672286113876,
            "powdiff_hdi": [
                -0.2746985996800374,
                0.8187391075092914
            ],
            "powdiff_prob": 0.8412
        },
        "pval_group": 0.001953125,
        "frac_H1_rej": 0.5172413793103449
    },
    "increase_pow": {
        "pcurve": {
            "prevdiff_exp": -0.0012643436992381336,
            "prevdiff_hdi": [
                -0.6063634396110611,
                0.45183296654801136
            ],
            "prevdiff_prob": 0.5662,
            "powdiff_exp": 0.2548130908841318,
            "powdiff_hdi": [
                -0.34797743410881055,
                0.7740913550075936
            ],
            "powdiff_prob": 0.7824
        },
        "binom": {
            "prevdiff_exp": 0.18133067311924236,
            "prevdiff_hdi": [
                -0.4804544428812594,
                0.8365837529673891
            ],
            "prevdiff_prob": 0.7134,
            "powdiff_exp": 0.16480119390139375,
            "powdiff_hdi": [
                -0.45227676990287236,
                0.827982523139163
            ],
            "powdiff_prob": 0.687
        },
        "pval_group": 0.583984375,
        "frac_H1_rej": 1.0
    },
    "baseline": {
        "frac_H1_rej": 0.3333333333333333
    }
}