{
    "increase_prev": {
        "pcurve": {
            "prevdiff_exp": 0.428666844321339,
            "prevdiff_hdi": [
                0.00963147803957043,
                0.7926893130181822
            ],
            "prevdiff_prob": 0.9748,
            "powdiff_exp": 0.14965442945338708,
            "powdiff_hdi": [
                -0.23203966434987933,
                0.46982069975305296
            ],
            "powdiff_prob": 0.785
        },
        "binom": {
            "prevdiff_exp": 0.21973449548125581,
            "prevdiff_hdi": [
                -0.30980099292335084,
                0.7544558410625096
            ],
            "prevdiff_prob": 0.77,
            "powdiff_exp": 0.22113823975469668,
            "powdiff_hdi": [
                -0.30797679955732404,
                0.7019687913977307
            ],
            "powdiff_prob": 0.7838
        },
        "pval_group": 0.00390625,
        "frac_H1_rej": 0.5517241379310345
    },
    "increase_pow": {
        "pcurve": {
            "prevdiff_exp": 0.022278915689654684,
            "prevdiff_hdi": [
                -0.4459423546440238,
                0.44255402968690827
            ],
            "prevdiff_prob": 0.5656,
            "powdiff_exp": 0.34181904785272127,
            "powdiff_hdi": [
                -0.08731614304756219,
                0.6920179767066117
            ],
            "powdiff_prob": 0.9332
        },
        "binom": {
            "prevdiff_exp": 0.15831400053208444,
            "prevdiff_hdi": [
                -0.469517779582702,
                0.6818685071085399
            ],
            "prevdiff_prob": 0.7046,
            "powdiff_exp": 0.15581952481442546,
            "powdiff_hdi": [
                -0.43760014099573424,
                0.6699355663760868
            ],
            "powdiff_prob": 0.7052
        },
        "pval_group": 0.38671875,
        "frac_H1_rej": 1.0
    },
    "baseline": {
        "frac_H1_rej": 0.5384615384615384
    }
}