{
    "increase_prev": {
        "pcurve": {
            "prevdiff_exp": 0.34694055018698783,
            "prevdiff_hdi": [
                -0.0014492099285544624,
                0.6993535889514512
            ],
            "prevdiff_prob": 0.9642,
            "powdiff_exp": -0.014076553382430372,
            "powdiff_hdi": [
                -0.32139539553056073,
                0.2836256887334623
            ],
            "powdiff_prob": 0.4748
        },
        "binom": {
            "prevdiff_exp": 0.10831490789032648,
            "prevdiff_hdi": [
                -0.5019099045829167,
                0.6588128193176792
            ],
            "prevdiff_prob": 0.6384,
            "powdiff_exp": 0.09944761421936701,
            "powdiff_hdi": [
                -0.46053350532630905,
                0.6248992146799097
            ],
            "powdiff_prob": 0.6358
        },
        "pval_group": 0.005859375,
        "frac_H1_rej": 0.41379310344827586
    },
    "increase_pow": {
        "pcurve": {
            "prevdiff_exp": 0.041591198508970764,
            "prevdiff_hdi": [
                -0.37801482347964205,
                0.4779947366165328
            ],
            "prevdiff_prob": 0.5836,
            "powdiff_exp": 0.0869211058571635,
            "powdiff_hdi": [
                -0.27647776739223395,
                0.4706095347278373
            ],
            "powdiff_prob": 0.678
        },
        "binom": {
            "prevdiff_exp": 0.12734811883278113,
            "prevdiff_hdi": [
                -0.44697379344167426,
                0.6973820359212584
            ],
            "prevdiff_prob": 0.6726,
            "powdiff_exp": 0.12660679882771023,
            "powdiff_hdi": [
                -0.4375004499379109,
                0.6411227405304529
            ],
            "powdiff_prob": 0.6734
        },
        "pval_group": 0.42578125,
        "frac_H1_rej": 0.9166666666666666
    },
    "baseline": {
        "frac_H1_rej": 0.45454545454545453
    }
}