{
    "increase_prev": {
        "pcurve": {
            "prevdiff_exp": 0.2945313905746949,
            "prevdiff_hdi": [
                -0.08968678277424869,
                0.7288182829810215
            ],
            "prevdiff_prob": 0.9206,
            "powdiff_exp": 0.2435417927445485,
            "powdiff_hdi": [
                -0.05969459974231828,
                0.48565170097508426
            ],
            "powdiff_prob": 0.9402
        },
        "binom": {
            "prevdiff_exp": 0.2779369704506556,
            "prevdiff_hdi": [
                -0.2737774460728357,
                0.8092702994395001
            ],
            "prevdiff_prob": 0.817,
            "powdiff_exp": 0.2724319315244672,
            "powdiff_hdi": [
                -0.28101156148382767,
                0.7540020273771277
            ],
            "powdiff_prob": 0.8242
        },
        "pval_group": 0.001953125,
        "frac_H1_rej": 0.5666666666666667
    },
    "increase_pow": {
        "pcurve": {
            "prevdiff_exp": -0.020221714338926486,
            "prevdiff_hdi": [
                -0.47581164011165145,
                0.45709852488908753
            ],
            "prevdiff_prob": 0.4536,
            "powdiff_exp": 0.3819806224378253,
            "powdiff_hdi": [
                0.054168225915173895,
                0.676649467840734
            ],
            "powdiff_prob": 0.9788
        },
        "binom": {
            "prevdiff_exp": 0.2226889895403626,
            "prevdiff_hdi": [
                -0.3605755328540975,
                0.7810150693148055
            ],
            "prevdiff_prob": 0.7698,
            "powdiff_exp": 0.20430179306025814,
            "powdiff_hdi": [
                -0.3659388742499372,
                0.7235969266582232
            ],
            "powdiff_prob": 0.7584
        },
        "pval_group": 0.5830078125,
        "frac_H1_rej": 0.9285714285714286
    },
    "baseline": {
        "frac_H1_rej": 0.35714285714285715
    }
}