{
    "increase_prev": {
        "pcurve": {
            "prevdiff_exp": 0.3635336407017193,
            "prevdiff_hdi": [
                0.04088719768218829,
                0.6832471789345591
            ],
            "prevdiff_prob": 0.9786,
            "powdiff_exp": -0.05649295141561838,
            "powdiff_hdi": [
                -0.36370989825476774,
                0.2535745882088825
            ],
            "powdiff_prob": 0.3584
        },
        "binom": {
            "prevdiff_exp": 0.043182141892476565,
            "prevdiff_hdi": [
                -0.5029925486904867,
                0.5534747115350769
            ],
            "prevdiff_prob": 0.5506,
            "powdiff_exp": 0.0540894506248158,
            "powdiff_hdi": [
                -0.4446612502998172,
                0.5544465689856881
            ],
            "powdiff_prob": 0.5762
        },
        "pval_group": 0.1298828125,
        "frac_H1_rej": 0.4642857142857143
    },
    "increase_pow": {
        "pcurve": {
            "prevdiff_exp": -0.022715518657240797,
            "prevdiff_hdi": [
                -0.35331587704424194,
                0.33860796005542293
            ],
            "prevdiff_prob": 0.455,
            "powdiff_exp": 0.27412777326833654,
            "powdiff_hdi": [
                -0.040822957861048836,
                0.5846631456165189
            ],
            "powdiff_prob": 0.9524
        },
        "binom": {
            "prevdiff_exp": 0.08349898653091416,
            "prevdiff_hdi": [
                -0.42967454664218535,
                0.5774135488198915
            ],
            "prevdiff_prob": 0.6206,
            "powdiff_exp": 0.10116061311699458,
            "powdiff_hdi": [
                -0.38744821883804315,
                0.5545241342460974
            ],
            "powdiff_prob": 0.6596
        },
        "pval_group": 0.2099609375,
        "frac_H1_rej": 1.0
    },
    "baseline": {
        "frac_H1_rej": 0.6428571428571429
    }
}