{
    "increase_prev": {
        "pcurve": {
            "prevdiff_exp": 0.26711532902849333,
            "prevdiff_hdi": [
                -0.17474785240342827,
                0.7088125441366702
            ],
            "prevdiff_prob": 0.8632,
            "powdiff_exp": 0.06742159787618617,
            "powdiff_hdi": [
                -0.29400951830456595,
                0.36052752269987404
            ],
            "powdiff_prob": 0.7084
        },
        "binom": {
            "prevdiff_exp": 0.12734811883278113,
            "prevdiff_hdi": [
                -0.44697379344167426,
                0.6973820359212584
            ],
            "prevdiff_prob": 0.6726,
            "powdiff_exp": 0.12660679882771023,
            "powdiff_hdi": [
                -0.4375004499379109,
                0.6411227405304529
            ],
            "powdiff_prob": 0.6734
        },
        "pval_group": 0.333984375,
        "frac_H1_rej": 0.4642857142857143
    },
    "increase_pow": {
        "pcurve": {
            "prevdiff_exp": -0.20166385471334553,
            "prevdiff_hdi": [
                -0.6393124285040224,
                0.24276701688048039
            ],
            "prevdiff_prob": 0.2204,
            "powdiff_exp": 0.40904299356590856,
            "powdiff_hdi": [
                0.00954250835918602,
                0.7136829779305819
            ],
            "powdiff_prob": 0.972
        },
        "binom": {
            "prevdiff_exp": 0.10831490789032648,
            "prevdiff_hdi": [
                -0.5019099045829167,
                0.6588128193176792
            ],
            "prevdiff_prob": 0.6384,
            "powdiff_exp": 0.09944761421936701,
            "powdiff_hdi": [
                -0.46053350532630905,
                0.6248992146799097
            ],
            "powdiff_prob": 0.6358
        },
        "pval_group": 0.6123046875,
        "frac_H1_rej": 1.0
    },
    "baseline": {
        "frac_H1_rej": 0.47058823529411764
    }
}