{
    "increase_prev": {
        "pcurve": {
            "prevdiff_exp": 0.29409303832298145,
            "prevdiff_hdi": [
                -0.12105860559983339,
                0.7647566114473823
            ],
            "prevdiff_prob": 0.8866,
            "powdiff_exp": 0.25937921961692234,
            "powdiff_hdi": [
                -0.09081423212203538,
                0.5293597001477488
            ],
            "powdiff_prob": 0.9304
        },
        "binom": {
            "prevdiff_exp": 0.4038745910416012,
            "prevdiff_hdi": [
                -0.1579591939358017,
                0.9037290859771167
            ],
            "prevdiff_prob": 0.89,
            "powdiff_exp": 0.3877058896023479,
            "powdiff_hdi": [
                -0.16233014730467177,
                0.8592102299740899
            ],
            "powdiff_prob": 0.8978
        },
        "pval_group": 0.0009765625,
        "frac_H1_rej": 0.6551724137931034
    },
    "increase_pow": {
        "pcurve": {
            "prevdiff_exp": -0.11893562476592326,
            "prevdiff_hdi": [
                -0.5655743234828132,
                0.3723008388982248
            ],
            "prevdiff_prob": 0.32,
            "powdiff_exp": 0.47632383254966537,
            "powdiff_hdi": [
                0.1346504317161154,
                0.7802628445958029
            ],
            "powdiff_prob": 0.9816
        },
        "binom": {
            "prevdiff_exp": 0.3244718602411194,
            "prevdiff_hdi": [
                -0.24459917779504814,
                0.9020248547893676
            ],
            "prevdiff_prob": 0.8456,
            "powdiff_exp": 0.30487672286113876,
            "powdiff_hdi": [
                -0.2746985996800374,
                0.8187391075092914
            ],
            "powdiff_prob": 0.8412
        },
        "pval_group": 0.22265625,
        "frac_H1_rej": 1.0
    },
    "baseline": {
        "frac_H1_rej": 0.25
    }
}