{
    "increase_prev": {
        "pcurve": {
            "prevdiff_exp": 0.4273601834334775,
            "prevdiff_hdi": [
                -0.03504002864763689,
                0.8365392509142918
            ],
            "prevdiff_prob": 0.9578,
            "powdiff_exp": 0.08066600383101727,
            "powdiff_hdi": [
                -0.3046748028783773,
                0.3728787165036142
            ],
            "powdiff_prob": 0.7136
        },
        "binom": {
            "prevdiff_exp": 0.13256621095620422,
            "prevdiff_hdi": [
                -0.5173907485098828,
                0.7875955509898785
            ],
            "prevdiff_prob": 0.6692,
            "powdiff_exp": 0.12808321473592701,
            "powdiff_hdi": [
                -0.48994352799983326,
                0.7603473497560782
            ],
            "powdiff_prob": 0.6664
        },
        "pval_group": 0.009765625,
        "frac_H1_rej": 0.3103448275862069
    },
    "increase_pow": {
        "pcurve": {
            "prevdiff_exp": -0.00017530232299769696,
            "prevdiff_hdi": [
                -0.4790893621355881,
                0.4712656376522171
            ],
            "prevdiff_prob": 0.5234,
            "powdiff_exp": 0.3852325694619115,
            "powdiff_hdi": [
                -0.03602547801511513,
                0.7358303670774125
            ],
            "powdiff_prob": 0.9526
        },
        "binom": {
            "prevdiff_exp": 0.23539055343964366,
            "prevdiff_hdi": [
                -0.3895634657335083,
                0.8322231647154883
            ],
            "prevdiff_prob": 0.7636,
            "powdiff_exp": 0.2210875812034932,
            "powdiff_hdi": [
                -0.39070904803429296,
                0.7636319710329034
            ],
            "powdiff_prob": 0.7692
        },
        "pval_group": 0.197265625,
        "frac_H1_rej": 1.0
    },
    "baseline": {
        "frac_H1_rej": 0.3125
    }
}