{
    "increase_prev": {
        "pcurve": {
            "prevdiff_exp": 0.32871540462258136,
            "prevdiff_hdi": [
                -0.1701656518112894,
                0.8209831673310889
            ],
            "prevdiff_prob": 0.8772,
            "powdiff_exp": 0.18499072454964616,
            "powdiff_hdi": [
                -0.14428548247689388,
                0.47388893981684366
            ],
            "powdiff_prob": 0.8892
        },
        "binom": {
            "prevdiff_exp": 0.26512180466022717,
            "prevdiff_hdi": [
                -0.3541130910737406,
                0.8587765663240259
            ],
            "prevdiff_prob": 0.7864,
            "powdiff_exp": 0.23064637576061672,
            "powdiff_hdi": [
                -0.36055373579773875,
                0.80859936979514
            ],
            "powdiff_prob": 0.7714
        },
        "pval_group": 0.0009765625,
        "frac_H1_rej": 0.42857142857142855
    },
    "increase_pow": {
        "pcurve": {
            "prevdiff_exp": 0.0015958001550445118,
            "prevdiff_hdi": [
                -0.46335514405169864,
                0.5246264558333038
            ],
            "prevdiff_prob": 0.501,
            "powdiff_exp": 0.5095951697794818,
            "powdiff_hdi": [
                0.16806542258845714,
                0.796553480399149
            ],
            "powdiff_prob": 0.9882
        },
        "binom": {
            "prevdiff_exp": 0.28415501560268175,
            "prevdiff_hdi": [
                -0.3418700184273562,
                0.8740334268642953
            ],
            "prevdiff_prob": 0.8142,
            "powdiff_exp": 0.25780556036895996,
            "powdiff_hdi": [
                -0.32330480728412214,
                0.836248841650578
            ],
            "powdiff_prob": 0.7996
        },
        "pval_group": 0.1083984375,
        "frac_H1_rej": 0.9285714285714286
    },
    "baseline": {
        "frac_H1_rej": 0.2857142857142857
    }
}