{
    "increase_prev": {
        "pcurve": {
            "prevdiff_exp": 0.2887677971465587,
            "prevdiff_hdi": [
                -0.09434974329157031,
                0.6913518782711946
            ],
            "prevdiff_prob": 0.9194,
            "powdiff_exp": 0.2052193822167354,
            "powdiff_hdi": [
                -0.08336283634714015,
                0.4449546479139585
            ],
            "powdiff_prob": 0.923
        },
        "binom": {
            "prevdiff_exp": 0.38441572184712314,
            "prevdiff_hdi": [
                -0.20084588023685856,
                0.9475851621226361
            ],
            "prevdiff_prob": 0.87,
            "powdiff_exp": 0.4059049138640664,
            "powdiff_hdi": [
                -0.17888845098554906,
                0.8966059941728673
            ],
            "powdiff_prob": 0.8934
        },
        "pval_group": 0.0048828125,
        "frac_H1_rej": 0.6071428571428571
    },
    "increase_pow": {
        "pcurve": {
            "prevdiff_exp": -0.02187908599630812,
            "prevdiff_hdi": [
                -0.44746222333548963,
                0.44430911562440867
            ],
            "prevdiff_prob": 0.4516,
            "powdiff_exp": 0.368334370150927,
            "powdiff_hdi": [
                0.05779697081614432,
                0.684148064185518
            ],
            "powdiff_prob": 0.9784
        },
        "binom": {
            "prevdiff_exp": 0.2878259917142703,
            "prevdiff_hdi": [
                -0.4014558182959421,
                0.8700002324922181
            ],
            "prevdiff_prob": 0.8054,
            "powdiff_exp": 0.28632452297113625,
            "powdiff_hdi": [
                -0.31719943399925055,
                0.8784749939768535
            ],
            "powdiff_prob": 0.8136
        },
        "pval_group": 0.611328125,
        "frac_H1_rej": 0.9230769230769231
    },
    "baseline": {
        "frac_H1_rej": 0.25
    }
}