{
    "increase_prev": {
        "pcurve": {
            "prevdiff_exp": 0.2647785475982866,
            "prevdiff_hdi": [
                -0.012793194635025817,
                0.5339394142125764
            ],
            "prevdiff_prob": 0.9744,
            "powdiff_exp": 0.08300928682359578,
            "powdiff_hdi": [
                -0.16451122238407967,
                0.3470254239586557
            ],
            "powdiff_prob": 0.7312
        },
        "binom": {
            "prevdiff_exp": 0.15349483723069937,
            "prevdiff_hdi": [
                -0.3377191375091779,
                0.6601394171025773
            ],
            "prevdiff_prob": 0.7192,
            "powdiff_exp": 0.16013832835711073,
            "powdiff_hdi": [
                -0.28385538590413517,
                0.6555134794378505
            ],
            "powdiff_prob": 0.7288
        },
        "pval_group": 0.0087890625,
        "frac_H1_rej": 0.5666666666666667
    },
    "increase_pow": {
        "pcurve": {
            "prevdiff_exp": 0.09011350030313965,
            "prevdiff_hdi": [
                -0.21479214097232402,
                0.39215126681550805
            ],
            "prevdiff_prob": 0.7166,
            "powdiff_exp": 0.2878000628798909,
            "powdiff_hdi": [
                0.035113823153848256,
                0.542106930741325
            ],
            "powdiff_prob": 0.9826
        },
        "binom": {
            "prevdiff_exp": 0.26003847764254845,
            "prevdiff_hdi": [
                -0.19608513082390455,
                0.7036670578668314
            ],
            "prevdiff_prob": 0.8332,
            "powdiff_exp": 0.24589628245945205,
            "powdiff_hdi": [
                -0.16241165897837617,
                0.6664627081732533
            ],
            "powdiff_prob": 0.8408
        },
        "pval_group": 0.0185546875,
        "frac_H1_rej": 1.0
    },
    "baseline": {
        "frac_H1_rej": 0.5
    }
}