{
    "increase_prev": {
        "pcurve": {
            "prevdiff_exp": 0.4082783064631513,
            "prevdiff_hdi": [
                -0.03708915691475567,
                0.7951452336083524
            ],
            "prevdiff_prob": 0.9636,
            "powdiff_exp": 0.12587105037619448,
            "powdiff_hdi": [
                -0.21998310189704506,
                0.4364621222585632
            ],
            "powdiff_prob": 0.7808
        },
        "binom": {
            "prevdiff_exp": 0.18062253881218956,
            "prevdiff_hdi": [
                -0.3789316948430904,
                0.7234811371995367
            ],
            "prevdiff_prob": 0.722,
            "powdiff_exp": 0.1801105926348034,
            "powdiff_hdi": [
                -0.411696681371733,
                0.6611925403527096
            ],
            "powdiff_prob": 0.7364
        },
        "pval_group": 0.001953125,
        "frac_H1_rej": 0.4827586206896552
    },
    "increase_pow": {
        "pcurve": {
            "prevdiff_exp": -0.09465159909308206,
            "prevdiff_hdi": [
                -0.5834372872934319,
                0.3934798197218917
            ],
            "prevdiff_prob": 0.3656,
            "powdiff_exp": 0.2599830014059212,
            "powdiff_hdi": [
                -0.18379379116940553,
                0.6508766332752282
            ],
            "powdiff_prob": 0.8778
        },
        "binom": {
            "prevdiff_exp": 0.055489658048645,
            "prevdiff_hdi": [
                -0.5717540455184618,
                0.6898667165188554
            ],
            "prevdiff_prob": 0.5744,
            "powdiff_exp": 0.06281515834685926,
            "powdiff_hdi": [
                -0.5228776920764655,
                0.652112812538809
            ],
            "powdiff_prob": 0.5786
        },
        "pval_group": 0.7490234375,
        "frac_H1_rej": 1.0
    },
    "baseline": {
        "frac_H1_rej": 0.5
    }
}