{
    "increase_prev": {
        "pcurve": {
            "prevdiff_exp": 0.2205009896060329,
            "prevdiff_hdi": [
                -0.08511670574444563,
                0.5423915300883055
            ],
            "prevdiff_prob": 0.9074,
            "powdiff_exp": -0.013790182317753613,
            "powdiff_hdi": [
                -0.2874883024712148,
                0.2721852478295877
            ],
            "powdiff_prob": 0.4618
        },
        "binom": {
            "prevdiff_exp": 0.11625516267873881,
            "prevdiff_hdi": [
                -0.423474866124348,
                0.6302312852007835
            ],
            "prevdiff_prob": 0.6606,
            "powdiff_exp": 0.11478828456470255,
            "powdiff_hdi": [
                -0.40506046247352656,
                0.5825808480598362
            ],
            "powdiff_prob": 0.6716
        },
        "pval_group": 0.0439453125,
        "frac_H1_rej": 0.5555555555555556
    },
    "increase_pow": {
        "pcurve": {
            "prevdiff_exp": -0.05284258075235054,
            "prevdiff_hdi": [
                -0.36690089015354943,
                0.2653378928953212
            ],
            "prevdiff_prob": 0.377,
            "powdiff_exp": 0.29764949895189224,
            "powdiff_hdi": [
                0.031586760259504576,
                0.5810113826014474
            ],
            "powdiff_prob": 0.9754
        },
        "binom": {
            "prevdiff_exp": 0.15349483723069937,
            "prevdiff_hdi": [
                -0.3377191375091779,
                0.6601394171025773
            ],
            "prevdiff_prob": 0.7192,
            "powdiff_exp": 0.16013832835711073,
            "powdiff_hdi": [
                -0.28385538590413517,
                0.6555134794378505
            ],
            "powdiff_prob": 0.7288
        },
        "pval_group": 0.23828125,
        "frac_H1_rej": 1.0
    },
    "baseline": {
        "frac_H1_rej": 0.5
    }
}