{
    "increase_prev": {
        "pcurve": {
            "prevdiff_exp": 0.14628190030517393,
            "prevdiff_hdi": [
                -0.13347462646962438,
                0.4947700743837803
            ],
            "prevdiff_prob": 0.8238,
            "powdiff_exp": 0.15870841301671462,
            "powdiff_hdi": [
                -0.08397335066974077,
                0.3726941831454171
            ],
            "powdiff_prob": 0.913
        },
        "binom": {
            "prevdiff_exp": 0.143141187121877,
            "prevdiff_hdi": [
                -0.38740471006485294,
                0.6710863002707265
            ],
            "prevdiff_prob": 0.6864,
            "powdiff_exp": 0.14007552895974498,
            "powdiff_hdi": [
                -0.39332672104633926,
                0.6305774621765518
            ],
            "powdiff_prob": 0.6988
        },
        "pval_group": 0.0078125,
        "frac_H1_rej": 0.5
    },
    "increase_pow": {
        "pcurve": {
            "prevdiff_exp": -0.09190623372471762,
            "prevdiff_hdi": [
                -0.4520893130289131,
                0.2754319862166421
            ],
            "prevdiff_prob": 0.3048,
            "powdiff_exp": 0.3383855940483154,
            "powdiff_hdi": [
                0.08078025056396437,
                0.6092607496940593
            ],
            "powdiff_prob": 0.9892
        },
        "binom": {
            "prevdiff_exp": 0.1642448374326108,
            "prevdiff_hdi": [
                -0.3787641881454532,
                0.6650928293874636
            ],
            "prevdiff_prob": 0.718,
            "powdiff_exp": 0.15832308140783743,
            "powdiff_hdi": [
                -0.3787338833513173,
                0.6140403466343308
            ],
            "powdiff_prob": 0.717
        },
        "pval_group": 0.306640625,
        "frac_H1_rej": 1.0
    },
    "baseline": {
        "frac_H1_rej": 0.4666666666666667
    }
}