{
    "increase_prev": {
        "pcurve": {
            "prevdiff_exp": 0.16445068339588356,
            "prevdiff_hdi": [
                -0.1310392983178763,
                0.49643364882154045
            ],
            "prevdiff_prob": 0.8502,
            "powdiff_exp": 0.15377806589424287,
            "powdiff_hdi": [
                -0.10963636218092682,
                0.3730606230200847
            ],
            "powdiff_prob": 0.894
        },
        "binom": {
            "prevdiff_exp": 0.1642448374326108,
            "prevdiff_hdi": [
                -0.3787641881454532,
                0.6650928293874636
            ],
            "prevdiff_prob": 0.718,
            "powdiff_exp": 0.15832308140783743,
            "powdiff_hdi": [
                -0.3787338833513173,
                0.6140403466343308
            ],
            "powdiff_prob": 0.717
        },
        "pval_group": 0.001953125,
        "frac_H1_rej": 0.5333333333333333
    },
    "increase_pow": {
        "pcurve": {
            "prevdiff_exp": -0.08849803786054444,
            "prevdiff_hdi": [
                -0.46006035434408576,
                0.28847581697693764
            ],
            "prevdiff_prob": 0.3202,
            "powdiff_exp": 0.23109017559097111,
            "powdiff_hdi": [
                -0.05890160456241417,
                0.5289180550711253
            ],
            "powdiff_prob": 0.9334
        },
        "binom": {
            "prevdiff_exp": 0.059642200590962854,
            "prevdiff_hdi": [
                -0.5372476920602589,
                0.6438613336255519
            ],
            "prevdiff_prob": 0.5774,
            "powdiff_exp": 0.038914915842750405,
            "powdiff_hdi": [
                -0.53679028020581,
                0.5702679956246971
            ],
            "powdiff_prob": 0.5574
        },
        "pval_group": 0.4921875,
        "frac_H1_rej": 0.9166666666666666
    },
    "baseline": {
        "frac_H1_rej": 0.375
    }
}