{
    "increase_prev": {
        "pcurve": {
            "prevdiff_exp": 0.2675726755581809,
            "prevdiff_hdi": [
                -0.21076673086002384,
                0.7089567351313161
            ],
            "prevdiff_prob": 0.834,
            "powdiff_exp": 0.19502910588781805,
            "powdiff_hdi": [
                -0.1427474031987967,
                0.48770467444723714
            ],
            "powdiff_prob": 0.8792
        },
        "binom": {
            "prevdiff_exp": 0.26180094620942884,
            "prevdiff_hdi": [
                -0.3047039655365804,
                0.7948452577293971
            ],
            "prevdiff_prob": 0.8082,
            "powdiff_exp": 0.24532944018015146,
            "powdiff_hdi": [
                -0.28797136276548246,
                0.7443072011273018
            ],
            "powdiff_prob": 0.8018
        },
        "pval_group": 0.0048828125,
        "frac_H1_rej": 0.5714285714285714
    },
    "increase_pow": {
        "pcurve": {
            "prevdiff_exp": -0.12935599071998377,
            "prevdiff_hdi": [
                -0.5993710981616811,
                0.3352340746490563
            ],
            "prevdiff_prob": 0.3242,
            "powdiff_exp": 0.5092414464000466,
            "powdiff_hdi": [
                0.16745364618374786,
                0.7864167883818534
            ],
            "powdiff_prob": 0.99
        },
        "binom": {
            "prevdiff_exp": 0.18134724031780283,
            "prevdiff_hdi": [
                -0.41085524822389996,
                0.7829015215454744
            ],
            "prevdiff_prob": 0.7148,
            "powdiff_exp": 0.15285154063153705,
            "powdiff_hdi": [
                -0.44046063338073094,
                0.694930345960663
            ],
            "powdiff_prob": 0.7082
        },
        "pval_group": 0.423828125,
        "frac_H1_rej": 0.9230769230769231
    },
    "baseline": {
        "frac_H1_rej": 0.38461538461538464
    }
}