{
    "increase_prev": {
        "pcurve": {
            "prevdiff_exp": 0.41442480209436205,
            "prevdiff_hdi": [
                0.06204942570375549,
                0.7346646212350667
            ],
            "prevdiff_prob": 0.9878,
            "powdiff_exp": -0.03580863073963669,
            "powdiff_hdi": [
                -0.36748409459868275,
                0.2914991892331667
            ],
            "powdiff_prob": 0.4418
        },
        "binom": {
            "prevdiff_exp": 0.18038086167383757,
            "prevdiff_hdi": [
                -0.3461478898742931,
                0.6919228506700618
            ],
            "prevdiff_prob": 0.7328,
            "powdiff_exp": 0.18542557275215316,
            "powdiff_hdi": [
                -0.3247523544771336,
                0.6652507045765934
            ],
            "powdiff_prob": 0.7522
        },
        "pval_group": 0.001953125,
        "frac_H1_rej": 0.5862068965517241
    },
    "increase_pow": {
        "pcurve": {
            "prevdiff_exp": -0.007428125921814183,
            "prevdiff_hdi": [
                -0.39415452138358203,
                0.3364636644180088
            ],
            "prevdiff_prob": 0.4982,
            "powdiff_exp": 0.2752395667577383,
            "powdiff_hdi": [
                -0.07465539861066395,
                0.6302107425224988
            ],
            "powdiff_prob": 0.9232
        },
        "binom": {
            "prevdiff_exp": 0.10282434248343943,
            "prevdiff_hdi": [
                -0.46391285844393804,
                0.640850572071314
            ],
            "prevdiff_prob": 0.6488,
            "powdiff_exp": 0.0930043664675662,
            "powdiff_hdi": [
                -0.43314687785795697,
                0.619064719114842
            ],
            "powdiff_prob": 0.6322
        },
        "pval_group": 0.37890625,
        "frac_H1_rej": 1.0
    },
    "baseline": {
        "frac_H1_rej": 0.8888888888888888
    }
}