{
    "increase_prev": {
        "pcurve": {
            "prevdiff_exp": 0.18951066053156887,
            "prevdiff_hdi": [
                -0.17559935669753945,
                0.5850966707353946
            ],
            "prevdiff_prob": 0.8268,
            "powdiff_exp": 0.04777795249642799,
            "powdiff_hdi": [
                -0.21965515773430816,
                0.3185432946662042
            ],
            "powdiff_prob": 0.6664
        },
        "binom": {
            "prevdiff_exp": 0.13928078958962978,
            "prevdiff_hdi": [
                -0.43925150533188306,
                0.7378011009685618
            ],
            "prevdiff_prob": 0.6808,
            "powdiff_exp": 0.12866034020608225,
            "powdiff_hdi": [
                -0.43529067522658765,
                0.6778648915381699
            ],
            "powdiff_prob": 0.68
        },
        "pval_group": 0.015625,
        "frac_H1_rej": 0.41379310344827586
    },
    "increase_pow": {
        "pcurve": {
            "prevdiff_exp": 0.014369686361244692,
            "prevdiff_hdi": [
                -0.3472383576695557,
                0.39608141466372154
            ],
            "prevdiff_prob": 0.5092,
            "powdiff_exp": 0.46367429192898424,
            "powdiff_hdi": [
                0.20435253951992477,
                0.688836316690467
            ],
            "powdiff_prob": 0.9976
        },
        "binom": {
            "prevdiff_exp": 0.3267455654079365,
            "prevdiff_hdi": [
                -0.16146438850688472,
                0.8101825646550652
            ],
            "prevdiff_prob": 0.8692,
            "powdiff_exp": 0.3118849930160721,
            "powdiff_hdi": [
                -0.1946441319608394,
                0.7369630820334542
            ],
            "powdiff_prob": 0.867
        },
        "pval_group": 0.0419921875,
        "frac_H1_rej": 1.0
    },
    "baseline": {
        "frac_H1_rej": 0.4375
    }
}