{
    "increase_prev": {
        "pcurve": {
            "prevdiff_exp": 0.29527367573520097,
            "prevdiff_hdi": [
                -0.09184661863956622,
                0.7019684683064095
            ],
            "prevdiff_prob": 0.92,
            "powdiff_exp": 0.17717516845125975,
            "powdiff_hdi": [
                -0.08881778784233763,
                0.44391911120520156
            ],
            "powdiff_prob": 0.902
        },
        "binom": {
            "prevdiff_exp": 0.2226889895403626,
            "prevdiff_hdi": [
                -0.3605755328540975,
                0.7810150693148055
            ],
            "prevdiff_prob": 0.7698,
            "powdiff_exp": 0.20430179306025814,
            "powdiff_hdi": [
                -0.3659388742499372,
                0.7235969266582232
            ],
            "powdiff_prob": 0.7584
        },
        "pval_group": 0.015625,
        "frac_H1_rej": 0.4666666666666667
    },
    "increase_pow": {
        "pcurve": {
            "prevdiff_exp": 0.07015864603477658,
            "prevdiff_hdi": [
                -0.3292660133004177,
                0.547742420952458
            ],
            "prevdiff_prob": 0.607,
            "powdiff_exp": 0.4016271426469604,
            "powdiff_hdi": [
                0.08526465240685616,
                0.6766390010532948
            ],
            "powdiff_prob": 0.989
        },
        "binom": {
            "prevdiff_exp": 0.26180094620942884,
            "prevdiff_hdi": [
                -0.3047039655365804,
                0.7948452577293971
            ],
            "prevdiff_prob": 0.8082,
            "powdiff_exp": 0.24532944018015146,
            "powdiff_hdi": [
                -0.28797136276548246,
                0.7443072011273018
            ],
            "powdiff_prob": 0.8018
        },
        "pval_group": 0.220703125,
        "frac_H1_rej": 0.9333333333333333
    },
    "baseline": {
        "frac_H1_rej": 0.42857142857142855
    }
}