{
    "increase_prev": {
        "pcurve": {
            "prevdiff_exp": 0.2702017605821563,
            "prevdiff_hdi": [
                -0.10862312846093869,
                0.6717255435124854
            ],
            "prevdiff_prob": 0.891,
            "powdiff_exp": 0.08972138734936988,
            "powdiff_hdi": [
                -0.2430654253685925,
                0.368072478027432
            ],
            "powdiff_prob": 0.743
        },
        "binom": {
            "prevdiff_exp": 0.15831400053208444,
            "prevdiff_hdi": [
                -0.469517779582702,
                0.6818685071085399
            ],
            "prevdiff_prob": 0.7046,
            "powdiff_exp": 0.15581952481442546,
            "powdiff_hdi": [
                -0.43760014099573424,
                0.6699355663760868
            ],
            "powdiff_prob": 0.7052
        },
        "pval_group": 0.046875,
        "frac_H1_rej": 0.43333333333333335
    },
    "increase_pow": {
        "pcurve": {
            "prevdiff_exp": 0.03932785912947254,
            "prevdiff_hdi": [
                -0.39602174019662717,
                0.5249458371665772
            ],
            "prevdiff_prob": 0.5536,
            "powdiff_exp": 0.28451323871971224,
            "powdiff_hdi": [
                -0.09279810900369201,
                0.6065028336127267
            ],
            "powdiff_prob": 0.927
        },
        "binom": {
            "prevdiff_exp": 0.21973449548125581,
            "prevdiff_hdi": [
                -0.30980099292335084,
                0.7544558410625096
            ],
            "prevdiff_prob": 0.77,
            "powdiff_exp": 0.22113823975469668,
            "powdiff_hdi": [
                -0.30797679955732404,
                0.7019687913977307
            ],
            "powdiff_prob": 0.7838
        },
        "pval_group": 0.8779296875,
        "frac_H1_rej": 0.9333333333333333
    },
    "baseline": {
        "frac_H1_rej": 0.4666666666666667
    }
}