{
    "increase_prev": {
        "pcurve": {
            "prevdiff_exp": 0.30361822737266386,
            "prevdiff_hdi": [
                -0.0439443395015463,
                0.6634243158222968
            ],
            "prevdiff_prob": 0.9478,
            "powdiff_exp": 0.1679893305065498,
            "powdiff_hdi": [
                -0.11938101859223738,
                0.4510205942306813
            ],
            "powdiff_prob": 0.865
        },
        "binom": {
            "prevdiff_exp": 0.18062253881218956,
            "prevdiff_hdi": [
                -0.3789316948430904,
                0.7234811371995367
            ],
            "prevdiff_prob": 0.722,
            "powdiff_exp": 0.1801105926348034,
            "powdiff_hdi": [
                -0.411696681371733,
                0.6611925403527096
            ],
            "powdiff_prob": 0.7364
        },
        "pval_group": 0.0009765625,
        "frac_H1_rej": 0.4827586206896552
    },
    "increase_pow": {
        "pcurve": {
            "prevdiff_exp": -0.23494273269552376,
            "prevdiff_hdi": [
                -0.6301651914533879,
                0.17891893956576105
            ],
            "prevdiff_prob": 0.1302,
            "powdiff_exp": 0.3805471536019122,
            "powdiff_hdi": [
                0.024930827716062032,
                0.7311273316226548
            ],
            "powdiff_prob": 0.9694
        },
        "binom": {
            "prevdiff_exp": 0.055489658048645,
            "prevdiff_hdi": [
                -0.5717540455184618,
                0.6898667165188554
            ],
            "prevdiff_prob": 0.5744,
            "powdiff_exp": 0.06281515834685926,
            "powdiff_hdi": [
                -0.5228776920764655,
                0.652112812538809
            ],
            "powdiff_prob": 0.5786
        },
        "pval_group": 0.048828125,
        "frac_H1_rej": 0.9
    },
    "baseline": {
        "frac_H1_rej": 0.46153846153846156
    }
}