{
    "increase_prev": {
        "pcurve": {
            "prevdiff_exp": 0.368045637251473,
            "prevdiff_hdi": [
                -0.06271524596606659,
                0.7776552750814077
            ],
            "prevdiff_prob": 0.9398,
            "powdiff_exp": 0.100597247270216,
            "powdiff_hdi": [
                -0.28329497350113186,
                0.4159882067699544
            ],
            "powdiff_prob": 0.7404
        },
        "binom": {
            "prevdiff_exp": 0.12734811883278113,
            "prevdiff_hdi": [
                -0.44697379344167426,
                0.6973820359212584
            ],
            "prevdiff_prob": 0.6726,
            "powdiff_exp": 0.12660679882771023,
            "powdiff_hdi": [
                -0.4375004499379109,
                0.6411227405304529
            ],
            "powdiff_prob": 0.6734
        },
        "pval_group": 0.0263671875,
        "frac_H1_rej": 0.4642857142857143
    },
    "increase_pow": {
        "pcurve": {
            "prevdiff_exp": 0.05897050084377381,
            "prevdiff_hdi": [
                -0.39053198717861404,
                0.5033155854944454
            ],
            "prevdiff_prob": 0.5994,
            "powdiff_exp": 0.4206034207465195,
            "powdiff_hdi": [
                0.049709305735074816,
                0.7388072617147268
            ],
            "powdiff_prob": 0.974
        },
        "binom": {
            "prevdiff_exp": 0.20490463802317926,
            "prevdiff_hdi": [
                -0.3165248470603046,
                0.7265634478988441
            ],
            "prevdiff_prob": 0.7504,
            "powdiff_exp": 0.21902800511229717,
            "powdiff_hdi": [
                -0.28825511090028877,
                0.6914733754110773
            ],
            "powdiff_prob": 0.7832
        },
        "pval_group": 0.0673828125,
        "frac_H1_rej": 1.0
    },
    "baseline": {
        "frac_H1_rej": 0.5833333333333334
    }
}