{
    "increase_prev": {
        "pcurve": {
            "prevdiff_exp": 0.3305740565616185,
            "prevdiff_hdi": [
                0.0012386274867000058,
                0.6392112291043401
            ],
            "prevdiff_prob": 0.9746,
            "powdiff_exp": 0.007159697432196736,
            "powdiff_hdi": [
                -0.28395110839925497,
                0.30965522465021106
            ],
            "powdiff_prob": 0.522
        },
        "binom": {
            "prevdiff_exp": 0.16290171733139605,
            "prevdiff_hdi": [
                -0.2891271565860041,
                0.6321492845993678
            ],
            "prevdiff_prob": 0.7264,
            "powdiff_exp": 0.18398977985820372,
            "powdiff_hdi": [
                -0.26765721362648787,
                0.5973941592535865
            ],
            "powdiff_prob": 0.774
        },
        "pval_group": 0.0166015625,
        "frac_H1_rej": 0.6333333333333333
    },
    "increase_pow": {
        "pcurve": {
            "prevdiff_exp": 0.09112725152188489,
            "prevdiff_hdi": [
                -0.2793206095094387,
                0.4489106061524279
            ],
            "prevdiff_prob": 0.6834,
            "powdiff_exp": 0.19495309545208697,
            "powdiff_hdi": [
                -0.14284707072245417,
                0.4957449982263824
            ],
            "powdiff_prob": 0.8784
        },
        "binom": {
            "prevdiff_exp": 0.10460263684164793,
            "prevdiff_hdi": [
                -0.41670099706974006,
                0.5912001786075288
            ],
            "prevdiff_prob": 0.6566,
            "powdiff_exp": 0.11940816556508703,
            "powdiff_hdi": [
                -0.35363874738123746,
                0.579447628120703
            ],
            "powdiff_prob": 0.695
        },
        "pval_group": 0.8759765625,
        "frac_H1_rej": 1.0
    },
    "baseline": {
        "frac_H1_rej": 0.6428571428571429
    }
}