{
    "increase_prev": {
        "pcurve": {
            "prevdiff_exp": 0.5104347967112299,
            "prevdiff_hdi": [
                0.24522843673247952,
                0.7887579824465992
            ],
            "prevdiff_prob": 0.999,
            "powdiff_exp": -0.043479774444482665,
            "powdiff_hdi": [
                -0.34709314849220013,
                0.29421240132870974
            ],
            "powdiff_prob": 0.3952
        },
        "binom": {
            "prevdiff_exp": 0.2225439179223589,
            "prevdiff_hdi": [
                -0.27541366947633383,
                0.7070754462685598
            ],
            "prevdiff_prob": 0.7814,
            "powdiff_exp": 0.22290469570095411,
            "powdiff_hdi": [
                -0.27151688527367457,
                0.651587175030237
            ],
            "powdiff_prob": 0.7978
        },
        "pval_group": 0.00390625,
        "frac_H1_rej": 0.6333333333333333
    },
    "increase_pow": {
        "pcurve": {
            "prevdiff_exp": 0.2663757308980607,
            "prevdiff_hdi": [
                -0.07095595315099124,
                0.5838847568904365
            ],
            "prevdiff_prob": 0.9354,
            "powdiff_exp": 0.06804869166514364,
            "powdiff_hdi": [
                -0.2796079740429599,
                0.4147095651059843
            ],
            "powdiff_prob": 0.6398
        },
        "binom": {
            "prevdiff_exp": 0.2225439179223589,
            "prevdiff_hdi": [
                -0.27541366947633383,
                0.7070754462685598
            ],
            "prevdiff_prob": 0.7814,
            "powdiff_exp": 0.22290469570095411,
            "powdiff_hdi": [
                -0.27151688527367457,
                0.651587175030237
            ],
            "powdiff_prob": 0.7978
        },
        "pval_group": 0.3291015625,
        "frac_H1_rej": 1.0
    },
    "baseline": {
        "frac_H1_rej": 0.5
    }
}