{
    "increase_prev": {
        "pcurve": {
            "prevdiff_exp": 0.32540689865430283,
            "prevdiff_hdi": [
                -0.08339590046921375,
                0.7295159940622655
            ],
            "prevdiff_prob": 0.9292,
            "powdiff_exp": 0.2795228879883884,
            "powdiff_hdi": [
                -0.012182889206587666,
                0.5342674302578435
            ],
            "powdiff_prob": 0.9586
        },
        "binom": {
            "prevdiff_exp": 0.21973449548125581,
            "prevdiff_hdi": [
                -0.30980099292335084,
                0.7544558410625096
            ],
            "prevdiff_prob": 0.77,
            "powdiff_exp": 0.22113823975469668,
            "powdiff_hdi": [
                -0.30797679955732404,
                0.7019687913977307
            ],
            "powdiff_prob": 0.7838
        },
        "pval_group": 0.0009765625,
        "frac_H1_rej": 0.5517241379310345
    },
    "increase_pow": {
        "pcurve": {
            "prevdiff_exp": 0.10480379581876445,
            "prevdiff_hdi": [
                -0.3674723508299279,
                0.5532344325850636
            ],
            "prevdiff_prob": 0.6546,
            "powdiff_exp": 0.40454848360356116,
            "powdiff_hdi": [
                0.06844759794609556,
                0.6807337711733135
            ],
            "powdiff_prob": 0.9856
        },
        "binom": {
            "prevdiff_exp": 0.2358705197224826,
            "prevdiff_hdi": [
                -0.31139585837079886,
                0.7326651693531159
            ],
            "prevdiff_prob": 0.79,
            "powdiff_exp": 0.24824073109901243,
            "powdiff_hdi": [
                -0.26538307971165576,
                0.7268303801501576
            ],
            "powdiff_prob": 0.812
        },
        "pval_group": 0.1005859375,
        "frac_H1_rej": 0.9333333333333333
    },
    "baseline": {
        "frac_H1_rej": 0.7
    }
}