{
    "increase_prev": {
        "pcurve": {
            "prevdiff_exp": 0.3241788556503373,
            "prevdiff_hdi": [
                -0.028398970076440655,
                0.6452200375651568
            ],
            "prevdiff_prob": 0.9668,
            "powdiff_exp": 0.0405126210725488,
            "powdiff_hdi": [
                -0.24154670695164948,
                0.32679958950198296
            ],
            "powdiff_prob": 0.6218
        },
        "binom": {
            "prevdiff_exp": 0.18876861378195248,
            "prevdiff_hdi": [
                -0.3601402524251879,
                0.7099454161478973
            ],
            "prevdiff_prob": 0.7384,
            "powdiff_exp": 0.19192551376798145,
            "powdiff_hdi": [
                -0.32054706837046865,
                0.6882465635812046
            ],
            "powdiff_prob": 0.758
        },
        "pval_group": 0.0107421875,
        "frac_H1_rej": 0.5517241379310345
    },
    "increase_pow": {
        "pcurve": {
            "prevdiff_exp": -0.0855027754468638,
            "prevdiff_hdi": [
                -0.4772919271637489,
                0.2779088307183135
            ],
            "prevdiff_prob": 0.3258,
            "powdiff_exp": 0.30085182599456295,
            "powdiff_hdi": [
                -0.03685310778691564,
                0.618177765246906
            ],
            "powdiff_prob": 0.9542
        },
        "binom": {
            "prevdiff_exp": 0.12734811883278113,
            "prevdiff_hdi": [
                -0.44697379344167426,
                0.6973820359212584
            ],
            "prevdiff_prob": 0.6726,
            "powdiff_exp": 0.12660679882771023,
            "powdiff_hdi": [
                -0.4375004499379109,
                0.6411227405304529
            ],
            "powdiff_prob": 0.6734
        },
        "pval_group": 0.8857421875,
        "frac_H1_rej": 1.0
    },
    "baseline": {
        "frac_H1_rej": 0.4666666666666667
    }
}