{
    "increase_prev": {
        "pcurve": {
            "prevdiff_exp": 0.2002283223737606,
            "prevdiff_hdi": [
                -0.15530080519894784,
                0.5704112826117844
            ],
            "prevdiff_prob": 0.8546,
            "powdiff_exp": -0.024666332480322194,
            "powdiff_hdi": [
                -0.3481876926179517,
                0.2679132739499413
            ],
            "powdiff_prob": 0.4474
        },
        "binom": {
            "prevdiff_exp": 0.0837911315409848,
            "prevdiff_hdi": [
                -0.4678493899759329,
                0.674501780275422
            ],
            "prevdiff_prob": 0.6114,
            "powdiff_exp": 0.06584518185922297,
            "powdiff_hdi": [
                -0.49862899932598376,
                0.599270978656073
            ],
            "powdiff_prob": 0.5892
        },
        "pval_group": 0.068359375,
        "frac_H1_rej": 0.4074074074074074
    },
    "increase_pow": {
        "pcurve": {
            "prevdiff_exp": -0.08261389513059104,
            "prevdiff_hdi": [
                -0.4378471340934734,
                0.3071928634826545
            ],
            "prevdiff_prob": 0.3406,
            "powdiff_exp": 0.1886434366233872,
            "powdiff_hdi": [
                -0.161952535511394,
                0.5185747515509292
            ],
            "powdiff_prob": 0.86
        },
        "binom": {
            "prevdiff_exp": 0.10282434248343943,
            "prevdiff_hdi": [
                -0.46391285844393804,
                0.640850572071314
            ],
            "prevdiff_prob": 0.6488,
            "powdiff_exp": 0.0930043664675662,
            "powdiff_hdi": [
                -0.43314687785795697,
                0.619064719114842
            ],
            "powdiff_prob": 0.6322
        },
        "pval_group": 0.3115234375,
        "frac_H1_rej": 0.8
    },
    "baseline": {
        "frac_H1_rej": 0.3888888888888889
    }
}