{
    "increase_prev": {
        "pcurve": {
            "prevdiff_exp": 0.14424811550282735,
            "prevdiff_hdi": [
                -0.25849221445610593,
                0.5370617451517397
            ],
            "prevdiff_prob": 0.7448,
            "powdiff_exp": 0.08114565933245114,
            "powdiff_hdi": [
                -0.21040782529808938,
                0.37878008963660664
            ],
            "powdiff_prob": 0.722
        },
        "binom": {
            "prevdiff_exp": 0.12734811883278113,
            "prevdiff_hdi": [
                -0.44697379344167426,
                0.6973820359212584
            ],
            "prevdiff_prob": 0.6726,
            "powdiff_exp": 0.12660679882771023,
            "powdiff_hdi": [
                -0.4375004499379109,
                0.6411227405304529
            ],
            "powdiff_prob": 0.6734
        },
        "pval_group": 0.072265625,
        "frac_H1_rej": 0.4642857142857143
    },
    "increase_pow": {
        "pcurve": {
            "prevdiff_exp": -0.1560268381481172,
            "prevdiff_hdi": [
                -0.5331335889780671,
                0.24911237167308858
            ],
            "prevdiff_prob": 0.2278,
            "powdiff_exp": 0.43744763336693515,
            "powdiff_hdi": [
                0.13984611081341203,
                0.7088985030531554
            ],
            "powdiff_prob": 0.9932
        },
        "binom": {
            "prevdiff_exp": 0.1676649634712187,
            "prevdiff_hdi": [
                -0.40451892741105544,
                0.6857561374020695
            ],
            "prevdiff_prob": 0.7238,
            "powdiff_exp": 0.17367796131988902,
            "powdiff_hdi": [
                -0.33026957917358235,
                0.6876691878359391
            ],
            "powdiff_prob": 0.7338
        },
        "pval_group": 0.6533203125,
        "frac_H1_rej": 1.0
    },
    "baseline": {
        "frac_H1_rej": 0.5
    }
}