{
    "increase_prev": {
        "pcurve": {
            "prevdiff_exp": 0.382506840955665,
            "prevdiff_hdi": [
                -0.03542022545155732,
                0.7383340626733439
            ],
            "prevdiff_prob": 0.956,
            "powdiff_exp": -0.10229510018770496,
            "powdiff_hdi": [
                -0.45648364051720014,
                0.2387079274864266
            ],
            "powdiff_prob": 0.3128
        },
        "binom": {
            "prevdiff_exp": 0.0,
            "prevdiff_hdi": [
                0.0,
                0.0
            ],
            "prevdiff_prob": 0.0,
            "powdiff_exp": 0.0,
            "powdiff_hdi": [
                0.0,
                0.0
            ],
            "powdiff_prob": 0.0
        },
        "pval_group": 0.01953125,
        "frac_H1_rej": 0.27586206896551724
    },
    "increase_pow": {
        "pcurve": {
            "prevdiff_exp": 0.09432893779008913,
            "prevdiff_hdi": [
                -0.340191736593648,
                0.4760833447098748
            ],
            "prevdiff_prob": 0.6824,
            "powdiff_exp": 0.24260012997162148,
            "powdiff_hdi": [
                -0.1583802775163855,
                0.5969602096061206
            ],
            "powdiff_prob": 0.8826
        },
        "binom": {
            "prevdiff_exp": 0.14965665711288625,
            "prevdiff_hdi": [
                -0.4163530545531227,
                0.6808775977880356
            ],
            "prevdiff_prob": 0.6946,
            "powdiff_exp": 0.15089786664808813,
            "powdiff_hdi": [
                -0.37586251276460314,
                0.6580555930080574
            ],
            "powdiff_prob": 0.7124
        },
        "pval_group": 0.103515625,
        "frac_H1_rej": 1.0
    },
    "baseline": {
        "frac_H1_rej": 0.5384615384615384
    }
}