{
    "increase_prev": {
        "pcurve": {
            "prevdiff_exp": 0.28029588205658973,
            "prevdiff_hdi": [
                -0.15414383400108655,
                0.7965243609007753
            ],
            "prevdiff_prob": 0.8576,
            "powdiff_exp": 0.2785285610083651,
            "powdiff_hdi": [
                0.009313381233588047,
                0.5085134294067136
            ],
            "powdiff_prob": 0.9686
        },
        "binom": {
            "prevdiff_exp": 0.35511012887856314,
            "prevdiff_hdi": [
                -0.20588124458997492,
                0.8461788116823477
            ],
            "prevdiff_prob": 0.8636,
            "powdiff_exp": 0.35098791043688116,
            "powdiff_hdi": [
                -0.22356966656867416,
                0.8045328741841651
            ],
            "powdiff_prob": 0.877
        },
        "pval_group": 0.005859375,
        "frac_H1_rej": 0.6785714285714286
    },
    "increase_pow": {
        "pcurve": {
            "prevdiff_exp": -0.13763917492106903,
            "prevdiff_hdi": [
                -0.6054516287587846,
                0.40962884275354244
            ],
            "prevdiff_prob": 0.304,
            "powdiff_exp": 0.47060222424293063,
            "powdiff_hdi": [
                0.13902366038232955,
                0.7739217518185797
            ],
            "powdiff_prob": 0.987
        },
        "binom": {
            "prevdiff_exp": 0.21635734249718902,
            "prevdiff_hdi": [
                -0.41850166710642706,
                0.7937426377387214
            ],
            "prevdiff_prob": 0.7456,
            "powdiff_exp": 0.19392839659515002,
            "powdiff_hdi": [
                -0.41134146749219225,
                0.7751400561832572
            ],
            "powdiff_prob": 0.741
        },
        "pval_group": 0.931640625,
        "frac_H1_rej": 1.0
    },
    "baseline": {
        "frac_H1_rej": 0.3076923076923077
    }
}