{
    "increase_prev": {
        "pcurve": {
            "prevdiff_exp": 0.4970857184410057,
            "prevdiff_hdi": [
                0.16980596413225946,
                0.80449763680309
            ],
            "prevdiff_prob": 0.993,
            "powdiff_exp": -0.08573896239413159,
            "powdiff_hdi": [
                -0.43255115001226685,
                0.27793051738534985
            ],
            "powdiff_prob": 0.313
        },
        "binom": {
            "prevdiff_exp": 0.09824685632040636,
            "prevdiff_hdi": [
                -0.4504361746328593,
                0.5949655075398061
            ],
            "prevdiff_prob": 0.6356,
            "powdiff_exp": 0.09200818989290167,
            "powdiff_hdi": [
                -0.41606465604034126,
                0.5700181479327263
            ],
            "powdiff_prob": 0.639
        },
        "pval_group": 0.017578125,
        "frac_H1_rej": 0.4666666666666667
    },
    "increase_pow": {
        "pcurve": {
            "prevdiff_exp": 0.39622959917051026,
            "prevdiff_hdi": [
                0.07681534827429193,
                0.7119901401416386
            ],
            "prevdiff_prob": 0.9834,
            "powdiff_exp": 0.16521060366091977,
            "powdiff_hdi": [
                -0.18174010012190944,
                0.5226416469279356
            ],
            "powdiff_prob": 0.8096
        },
        "binom": {
            "prevdiff_exp": 0.24436988291615325,
            "prevdiff_hdi": [
                -0.21582312392689873,
                0.6646267175224876
            ],
            "prevdiff_prob": 0.8224,
            "powdiff_exp": 0.22378259027417038,
            "powdiff_hdi": [
                -0.22032490205373478,
                0.6163592997028645
            ],
            "powdiff_prob": 0.8144
        },
        "pval_group": 0.0068359375,
        "frac_H1_rej": 1.0
    },
    "baseline": {
        "frac_H1_rej": 0.6666666666666666
    }
}