{
    "increase_prev": {
        "pcurve": {
            "prevdiff_exp": 0.49936292049049846,
            "prevdiff_hdi": [
                -0.03865839228221113,
                0.9259621467165279
            ],
            "prevdiff_prob": 0.9458,
            "powdiff_exp": 0.1552765764903763,
            "powdiff_hdi": [
                -0.36367432934073807,
                0.553668749884924
            ],
            "powdiff_prob": 0.7486
        },
        "binom": {
            "prevdiff_exp": 0.24069729589869504,
            "prevdiff_hdi": [
                -0.3410728119937153,
                0.7668833485590058
            ],
            "prevdiff_prob": 0.7808,
            "powdiff_exp": 0.22708188773205903,
            "powdiff_hdi": [
                -0.3226554230284957,
                0.7416846982553135
            ],
            "powdiff_prob": 0.779
        },
        "pval_group": 0.0107421875,
        "frac_H1_rej": 0.5357142857142857
    },
    "increase_pow": {
        "pcurve": {
            "prevdiff_exp": 0.1527621812399829,
            "prevdiff_hdi": [
                -0.4426688683512321,
                0.656207256185812
            ],
            "prevdiff_prob": 0.728,
            "powdiff_exp": 0.25409122128828765,
            "powdiff_hdi": [
                -0.3078613471240238,
                0.7179143541607369
            ],
            "powdiff_prob": 0.8196
        },
        "binom": {
            "prevdiff_exp": 0.1571983093677809,
            "prevdiff_hdi": [
                -0.4867250936871952,
                0.7270621900660879
            ],
            "prevdiff_prob": 0.6946,
            "powdiff_exp": 0.12592127461506447,
            "powdiff_hdi": [
                -0.479039484569405,
                0.6889912720634819
            ],
            "powdiff_prob": 0.678
        },
        "pval_group": 0.1962890625,
        "frac_H1_rej": 1.0
    },
    "baseline": {
        "frac_H1_rej": 0.6
    }
}