{
    "increase_prev": {
        "pcurve": {
            "prevdiff_exp": 0.3631809140615459,
            "prevdiff_hdi": [
                -0.09834862481906614,
                0.8200837335013339
            ],
            "prevdiff_prob": 0.926,
            "powdiff_exp": 0.23097976341070783,
            "powdiff_hdi": [
                -0.06361263731559103,
                0.4961444799232185
            ],
            "powdiff_prob": 0.9244
        },
        "binom": {
            "prevdiff_exp": 0.36171153479307994,
            "prevdiff_hdi": [
                -0.2584554234046436,
                0.8554750833697035
            ],
            "prevdiff_prob": 0.8624,
            "powdiff_exp": 0.3502267666535469,
            "powdiff_hdi": [
                -0.19471822186183885,
                0.8555260047364527
            ],
            "powdiff_prob": 0.8682
        },
        "pval_group": 0.0009765625,
        "frac_H1_rej": 0.5862068965517241
    },
    "increase_pow": {
        "pcurve": {
            "prevdiff_exp": -0.015204508011004168,
            "prevdiff_hdi": [
                -0.48584495928599125,
                0.4691979237369885
            ],
            "prevdiff_prob": 0.4866,
            "powdiff_exp": 0.5420852486069528,
            "powdiff_hdi": [
                0.2424851681137674,
                0.8004030781382816
            ],
            "powdiff_prob": 0.9958
        },
        "binom": {
            "prevdiff_exp": 0.3064635538827869,
            "prevdiff_hdi": [
                -0.2926156947245093,
                0.88378821185497
            ],
            "prevdiff_prob": 0.8314,
            "powdiff_exp": 0.28209662818933784,
            "powdiff_hdi": [
                -0.31577931243627455,
                0.8185412216143229
            ],
            "powdiff_prob": 0.8182
        },
        "pval_group": 0.001953125,
        "frac_H1_rej": 0.9333333333333333
    },
    "baseline": {
        "frac_H1_rej": 0.25
    }
}