{
    "increase_prev": {
        "pcurve": {
            "prevdiff_exp": 0.27066627040212504,
            "prevdiff_hdi": [
                -0.038485053861002094,
                0.6006173174259517
            ],
            "prevdiff_prob": 0.9444,
            "powdiff_exp": 0.001680478154000538,
            "powdiff_hdi": [
                -0.2809294247757763,
                0.2894329131623782
            ],
            "powdiff_prob": 0.511
        },
        "binom": {
            "prevdiff_exp": 0.05935005558089221,
            "prevdiff_hdi": [
                -0.4443419217523741,
                0.5521524521329959
            ],
            "prevdiff_prob": 0.5886,
            "powdiff_exp": 0.07423034710052201,
            "powdiff_hdi": [
                -0.3691913386729907,
                0.5646650833239937
            ],
            "powdiff_prob": 0.6166
        },
        "pval_group": 0.029296875,
        "frac_H1_rej": 0.5
    },
    "increase_pow": {
        "pcurve": {
            "prevdiff_exp": -0.19152348564479266,
            "prevdiff_hdi": [
                -0.5914236158727837,
                0.17853050612727994
            ],
            "prevdiff_prob": 0.178,
            "powdiff_exp": 0.16770497214138483,
            "powdiff_hdi": [
                -0.21227293145721288,
                0.5044577509054291
            ],
            "powdiff_prob": 0.8146
        },
        "binom": {
            "prevdiff_exp": -0.0837911315409848,
            "prevdiff_hdi": [
                -0.674501780275422,
                0.4678493899759329
            ],
            "prevdiff_prob": 0.3886,
            "powdiff_exp": -0.06584518185922297,
            "powdiff_hdi": [
                -0.599270978656073,
                0.49862899932598376
            ],
            "powdiff_prob": 0.4108
        },
        "pval_group": 0.4111328125,
        "frac_H1_rej": 0.8181818181818182
    },
    "baseline": {
        "frac_H1_rej": 0.7333333333333333
    }
}