{
    "increase_prev": {
        "pcurve": {
            "prevdiff_exp": 0.29205149877802883,
            "prevdiff_hdi": [
                -0.06629656288694419,
                0.661022165192763
            ],
            "prevdiff_prob": 0.9312,
            "powdiff_exp": 0.003166309195520982,
            "powdiff_hdi": [
                -0.3040224593813107,
                0.26259078627090976
            ],
            "powdiff_prob": 0.535
        },
        "binom": {
            "prevdiff_exp": 0.11513185863960784,
            "prevdiff_hdi": [
                -0.5019513351207843,
                0.6834897525314664
            ],
            "prevdiff_prob": 0.6508,
            "powdiff_exp": 0.10173007418960968,
            "powdiff_hdi": [
                -0.48776414028681725,
                0.6403295760368541
            ],
            "powdiff_prob": 0.642
        },
        "pval_group": 0.07421875,
        "frac_H1_rej": 0.39285714285714285
    },
    "increase_pow": {
        "pcurve": {
            "prevdiff_exp": -0.01778621634885942,
            "prevdiff_hdi": [
                -0.4160148466712988,
                0.37479475115695315
            ],
            "prevdiff_prob": 0.458,
            "powdiff_exp": 0.36555194083352033,
            "powdiff_hdi": [
                0.04703516075812442,
                0.6610526117145061
            ],
            "powdiff_prob": 0.9812
        },
        "binom": {
            "prevdiff_exp": 0.198630845170522,
            "prevdiff_hdi": [
                -0.35708615240591746,
                0.7424931583026386
            ],
            "prevdiff_prob": 0.7498,
            "powdiff_exp": 0.20289068730660423,
            "powdiff_hdi": [
                -0.3435128745420697,
                0.6837769918460008
            ],
            "powdiff_prob": 0.7638
        },
        "pval_group": 0.51953125,
        "frac_H1_rej": 1.0
    },
    "baseline": {
        "frac_H1_rej": 0.4666666666666667
    }
}