{
    "increase_prev": {
        "pcurve": {
            "prevdiff_exp": 0.1218738348168575,
            "prevdiff_hdi": [
                -0.2301124563596314,
                0.553070697332841
            ],
            "prevdiff_prob": 0.7152,
            "powdiff_exp": 0.06893161110167474,
            "powdiff_hdi": [
                -0.2039510306418385,
                0.32814273859557297
            ],
            "powdiff_prob": 0.707
        },
        "binom": {
            "prevdiff_exp": 0.08416597694030455,
            "prevdiff_hdi": [
                -0.524650119485932,
                0.6720343787907468
            ],
            "prevdiff_prob": 0.6084,
            "powdiff_exp": 0.07251734820289443,
            "powdiff_hdi": [
                -0.4931761968061457,
                0.63541072855389
            ],
            "powdiff_prob": 0.5994
        },
        "pval_group": 0.01171875,
        "frac_H1_rej": 0.36666666666666664
    },
    "increase_pow": {
        "pcurve": {
            "prevdiff_exp": -0.1835708409456835,
            "prevdiff_hdi": [
                -0.5652202076663572,
                0.22777668773557136
            ],
            "prevdiff_prob": 0.1896,
            "powdiff_exp": 0.37749705302152814,
            "powdiff_hdi": [
                0.08535677123563823,
                0.6629310959680472
            ],
            "powdiff_prob": 0.9858
        },
        "binom": {
            "prevdiff_exp": 0.14965665711288625,
            "prevdiff_hdi": [
                -0.4163530545531227,
                0.6808775977880356
            ],
            "prevdiff_prob": 0.6946,
            "powdiff_exp": 0.15089786664808813,
            "powdiff_hdi": [
                -0.37586251276460314,
                0.6580555930080574
            ],
            "powdiff_prob": 0.7124
        },
        "pval_group": 0.076171875,
        "frac_H1_rej": 0.9285714285714286
    },
    "baseline": {
        "frac_H1_rej": 0.5833333333333334
    }
}