{
    "increase_prev": {
        "pcurve": {
            "prevdiff_exp": 0.16054454392573156,
            "prevdiff_hdi": [
                -0.1685896965683108,
                0.5462756159382689
            ],
            "prevdiff_prob": 0.8024,
            "powdiff_exp": 0.14838582245215554,
            "powdiff_hdi": [
                -0.1006858265745923,
                0.36961862733063233
            ],
            "powdiff_prob": 0.8906
        },
        "binom": {
            "prevdiff_exp": 0.23539055343964366,
            "prevdiff_hdi": [
                -0.3895634657335083,
                0.8322231647154883
            ],
            "prevdiff_prob": 0.7636,
            "powdiff_exp": 0.2210875812034932,
            "powdiff_hdi": [
                -0.39070904803429296,
                0.7636319710329034
            ],
            "powdiff_prob": 0.7692
        },
        "pval_group": 0.0234375,
        "frac_H1_rej": 0.43333333333333335
    },
    "increase_pow": {
        "pcurve": {
            "prevdiff_exp": -0.0318909659515209,
            "prevdiff_hdi": [
                -0.3848621713928363,
                0.3607150283358647
            ],
            "prevdiff_prob": 0.397,
            "powdiff_exp": 0.445723683775461,
            "powdiff_hdi": [
                0.1995672584523316,
                0.6702090659915942
            ],
            "powdiff_prob": 0.9978
        },
        "binom": {
            "prevdiff_exp": 0.40382211831549564,
            "prevdiff_hdi": [
                -0.14108087147145465,
                0.872626968064673
            ],
            "prevdiff_prob": 0.8948,
            "powdiff_exp": 0.3771530494051398,
            "powdiff_hdi": [
                -0.16789566711481618,
                0.8322467326130847
            ],
            "powdiff_prob": 0.8854
        },
        "pval_group": 0.0322265625,
        "frac_H1_rej": 1.0
    },
    "baseline": {
        "frac_H1_rej": 0.2631578947368421
    }
}