{
    "increase_prev": {
        "pcurve": {
            "prevdiff_exp": 0.2720287178460869,
            "prevdiff_hdi": [
                -0.07854308005711652,
                0.6439687942061956
            ],
            "prevdiff_prob": 0.9208,
            "powdiff_exp": 0.21839018258130086,
            "powdiff_hdi": [
                -0.05867698103830182,
                0.4673141522046622
            ],
            "powdiff_prob": 0.9328
        },
        "binom": {
            "prevdiff_exp": 0.18876861378195248,
            "prevdiff_hdi": [
                -0.3601402524251879,
                0.7099454161478973
            ],
            "prevdiff_prob": 0.7384,
            "powdiff_exp": 0.19192551376798145,
            "powdiff_hdi": [
                -0.32054706837046865,
                0.6882465635812046
            ],
            "powdiff_prob": 0.758
        },
        "pval_group": 0.0009765625,
        "frac_H1_rej": 0.5333333333333333
    },
    "increase_pow": {
        "pcurve": {
            "prevdiff_exp": -0.10056387981941795,
            "prevdiff_hdi": [
                -0.48764435794665417,
                0.31410952381818497
            ],
            "prevdiff_prob": 0.3178,
            "powdiff_exp": 0.4115018783958924,
            "powdiff_hdi": [
                0.11855007413776714,
                0.6877717627058073
            ],
            "powdiff_prob": 0.9908
        },
        "binom": {
            "prevdiff_exp": 0.1676649634712187,
            "prevdiff_hdi": [
                -0.40451892741105544,
                0.6857561374020695
            ],
            "prevdiff_prob": 0.7238,
            "powdiff_exp": 0.17367796131988902,
            "powdiff_hdi": [
                -0.33026957917358235,
                0.6876691878359391
            ],
            "powdiff_prob": 0.7338
        },
        "pval_group": 0.0546875,
        "frac_H1_rej": 0.9285714285714286
    },
    "baseline": {
        "frac_H1_rej": 0.6363636363636364
    }
}