{
    "increase_prev": {
        "pcurve": {
            "prevdiff_exp": 0.3445773612959461,
            "prevdiff_hdi": [
                -0.11633949761294338,
                0.7509469883600134
            ],
            "prevdiff_prob": 0.9196,
            "powdiff_exp": 0.18905962152674272,
            "powdiff_hdi": [
                -0.1965706262159747,
                0.49885301882306143
            ],
            "powdiff_prob": 0.8438
        },
        "binom": {
            "prevdiff_exp": 0.296811048388815,
            "prevdiff_hdi": [
                -0.30393763894889625,
                0.8116745479373222
            ],
            "prevdiff_prob": 0.8226,
            "powdiff_exp": 0.28640629614376445,
            "powdiff_hdi": [
                -0.3029142041077365,
                0.7849565289772671
            ],
            "powdiff_prob": 0.8232
        },
        "pval_group": 0.0087890625,
        "frac_H1_rej": 0.5714285714285714
    },
    "increase_pow": {
        "pcurve": {
            "prevdiff_exp": 0.028928388512828324,
            "prevdiff_hdi": [
                -0.47056469720501687,
                0.41344389489307226
            ],
            "prevdiff_prob": 0.5658,
            "powdiff_exp": 0.4330107040749417,
            "powdiff_hdi": [
                0.056642497167026185,
                0.7406673115977616
            ],
            "powdiff_prob": 0.9786
        },
        "binom": {
            "prevdiff_exp": 0.2757073980780812,
            "prevdiff_hdi": [
                -0.3467688247133779,
                0.8035521512511697
            ],
            "prevdiff_prob": 0.8018,
            "powdiff_exp": 0.268158743695672,
            "powdiff_hdi": [
                -0.30109507152523607,
                0.807761469069551
            ],
            "powdiff_prob": 0.8074
        },
        "pval_group": 0.55859375,
        "frac_H1_rej": 1.0
    },
    "baseline": {
        "frac_H1_rej": 0.3333333333333333
    }
}