{
    "increase_prev": {
        "pcurve": {
            "prevdiff_exp": 0.33045943229639607,
            "prevdiff_hdi": [
                -0.08409296875020622,
                0.7364659688793203
            ],
            "prevdiff_prob": 0.928,
            "powdiff_exp": 0.16017666373008083,
            "powdiff_hdi": [
                -0.15193471399891895,
                0.4408895810802486
            ],
            "powdiff_prob": 0.8574
        },
        "binom": {
            "prevdiff_exp": 0.13928078958962978,
            "prevdiff_hdi": [
                -0.43925150533188306,
                0.7378011009685618
            ],
            "prevdiff_prob": 0.6808,
            "powdiff_exp": 0.12866034020608225,
            "powdiff_hdi": [
                -0.43529067522658765,
                0.6778648915381699
            ],
            "powdiff_prob": 0.68
        },
        "pval_group": 0.0048828125,
        "frac_H1_rej": 0.42857142857142855
    },
    "increase_pow": {
        "pcurve": {
            "prevdiff_exp": -0.002713535538341187,
            "prevdiff_hdi": [
                -0.4725333720299474,
                0.4248097099715285
            ],
            "prevdiff_prob": 0.4966,
            "powdiff_exp": 0.4816109902558925,
            "powdiff_hdi": [
                0.163163138680042,
                0.7654943956336291
            ],
            "powdiff_prob": 0.991
        },
        "binom": {
            "prevdiff_exp": 0.21973449548125581,
            "prevdiff_hdi": [
                -0.30980099292335084,
                0.7544558410625096
            ],
            "prevdiff_prob": 0.77,
            "powdiff_exp": 0.22113823975469668,
            "powdiff_hdi": [
                -0.30797679955732404,
                0.7019687913977307
            ],
            "powdiff_prob": 0.7838
        },
        "pval_group": 0.185546875,
        "frac_H1_rej": 1.0
    },
    "baseline": {
        "frac_H1_rej": 0.46153846153846156
    }
}