{
    "increase_prev": {
        "pcurve": {
            "prevdiff_exp": 0.2731984173787919,
            "prevdiff_hdi": [
                -0.13970671815086455,
                0.6960252179375181
            ],
            "prevdiff_prob": 0.8792,
            "powdiff_exp": 0.07406519091210981,
            "powdiff_hdi": [
                -0.2586273144056994,
                0.3567866988739161
            ],
            "powdiff_prob": 0.709
        },
        "binom": {
            "prevdiff_exp": 0.09755610877681803,
            "prevdiff_hdi": [
                -0.5251801550218109,
                0.7635827897139151
            ],
            "prevdiff_prob": 0.6222,
            "powdiff_exp": 0.08700635877231405,
            "powdiff_hdi": [
                -0.5204209004219931,
                0.7062424616109438
            ],
            "powdiff_prob": 0.6196
        },
        "pval_group": 0.0048828125,
        "frac_H1_rej": 0.3103448275862069
    },
    "increase_pow": {
        "pcurve": {
            "prevdiff_exp": -0.17111938432722854,
            "prevdiff_hdi": [
                -0.6127473173416085,
                0.2878987972053027
            ],
            "prevdiff_prob": 0.2426,
            "powdiff_exp": 0.30704307653407786,
            "powdiff_hdi": [
                -0.08294075734995865,
                0.6826593845271305
            ],
            "powdiff_prob": 0.9272
        },
        "binom": {
            "prevdiff_exp": 0.12444213321995623,
            "prevdiff_hdi": [
                -0.4981916736341053,
                0.7353036702573679
            ],
            "prevdiff_prob": 0.6566,
            "powdiff_exp": 0.11229360316735647,
            "powdiff_hdi": [
                -0.47725614413824463,
                0.6833486727929745
            ],
            "powdiff_prob": 0.6448
        },
        "pval_group": 0.513671875,
        "frac_H1_rej": 1.0
    },
    "baseline": {
        "frac_H1_rej": 0.5
    }
}