{
    "increase_prev": {
        "pcurve": {
            "prevdiff_exp": 0.4762931540081214,
            "prevdiff_hdi": [
                -0.051133363052144,
                0.9136403498105341
            ],
            "prevdiff_prob": 0.9396,
            "powdiff_exp": 0.265754810850539,
            "powdiff_hdi": [
                -0.15228669870178535,
                0.5680957638346837
            ],
            "powdiff_prob": 0.8954
        },
        "binom": {
            "prevdiff_exp": 0.26180094620942884,
            "prevdiff_hdi": [
                -0.3047039655365804,
                0.7948452577293971
            ],
            "prevdiff_prob": 0.8082,
            "powdiff_exp": 0.24532944018015146,
            "powdiff_hdi": [
                -0.28797136276548246,
                0.7443072011273018
            ],
            "powdiff_prob": 0.8018
        },
        "pval_group": 0.0029296875,
        "frac_H1_rej": 0.6153846153846154
    },
    "increase_pow": {
        "pcurve": {
            "prevdiff_exp": -0.022214257522490045,
            "prevdiff_hdi": [
                -0.6006520553895414,
                0.37977202256159726
            ],
            "prevdiff_prob": 0.5252,
            "powdiff_exp": 0.5770133513367537,
            "powdiff_hdi": [
                0.18955642714533438,
                0.8906346353195933
            ],
            "powdiff_prob": 0.988
        },
        "binom": {
            "prevdiff_exp": 0.1571983093677809,
            "prevdiff_hdi": [
                -0.4867250936871952,
                0.7270621900660879
            ],
            "prevdiff_prob": 0.6946,
            "powdiff_exp": 0.12592127461506447,
            "powdiff_hdi": [
                -0.479039484569405,
                0.6889912720634819
            ],
            "powdiff_prob": 0.678
        },
        "pval_group": 0.2509765625,
        "frac_H1_rej": 1.0
    },
    "baseline": {
        "frac_H1_rej": 0.625
    }
}