{
    "increase_prev": {
        "pcurve": {
            "prevdiff_exp": 0.22313395331987937,
            "prevdiff_hdi": [
                -0.23036408770721029,
                0.6472321166220146
            ],
            "prevdiff_prob": 0.8292,
            "powdiff_exp": 0.05519367362741591,
            "powdiff_hdi": [
                -0.2302398614411626,
                0.3242322595862205
            ],
            "powdiff_prob": 0.6766
        },
        "binom": {
            "prevdiff_exp": 0.0823756824917832,
            "prevdiff_hdi": [
                -0.551672919939673,
                0.6629496040432425
            ],
            "prevdiff_prob": 0.6132,
            "powdiff_exp": 0.08810240274190169,
            "powdiff_hdi": [
                -0.5108181897673101,
                0.6373444349495678
            ],
            "powdiff_prob": 0.6238
        },
        "pval_group": 0.0166015625,
        "frac_H1_rej": 0.35714285714285715
    },
    "increase_pow": {
        "pcurve": {
            "prevdiff_exp": -0.08400664750514628,
            "prevdiff_hdi": [
                -0.5094433971663143,
                0.33134315097461153
            ],
            "prevdiff_prob": 0.3586,
            "powdiff_exp": 0.4442577727283975,
            "powdiff_hdi": [
                0.15050009055690655,
                0.7178966899404153
            ],
            "powdiff_prob": 0.9956
        },
        "binom": {
            "prevdiff_exp": 0.18062253881218956,
            "prevdiff_hdi": [
                -0.3789316948430904,
                0.7234811371995367
            ],
            "prevdiff_prob": 0.722,
            "powdiff_exp": 0.1801105926348034,
            "powdiff_hdi": [
                -0.411696681371733,
                0.6611925403527096
            ],
            "powdiff_prob": 0.7364
        },
        "pval_group": 0.6279296875,
        "frac_H1_rej": 1.0
    },
    "baseline": {
        "frac_H1_rej": 0.4166666666666667
    }
}