{
    "increase_prev": {
        "pcurve": {
            "prevdiff_exp": 0.24141450631665656,
            "prevdiff_hdi": [
                -0.21556409831384804,
                0.70024607696243
            ],
            "prevdiff_prob": 0.819,
            "powdiff_exp": 0.17414022863070813,
            "powdiff_hdi": [
                -0.18254617013132762,
                0.4812694026070372
            ],
            "powdiff_prob": 0.8486
        },
        "binom": {
            "prevdiff_exp": 0.13928078958962978,
            "prevdiff_hdi": [
                -0.43925150533188306,
                0.7378011009685618
            ],
            "prevdiff_prob": 0.6808,
            "powdiff_exp": 0.12866034020608225,
            "powdiff_hdi": [
                -0.43529067522658765,
                0.6778648915381699
            ],
            "powdiff_prob": 0.68
        },
        "pval_group": 0.0244140625,
        "frac_H1_rej": 0.42857142857142855
    },
    "increase_pow": {
        "pcurve": {
            "prevdiff_exp": 0.07029081831986236,
            "prevdiff_hdi": [
                -0.3874077010802882,
                0.5160985660926571
            ],
            "prevdiff_prob": 0.6014,
            "powdiff_exp": 0.46512567575295016,
            "powdiff_hdi": [
                0.13398895307000014,
                0.748430264746143
            ],
            "powdiff_prob": 0.9898
        },
        "binom": {
            "prevdiff_exp": 0.26283736072787695,
            "prevdiff_hdi": [
                -0.2882583031759345,
                0.7353424429797546
            ],
            "prevdiff_prob": 0.8166,
            "powdiff_exp": 0.2584216677882076,
            "powdiff_hdi": [
                -0.22983240770080904,
                0.7310518251192848
            ],
            "powdiff_prob": 0.8218
        },
        "pval_group": 0.6123046875,
        "frac_H1_rej": 1.0
    },
    "baseline": {
        "frac_H1_rej": 0.5
    }
}