{
    "increase_prev": {
        "pcurve": {
            "prevdiff_exp": 0.2543271216889727,
            "prevdiff_hdi": [
                -0.12169363237089204,
                0.6687525669304584
            ],
            "prevdiff_prob": 0.892,
            "powdiff_exp": 0.24177164021536374,
            "powdiff_hdi": [
                -0.017728207383479355,
                0.46604120745268485
            ],
            "powdiff_prob": 0.9608
        },
        "binom": {
            "prevdiff_exp": 0.2226889895403626,
            "prevdiff_hdi": [
                -0.3605755328540975,
                0.7810150693148055
            ],
            "prevdiff_prob": 0.7698,
            "powdiff_exp": 0.20430179306025814,
            "powdiff_hdi": [
                -0.3659388742499372,
                0.7235969266582232
            ],
            "powdiff_prob": 0.7584
        },
        "pval_group": 0.0009765625,
        "frac_H1_rej": 0.4827586206896552
    },
    "increase_pow": {
        "pcurve": {
            "prevdiff_exp": -0.1911016516676344,
            "prevdiff_hdi": [
                -0.6135551967165983,
                0.24996051621034443
            ],
            "prevdiff_prob": 0.2068,
            "powdiff_exp": 0.43822746802647333,
            "powdiff_hdi": [
                0.12301668694319179,
                0.7105331080339782
            ],
            "powdiff_prob": 0.9944
        },
        "binom": {
            "prevdiff_exp": 0.2003804512602575,
            "prevdiff_hdi": [
                -0.42096537519291255,
                0.751552573457396
            ],
            "prevdiff_prob": 0.7442,
            "powdiff_exp": 0.18001072523988026,
            "powdiff_hdi": [
                -0.3936470525743901,
                0.6977605694974172
            ],
            "powdiff_prob": 0.7366
        },
        "pval_group": 0.7900390625,
        "frac_H1_rej": 0.9090909090909091
    },
    "baseline": {
        "frac_H1_rej": 0.46153846153846156
    }
}