{
    "increase_prev": {
        "pcurve": {
            "prevdiff_exp": 0.1327138855985951,
            "prevdiff_hdi": [
                -0.3227847462756681,
                0.6206112035780709
            ],
            "prevdiff_prob": 0.691,
            "powdiff_exp": 0.1263083371923379,
            "powdiff_hdi": [
                -0.21787519304545855,
                0.4286825097442363
            ],
            "powdiff_prob": 0.8062
        },
        "binom": {
            "prevdiff_exp": 0.059642200590962854,
            "prevdiff_hdi": [
                -0.5372476920602589,
                0.6438613336255519
            ],
            "prevdiff_prob": 0.5774,
            "powdiff_exp": 0.038914915842750405,
            "powdiff_hdi": [
                -0.53679028020581,
                0.5702679956246971
            ],
            "powdiff_prob": 0.5574
        },
        "pval_group": 0.1396484375,
        "frac_H1_rej": 0.4074074074074074
    },
    "increase_pow": {
        "pcurve": {
            "prevdiff_exp": -0.13039195349023566,
            "prevdiff_hdi": [
                -0.5698789325022356,
                0.29932925075673467
            ],
            "prevdiff_prob": 0.297,
            "powdiff_exp": 0.40413089093131055,
            "powdiff_hdi": [
                0.08451615178077493,
                0.6894168557038073
            ],
            "powdiff_prob": 0.9838
        },
        "binom": {
            "prevdiff_exp": 0.143141187121877,
            "prevdiff_hdi": [
                -0.38740471006485294,
                0.6710863002707265
            ],
            "prevdiff_prob": 0.6864,
            "powdiff_exp": 0.14007552895974498,
            "powdiff_hdi": [
                -0.39332672104633926,
                0.6305774621765518
            ],
            "powdiff_prob": 0.6988
        },
        "pval_group": 0.1171875,
        "frac_H1_rej": 1.0
    },
    "baseline": {
        "frac_H1_rej": 0.5
    }
}