{
    "increase_prev": {
        "pcurve": {
            "prevdiff_exp": 0.3266538362396825,
            "prevdiff_hdi": [
                -0.0371534727673376,
                0.6400463202970403
            ],
            "prevdiff_prob": 0.9588,
            "powdiff_exp": -0.11956373928831836,
            "powdiff_hdi": [
                -0.41916827099304255,
                0.1891876017895141
            ],
            "powdiff_prob": 0.2282
        },
        "binom": {
            "prevdiff_exp": -0.024148930950021942,
            "prevdiff_hdi": [
                -0.5660792557036248,
                0.5210848114995688
            ],
            "prevdiff_prob": 0.4572,
            "powdiff_exp": -0.026930266016472575,
            "powdiff_hdi": [
                -0.5493228865594512,
                0.4887095847927414
            ],
            "powdiff_prob": 0.4648
        },
        "pval_group": 0.0419921875,
        "frac_H1_rej": 0.36666666666666664
    },
    "increase_pow": {
        "pcurve": {
            "prevdiff_exp": 0.16536934167903214,
            "prevdiff_hdi": [
                -0.1726765104203618,
                0.5052848141184089
            ],
            "prevdiff_prob": 0.8298,
            "powdiff_exp": 0.24520224745952693,
            "powdiff_hdi": [
                -0.041921260885541045,
                0.561522683066813
            ],
            "powdiff_prob": 0.9364
        },
        "binom": {
            "prevdiff_exp": 0.12355657113824711,
            "prevdiff_hdi": [
                -0.3358198695440695,
                0.5640259420688691
            ],
            "prevdiff_prob": 0.6802,
            "powdiff_exp": 0.12976132758212533,
            "powdiff_hdi": [
                -0.3168068351379164,
                0.5526565097837177
            ],
            "powdiff_prob": 0.7118
        },
        "pval_group": 0.060546875,
        "frac_H1_rej": 1.0
    },
    "baseline": {
        "frac_H1_rej": 0.6923076923076923
    }
}