{
    "increase_prev": {
        "pcurve": {
            "prevdiff_exp": 0.13464908206647172,
            "prevdiff_hdi": [
                -0.2456683930904131,
                0.5604729773122923
            ],
            "prevdiff_prob": 0.7404,
            "powdiff_exp": 0.004930142833167026,
            "powdiff_hdi": [
                -0.26294944917651614,
                0.262744177164524
            ],
            "powdiff_prob": 0.5406
        },
        "binom": {
            "prevdiff_exp": -0.09755610877681803,
            "prevdiff_hdi": [
                -0.7635827897139151,
                0.5251801550218109
            ],
            "prevdiff_prob": 0.3778,
            "powdiff_exp": -0.08700635877231405,
            "powdiff_hdi": [
                -0.7062424616109438,
                0.5204209004219931
            ],
            "powdiff_prob": 0.3804
        },
        "pval_group": 0.0048828125,
        "frac_H1_rej": 0.20689655172413793
    },
    "increase_pow": {
        "pcurve": {
            "prevdiff_exp": -0.06992677136924169,
            "prevdiff_hdi": [
                -0.4257722100269259,
                0.31783064375440634
            ],
            "prevdiff_prob": 0.3444,
            "powdiff_exp": 0.4449089530501464,
            "powdiff_hdi": [
                0.19173591647050436,
                0.700435011062126
            ],
            "powdiff_prob": 0.9976
        },
        "binom": {
            "prevdiff_exp": 0.2225439179223589,
            "prevdiff_hdi": [
                -0.27541366947633383,
                0.7070754462685598
            ],
            "prevdiff_prob": 0.7814,
            "powdiff_exp": 0.22290469570095411,
            "powdiff_hdi": [
                -0.27151688527367457,
                0.651587175030237
            ],
            "powdiff_prob": 0.7978
        },
        "pval_group": 0.1142578125,
        "frac_H1_rej": 1.0
    },
    "baseline": {
        "frac_H1_rej": 0.5833333333333334
    }
}