{
    "increase_prev": {
        "pcurve": {
            "prevdiff_exp": 0.3627842116043367,
            "prevdiff_hdi": [
                -0.11144967912019355,
                0.807554455321016
            ],
            "prevdiff_prob": 0.917,
            "powdiff_exp": 0.016542554075644093,
            "powdiff_hdi": [
                -0.38032735291226155,
                0.3695367406718415
            ],
            "powdiff_prob": 0.577
        },
        "binom": {
            "prevdiff_exp": 0.05140980079247987,
            "prevdiff_hdi": [
                -0.588132083993707,
                0.6287080382787518
            ],
            "prevdiff_prob": 0.5716,
            "powdiff_exp": 0.05888967675518645,
            "powdiff_hdi": [
                -0.5132947018203338,
                0.6198919754732876
            ],
            "powdiff_prob": 0.587
        },
        "pval_group": 0.166015625,
        "frac_H1_rej": 0.35714285714285715
    },
    "increase_pow": {
        "pcurve": {
            "prevdiff_exp": 0.2669206182010888,
            "prevdiff_hdi": [
                -0.2196330010408759,
                0.6766205567307785
            ],
            "prevdiff_prob": 0.85,
            "powdiff_exp": 0.4019358418324885,
            "powdiff_hdi": [
                0.009328686822278831,
                0.7406735751188329
            ],
            "powdiff_prob": 0.9654
        },
        "binom": {
            "prevdiff_exp": 0.26918813419885324,
            "prevdiff_hdi": [
                -0.21529067014963488,
                0.7625916713132995
            ],
            "prevdiff_prob": 0.8228,
            "powdiff_exp": 0.26953732786368073,
            "powdiff_hdi": [
                -0.21030519111386647,
                0.6957399708494545
            ],
            "powdiff_prob": 0.8374
        },
        "pval_group": 0.0224609375,
        "frac_H1_rej": 1.0
    },
    "baseline": {
        "frac_H1_rej": 0.5
    }
}