{
    "increase_prev": {
        "pcurve": {
            "prevdiff_exp": 0.30240979960108805,
            "prevdiff_hdi": [
                -0.0922546835474305,
                0.7379704968317428
            ],
            "prevdiff_prob": 0.918,
            "powdiff_exp": 0.13810804221700587,
            "powdiff_hdi": [
                -0.1802856197788265,
                0.4036190487608973
            ],
            "powdiff_prob": 0.8226
        },
        "binom": {
            "prevdiff_exp": 0.198630845170522,
            "prevdiff_hdi": [
                -0.35708615240591746,
                0.7424931583026386
            ],
            "prevdiff_prob": 0.7498,
            "powdiff_exp": 0.20289068730660423,
            "powdiff_hdi": [
                -0.3435128745420697,
                0.6837769918460008
            ],
            "powdiff_prob": 0.7638
        },
        "pval_group": 0.00390625,
        "frac_H1_rej": 0.5357142857142857
    },
    "increase_pow": {
        "pcurve": {
            "prevdiff_exp": -0.12140179676998537,
            "prevdiff_hdi": [
                -0.5816405530209086,
                0.33315554425898286
            ],
            "prevdiff_prob": 0.315,
            "powdiff_exp": 0.3441772807646405,
            "powdiff_hdi": [
                -0.026286299232694654,
                0.6826749024230385
            ],
            "powdiff_prob": 0.9578
        },
        "binom": {
            "prevdiff_exp": 0.0823756824917832,
            "prevdiff_hdi": [
                -0.551672919939673,
                0.6629496040432425
            ],
            "prevdiff_prob": 0.6132,
            "powdiff_exp": 0.08810240274190169,
            "powdiff_hdi": [
                -0.5108181897673101,
                0.6373444349495678
            ],
            "powdiff_prob": 0.6238
        },
        "pval_group": 0.1953125,
        "frac_H1_rej": 0.9090909090909091
    },
    "baseline": {
        "frac_H1_rej": 0.6363636363636364
    }
}