{
    "increase_prev": {
        "pcurve": {
            "prevdiff_exp": 0.2904777943603336,
            "prevdiff_hdi": [
                -0.08124791731757885,
                0.7108795650230694
            ],
            "prevdiff_prob": 0.9252,
            "powdiff_exp": 0.11936617809122745,
            "powdiff_hdi": [
                -0.18613894939296588,
                0.38500233276130313
            ],
            "powdiff_prob": 0.8134
        },
        "binom": {
            "prevdiff_exp": 0.23539055343964366,
            "prevdiff_hdi": [
                -0.3895634657335083,
                0.8322231647154883
            ],
            "prevdiff_prob": 0.7636,
            "powdiff_exp": 0.2210875812034932,
            "powdiff_hdi": [
                -0.39070904803429296,
                0.7636319710329034
            ],
            "powdiff_prob": 0.7692
        },
        "pval_group": 0.0048828125,
        "frac_H1_rej": 0.4482758620689655
    },
    "increase_pow": {
        "pcurve": {
            "prevdiff_exp": 0.004967179980820448,
            "prevdiff_hdi": [
                -0.39716961925218663,
                0.4834520364707245
            ],
            "prevdiff_prob": 0.486,
            "powdiff_exp": 0.3571021852576286,
            "powdiff_hdi": [
                0.03400024445164501,
                0.6787510216157046
            ],
            "powdiff_prob": 0.9678
        },
        "binom": {
            "prevdiff_exp": 0.296811048388815,
            "prevdiff_hdi": [
                -0.30393763894889625,
                0.8116745479373222
            ],
            "prevdiff_prob": 0.8226,
            "powdiff_exp": 0.28640629614376445,
            "powdiff_hdi": [
                -0.3029142041077365,
                0.7849565289772671
            ],
            "powdiff_prob": 0.8232
        },
        "pval_group": 0.5458984375,
        "frac_H1_rej": 1.0
    },
    "baseline": {
        "frac_H1_rej": 0.38461538461538464
    }
}