{
    "increase_prev": {
        "pcurve": {
            "prevdiff_exp": 0.2499515758031387,
            "prevdiff_hdi": [
                -0.18029623211389068,
                0.6902660324260107
            ],
            "prevdiff_prob": 0.8664,
            "powdiff_exp": 0.14885281632843453,
            "powdiff_hdi": [
                -0.15240549855062935,
                0.4197637016022021
            ],
            "powdiff_prob": 0.86
        },
        "binom": {
            "prevdiff_exp": 0.24069729589869504,
            "prevdiff_hdi": [
                -0.3410728119937153,
                0.7668833485590058
            ],
            "prevdiff_prob": 0.7808,
            "powdiff_exp": 0.22708188773205903,
            "powdiff_hdi": [
                -0.3226554230284957,
                0.7416846982553135
            ],
            "powdiff_prob": 0.779
        },
        "pval_group": 0.0078125,
        "frac_H1_rej": 0.5172413793103449
    },
    "increase_pow": {
        "pcurve": {
            "prevdiff_exp": -0.12106215651531733,
            "prevdiff_hdi": [
                -0.5737267751063506,
                0.32341764287916147
            ],
            "prevdiff_prob": 0.3038,
            "powdiff_exp": 0.42536223565328574,
            "powdiff_hdi": [
                0.09384004633904297,
                0.7184190228201583
            ],
            "powdiff_prob": 0.9864
        },
        "binom": {
            "prevdiff_exp": 0.18134724031780283,
            "prevdiff_hdi": [
                -0.41085524822389996,
                0.7829015215454744
            ],
            "prevdiff_prob": 0.7148,
            "powdiff_exp": 0.15285154063153705,
            "powdiff_hdi": [
                -0.44046063338073094,
                0.694930345960663
            ],
            "powdiff_prob": 0.7082
        },
        "pval_group": 0.822265625,
        "frac_H1_rej": 0.9230769230769231
    },
    "baseline": {
        "frac_H1_rej": 0.38461538461538464
    }
}