{
    "increase_prev": {
        "pcurve": {
            "prevdiff_exp": 0.3037999511105252,
            "prevdiff_hdi": [
                -0.0808535521339705,
                0.7284261889683151
            ],
            "prevdiff_prob": 0.909,
            "powdiff_exp": 0.15144254196920384,
            "powdiff_hdi": [
                -0.15841031585284848,
                0.4377284800247657
            ],
            "powdiff_prob": 0.8446
        },
        "binom": {
            "prevdiff_exp": 0.2226889895403626,
            "prevdiff_hdi": [
                -0.3605755328540975,
                0.7810150693148055
            ],
            "prevdiff_prob": 0.7698,
            "powdiff_exp": 0.20430179306025814,
            "powdiff_hdi": [
                -0.3659388742499372,
                0.7235969266582232
            ],
            "powdiff_prob": 0.7584
        },
        "pval_group": 0.0048828125,
        "frac_H1_rej": 0.4666666666666667
    },
    "increase_pow": {
        "pcurve": {
            "prevdiff_exp": 0.07218083456458671,
            "prevdiff_hdi": [
                -0.34624711066323877,
                0.5179299860102988
            ],
            "prevdiff_prob": 0.6024,
            "powdiff_exp": 0.4721086926287242,
            "powdiff_hdi": [
                0.15834961989024154,
                0.7455276522748373
            ],
            "powdiff_prob": 0.9924
        },
        "binom": {
            "prevdiff_exp": 0.34222046662632966,
            "prevdiff_hdi": [
                -0.18904787736612827,
                0.8159634310143895
            ],
            "prevdiff_prob": 0.8672,
            "powdiff_exp": 0.32294125427585074,
            "powdiff_hdi": [
                -0.19423074264723006,
                0.7798522514122804
            ],
            "powdiff_prob": 0.8648
        },
        "pval_group": 0.0146484375,
        "frac_H1_rej": 1.0
    },
    "baseline": {
        "frac_H1_rej": 0.3125
    }
}