{
    "increase_prev": {
        "pcurve": {
            "prevdiff_exp": 0.05662597475873737,
            "prevdiff_hdi": [
                -0.18508797725220094,
                0.3283680498007133
            ],
            "prevdiff_prob": 0.6548,
            "powdiff_exp": 0.191685449065499,
            "powdiff_hdi": [
                -0.006447400837810369,
                0.3979292912280161
            ],
            "powdiff_prob": 0.9646
        },
        "binom": {
            "prevdiff_exp": 0.26180094620942884,
            "prevdiff_hdi": [
                -0.3047039655365804,
                0.7948452577293971
            ],
            "prevdiff_prob": 0.8082,
            "powdiff_exp": 0.24532944018015146,
            "powdiff_hdi": [
                -0.28797136276548246,
                0.7443072011273018
            ],
            "powdiff_prob": 0.8018
        },
        "pval_group": 0.0029296875,
        "frac_H1_rej": 0.5333333333333333
    },
    "increase_pow": {
        "pcurve": {
            "prevdiff_exp": -0.24876671223193617,
            "prevdiff_hdi": [
                -0.5983249561557125,
                0.11433884303774677
            ],
            "prevdiff_prob": 0.0904,
            "powdiff_exp": 0.23296574624361732,
            "powdiff_hdi": [
                -0.03932834270799468,
                0.5178040188418884
            ],
            "powdiff_prob": 0.9456
        },
        "binom": {
            "prevdiff_exp": 0.12444213321995623,
            "prevdiff_hdi": [
                -0.4981916736341053,
                0.7353036702573679
            ],
            "prevdiff_prob": 0.6566,
            "powdiff_exp": 0.11229360316735647,
            "powdiff_hdi": [
                -0.47725614413824463,
                0.6833486727929745
            ],
            "powdiff_prob": 0.6448
        },
        "pval_group": 0.7373046875,
        "frac_H1_rej": 1.0
    },
    "baseline": {
        "frac_H1_rej": 0.35714285714285715
    }
}