{
    "increase_prev": {
        "pcurve": {
            "prevdiff_exp": 0.46717415710359655,
            "prevdiff_hdi": [
                -0.05926564454024641,
                0.9408799833246011
            ],
            "prevdiff_prob": 0.9294,
            "powdiff_exp": 0.3227539351996609,
            "powdiff_hdi": [
                -0.050349541650614005,
                0.5980081535117895
            ],
            "powdiff_prob": 0.942
        },
        "binom": {
            "prevdiff_exp": 0.3586875463569122,
            "prevdiff_hdi": [
                -0.2786901893190107,
                0.9227292184626726
            ],
            "prevdiff_prob": 0.8464,
            "powdiff_exp": 0.3877397227402072,
            "powdiff_hdi": [
                -0.22916193388645412,
                0.9269360705391537
            ],
            "powdiff_prob": 0.8784
        },
        "pval_group": 0.0009765625,
        "frac_H1_rej": 0.4827586206896552
    },
    "increase_pow": {
        "pcurve": {
            "prevdiff_exp": 0.31878070033942546,
            "prevdiff_hdi": [
                -0.23824384167852508,
                0.7957681576860656
            ],
            "prevdiff_prob": 0.826,
            "powdiff_exp": 0.599069614358006,
            "powdiff_hdi": [
                0.2515228685792599,
                0.8492069254913562
            ],
            "powdiff_prob": 0.982
        },
        "binom": {
            "prevdiff_exp": 0.4782190234428792,
            "prevdiff_hdi": [
                -0.11303869543235423,
                0.9436333453842124
            ],
            "prevdiff_prob": 0.9128,
            "powdiff_exp": 0.5063791839557998,
            "powdiff_hdi": [
                -0.07780777539843964,
                0.9389259674835794
            ],
            "powdiff_prob": 0.9276
        },
        "pval_group": 0.0009765625,
        "frac_H1_rej": 0.9473684210526315
    },
    "baseline": {
        "frac_H1_rej": 0.1111111111111111
    }
}