{
    "increase_prev": {
        "pcurve": {
            "prevdiff_exp": 0.18093360100223593,
            "prevdiff_hdi": [
                -0.24556942768591195,
                0.6056123856018012
            ],
            "prevdiff_prob": 0.7894,
            "powdiff_exp": 0.1283950507191345,
            "powdiff_hdi": [
                -0.17020457295802482,
                0.41704295878035275
            ],
            "powdiff_prob": 0.8238
        },
        "binom": {
            "prevdiff_exp": 0.05140980079247987,
            "prevdiff_hdi": [
                -0.588132083993707,
                0.6287080382787518
            ],
            "prevdiff_prob": 0.5716,
            "powdiff_exp": 0.05888967675518645,
            "powdiff_hdi": [
                -0.5132947018203338,
                0.6198919754732876
            ],
            "powdiff_prob": 0.587
        },
        "pval_group": 0.03125,
        "frac_H1_rej": 0.35714285714285715
    },
    "increase_pow": {
        "pcurve": {
            "prevdiff_exp": -0.08948418951242736,
            "prevdiff_hdi": [
                -0.5581697540236346,
                0.4022714116135622
            ],
            "prevdiff_prob": 0.3446,
            "powdiff_exp": 0.2546457968205451,
            "powdiff_hdi": [
                -0.12442081899216689,
                0.603552572503308
            ],
            "powdiff_prob": 0.9098
        },
        "binom": {
            "prevdiff_exp": 0.10831490789032648,
            "prevdiff_hdi": [
                -0.5019099045829167,
                0.6588128193176792
            ],
            "prevdiff_prob": 0.6384,
            "powdiff_exp": 0.09944761421936701,
            "powdiff_hdi": [
                -0.46053350532630905,
                0.6248992146799097
            ],
            "powdiff_prob": 0.6358
        },
        "pval_group": 0.048828125,
        "frac_H1_rej": 0.8571428571428571
    },
    "baseline": {
        "frac_H1_rej": 0.6153846153846154
    }
}