{
    "increase_prev": {
        "pcurve": {
            "prevdiff_exp": 0.4598452606364145,
            "prevdiff_hdi": [
                0.06563005385773912,
                0.8128809885174275
            ],
            "prevdiff_prob": 0.9796,
            "powdiff_exp": 0.07766514485580289,
            "powdiff_hdi": [
                -0.30194287589042107,
                0.4539296865885336
            ],
            "powdiff_prob": 0.6462
        },
        "binom": {
            "prevdiff_exp": 0.1676649634712187,
            "prevdiff_hdi": [
                -0.40451892741105544,
                0.6857561374020695
            ],
            "prevdiff_prob": 0.7238,
            "powdiff_exp": 0.17367796131988902,
            "powdiff_hdi": [
                -0.33026957917358235,
                0.6876691878359391
            ],
            "powdiff_prob": 0.7338
        },
        "pval_group": 0.0087890625,
        "frac_H1_rej": 0.5172413793103449
    },
    "increase_pow": {
        "pcurve": {
            "prevdiff_exp": -0.029403728113051933,
            "prevdiff_hdi": [
                -0.4449598112802582,
                0.3557738399312928
            ],
            "prevdiff_prob": 0.4728,
            "powdiff_exp": 0.24964439130975694,
            "powdiff_hdi": [
                -0.14655101755263034,
                0.688332285513484
            ],
            "powdiff_prob": 0.8652
        },
        "binom": {
            "prevdiff_exp": 0.05140980079247987,
            "prevdiff_hdi": [
                -0.588132083993707,
                0.6287080382787518
            ],
            "prevdiff_prob": 0.5716,
            "powdiff_exp": 0.05888967675518645,
            "powdiff_hdi": [
                -0.5132947018203338,
                0.6198919754732876
            ],
            "powdiff_prob": 0.587
        },
        "pval_group": 0.8251953125,
        "frac_H1_rej": 0.9090909090909091
    },
    "baseline": {
        "frac_H1_rej": 0.5384615384615384
    }
}