{
    "increase_prev": {
        "pcurve": {
            "prevdiff_exp": 0.18436799790432865,
            "prevdiff_hdi": [
                -0.2154251506713707,
                0.6597634067977468
            ],
            "prevdiff_prob": 0.762,
            "powdiff_exp": 0.2969776811950132,
            "powdiff_hdi": [
                0.026359246974515138,
                0.545781347043238
            ],
            "powdiff_prob": 0.972
        },
        "binom": {
            "prevdiff_exp": 0.3129470726300418,
            "prevdiff_hdi": [
                -0.2942382312327132,
                0.8330186748847063
            ],
            "prevdiff_prob": 0.835,
            "powdiff_exp": 0.3135087874880802,
            "powdiff_hdi": [
                -0.25540657363523656,
                0.8309854336949258
            ],
            "powdiff_prob": 0.8376
        },
        "pval_group": 0.0029296875,
        "frac_H1_rej": 0.6071428571428571
    },
    "increase_pow": {
        "pcurve": {
            "prevdiff_exp": -0.11145339679316467,
            "prevdiff_hdi": [
                -0.5696951592224223,
                0.34429107373386414
            ],
            "prevdiff_prob": 0.3134,
            "powdiff_exp": 0.4465348617555572,
            "powdiff_hdi": [
                0.16485868880249555,
                0.7363083776396793
            ],
            "powdiff_prob": 0.9918
        },
        "binom": {
            "prevdiff_exp": 0.25769909171974875,
            "prevdiff_hdi": [
                -0.37303199111269214,
                0.8166293287071859
            ],
            "prevdiff_prob": 0.7928,
            "powdiff_exp": 0.2453786490238711,
            "powdiff_hdi": [
                -0.34456291192190425,
                0.771228693050741
            ],
            "powdiff_prob": 0.7932
        },
        "pval_group": 0.482421875,
        "frac_H1_rej": 1.0
    },
    "baseline": {
        "frac_H1_rej": 0.3333333333333333
    }
}