{
    "increase_prev": {
        "pcurve": {
            "prevdiff_exp": 0.28917817003948526,
            "prevdiff_hdi": [
                -0.05013822513331678,
                0.628574490898849
            ],
            "prevdiff_prob": 0.9494,
            "powdiff_exp": 0.09211307587887431,
            "powdiff_hdi": [
                -0.19719501632335823,
                0.37739281893349824
            ],
            "powdiff_prob": 0.7446
        },
        "binom": {
            "prevdiff_exp": 0.024148930950021942,
            "prevdiff_hdi": [
                -0.5210848114995688,
                0.5660792557036248
            ],
            "prevdiff_prob": 0.5428,
            "powdiff_exp": 0.026930266016472575,
            "powdiff_hdi": [
                -0.4887095847927414,
                0.5493228865594512
            ],
            "powdiff_prob": 0.5352
        },
        "pval_group": 0.0068359375,
        "frac_H1_rej": 0.4
    },
    "increase_pow": {
        "pcurve": {
            "prevdiff_exp": -0.12472067765090815,
            "prevdiff_hdi": [
                -0.5181506548515464,
                0.24412825232012747
            ],
            "prevdiff_prob": 0.2762,
            "powdiff_exp": 0.36930823684644515,
            "powdiff_hdi": [
                0.05184139444897484,
                0.6550945707998257
            ],
            "powdiff_prob": 0.982
        },
        "binom": {
            "prevdiff_exp": 0.08349898653091416,
            "prevdiff_hdi": [
                -0.42967454664218535,
                0.5774135488198915
            ],
            "prevdiff_prob": 0.6206,
            "powdiff_exp": 0.10116061311699458,
            "powdiff_hdi": [
                -0.38744821883804315,
                0.5545241342460974
            ],
            "powdiff_prob": 0.6596
        },
        "pval_group": 0.708984375,
        "frac_H1_rej": 1.0
    },
    "baseline": {
        "frac_H1_rej": 0.6153846153846154
    }
}