{
    "increase_prev": {
        "pcurve": {
            "prevdiff_exp": 0.35704556677884286,
            "prevdiff_hdi": [
                -0.11739350194276921,
                0.8588500202835772
            ],
            "prevdiff_prob": 0.8912,
            "powdiff_exp": 0.28260297496925735,
            "powdiff_hdi": [
                -0.0062779893025579625,
                0.5499541229683687
            ],
            "powdiff_prob": 0.9562
        },
        "binom": {
            "prevdiff_exp": 0.3586875463569122,
            "prevdiff_hdi": [
                -0.2786901893190107,
                0.9227292184626726
            ],
            "prevdiff_prob": 0.8464,
            "powdiff_exp": 0.3877397227402072,
            "powdiff_hdi": [
                -0.22916193388645412,
                0.9269360705391537
            ],
            "powdiff_prob": 0.8784
        },
        "pval_group": 0.001953125,
        "frac_H1_rej": 0.4827586206896552
    },
    "increase_pow": {
        "pcurve": {
            "prevdiff_exp": -0.09913772550847598,
            "prevdiff_hdi": [
                -0.607398585913129,
                0.4237623602926894
            ],
            "prevdiff_prob": 0.3768,
            "powdiff_exp": 0.5300340686625735,
            "powdiff_hdi": [
                0.203209814610738,
                0.8233536419094448
            ],
            "powdiff_prob": 0.989
        },
        "binom": {
            "prevdiff_exp": 0.2931968661843305,
            "prevdiff_hdi": [
                -0.379367176254044,
                0.928875882764872
            ],
            "prevdiff_prob": 0.8012,
            "powdiff_exp": 0.30935920429501346,
            "powdiff_hdi": [
                -0.3408786976646129,
                0.9044734160502043
            ],
            "powdiff_prob": 0.8322
        },
        "pval_group": 0.6591796875,
        "frac_H1_rej": 0.9166666666666666
    },
    "baseline": {
        "frac_H1_rej": 0.1
    }
}