{
    "increase_prev": {
        "pcurve": {
            "prevdiff_exp": 0.4726426593794662,
            "prevdiff_hdi": [
                0.0028200106972601224,
                0.8324909100191297
            ],
            "prevdiff_prob": 0.9682,
            "powdiff_exp": 0.09079067018187234,
            "powdiff_hdi": [
                -0.31240415059303567,
                0.46231069795268587
            ],
            "powdiff_prob": 0.6654
        },
        "binom": {
            "prevdiff_exp": 0.18062253881218956,
            "prevdiff_hdi": [
                -0.3789316948430904,
                0.7234811371995367
            ],
            "prevdiff_prob": 0.722,
            "powdiff_exp": 0.1801105926348034,
            "powdiff_hdi": [
                -0.411696681371733,
                0.6611925403527096
            ],
            "powdiff_prob": 0.7364
        },
        "pval_group": 0.001953125,
        "frac_H1_rej": 0.4666666666666667
    },
    "increase_pow": {
        "pcurve": {
            "prevdiff_exp": 0.17173562295278838,
            "prevdiff_hdi": [
                -0.320766084699872,
                0.5546899500413002
            ],
            "prevdiff_prob": 0.773,
            "powdiff_exp": 0.3532925361557941,
            "powdiff_hdi": [
                -0.04542884856983709,
                0.7342894991591684
            ],
            "powdiff_prob": 0.9366
        },
        "binom": {
            "prevdiff_exp": 0.21973449548125581,
            "prevdiff_hdi": [
                -0.30980099292335084,
                0.7544558410625096
            ],
            "prevdiff_prob": 0.77,
            "powdiff_exp": 0.22113823975469668,
            "powdiff_hdi": [
                -0.30797679955732404,
                0.7019687913977307
            ],
            "powdiff_prob": 0.7838
        },
        "pval_group": 0.00390625,
        "frac_H1_rej": 0.9411764705882353
    },
    "baseline": {
        "frac_H1_rej": 0.6363636363636364
    }
}