{
    "increase_prev": {
        "pcurve": {
            "prevdiff_exp": 0.43596548032683624,
            "prevdiff_hdi": [
                -0.0349176059239783,
                0.8627268760825372
            ],
            "prevdiff_prob": 0.9482,
            "powdiff_exp": 0.06863622054764629,
            "powdiff_hdi": [
                -0.30322668512067696,
                0.3963745046395982
            ],
            "powdiff_prob": 0.6736
        },
        "binom": {
            "prevdiff_exp": 0.07303233242747637,
            "prevdiff_hdi": [
                -0.5623338333113961,
                0.7529875624528684
            ],
            "prevdiff_prob": 0.6,
            "powdiff_exp": 0.05340392641217003,
            "powdiff_hdi": [
                -0.5722234246978164,
                0.6843850638509389
            ],
            "powdiff_prob": 0.5692
        },
        "pval_group": 0.01171875,
        "frac_H1_rej": 0.2962962962962963
    },
    "increase_pow": {
        "pcurve": {
            "prevdiff_exp": 0.049180020121036346,
            "prevdiff_hdi": [
                -0.4715345247977308,
                0.4963575321973336
            ],
            "prevdiff_prob": 0.6,
            "powdiff_exp": 0.31313379449028417,
            "powdiff_hdi": [
                -0.12069695140023007,
                0.7160645691114298
            ],
            "powdiff_prob": 0.9056
        },
        "binom": {
            "prevdiff_exp": 0.1571983093677809,
            "prevdiff_hdi": [
                -0.4867250936871952,
                0.7270621900660879
            ],
            "prevdiff_prob": 0.6946,
            "powdiff_exp": 0.12592127461506447,
            "powdiff_hdi": [
                -0.479039484569405,
                0.6889912720634819
            ],
            "powdiff_prob": 0.678
        },
        "pval_group": 0.3505859375,
        "frac_H1_rej": 0.9166666666666666
    },
    "baseline": {
        "frac_H1_rej": 0.5454545454545454
    }
}