{
    "increase_prev": {
        "pcurve": {
            "prevdiff_exp": 0.20856151488385932,
            "prevdiff_hdi": [
                -0.16311624370715627,
                0.6430299202835832
            ],
            "prevdiff_prob": 0.8318,
            "powdiff_exp": 0.2545514254437575,
            "powdiff_hdi": [
                -0.011802645437144044,
                0.5063490861384041
            ],
            "powdiff_prob": 0.964
        },
        "binom": {
            "prevdiff_exp": 0.296811048388815,
            "prevdiff_hdi": [
                -0.30393763894889625,
                0.8116745479373222
            ],
            "prevdiff_prob": 0.8226,
            "powdiff_exp": 0.28640629614376445,
            "powdiff_hdi": [
                -0.3029142041077365,
                0.7849565289772671
            ],
            "powdiff_prob": 0.8232
        },
        "pval_group": 0.001953125,
        "frac_H1_rej": 0.5333333333333333
    },
    "increase_pow": {
        "pcurve": {
            "prevdiff_exp": -0.2011004429579415,
            "prevdiff_hdi": [
                -0.6166690065592169,
                0.25250507350963386
            ],
            "prevdiff_prob": 0.1978,
            "powdiff_exp": 0.38211629566221317,
            "powdiff_hdi": [
                0.042259431637963474,
                0.6804365070068601
            ],
            "powdiff_prob": 0.9834
        },
        "binom": {
            "prevdiff_exp": 0.19220841154716706,
            "prevdiff_hdi": [
                -0.4019318782099181,
                0.8467984729501401
            ],
            "prevdiff_prob": 0.7244,
            "powdiff_exp": 0.16699813057867743,
            "powdiff_hdi": [
                -0.4660747850865876,
                0.7368521305563903
            ],
            "powdiff_prob": 0.716
        },
        "pval_group": 0.6982421875,
        "frac_H1_rej": 1.0
    },
    "baseline": {
        "frac_H1_rej": 0.38461538461538464
    }
}