{
    "increase_prev": {
        "pcurve": {
            "prevdiff_exp": 0.3038699979338844,
            "prevdiff_hdi": [
                -0.10225159621171587,
                0.6563102541541368
            ],
            "prevdiff_prob": 0.928,
            "powdiff_exp": 0.13609660041695243,
            "powdiff_hdi": [
                -0.16970349166422694,
                0.41890681147559156
            ],
            "powdiff_prob": 0.8054
        },
        "binom": {
            "prevdiff_exp": 0.2226889895403626,
            "prevdiff_hdi": [
                -0.3605755328540975,
                0.7810150693148055
            ],
            "prevdiff_prob": 0.7698,
            "powdiff_exp": 0.20430179306025814,
            "powdiff_hdi": [
                -0.3659388742499372,
                0.7235969266582232
            ],
            "powdiff_prob": 0.7584
        },
        "pval_group": 0.0048828125,
        "frac_H1_rej": 0.4666666666666667
    },
    "increase_pow": {
        "pcurve": {
            "prevdiff_exp": -0.02459938193699993,
            "prevdiff_hdi": [
                -0.5321275416988832,
                0.46107764009006424
            ],
            "prevdiff_prob": 0.4644,
            "powdiff_exp": 0.19128607126000038,
            "powdiff_hdi": [
                -0.20241769293175665,
                0.5950938510810401
            ],
            "powdiff_prob": 0.8116
        },
        "binom": {
            "prevdiff_exp": 0.12444213321995623,
            "prevdiff_hdi": [
                -0.4981916736341053,
                0.7353036702573679
            ],
            "prevdiff_prob": 0.6566,
            "powdiff_exp": 0.11229360316735647,
            "powdiff_hdi": [
                -0.47725614413824463,
                0.6833486727929745
            ],
            "powdiff_prob": 0.6448
        },
        "pval_group": 0.5615234375,
        "frac_H1_rej": 0.9
    },
    "baseline": {
        "frac_H1_rej": 0.5
    }
}