{
    "increase_prev": {
        "pcurve": {
            "prevdiff_exp": 0.2570066997635588,
            "prevdiff_hdi": [
                -0.08856961014824638,
                0.6412252121061491
            ],
            "prevdiff_prob": 0.915,
            "powdiff_exp": 0.11532434936249658,
            "powdiff_hdi": [
                -0.15615062741788405,
                0.36482852979298064
            ],
            "powdiff_prob": 0.8136
        },
        "binom": {
            "prevdiff_exp": 0.0823756824917832,
            "prevdiff_hdi": [
                -0.551672919939673,
                0.6629496040432425
            ],
            "prevdiff_prob": 0.6132,
            "powdiff_exp": 0.08810240274190169,
            "powdiff_hdi": [
                -0.5108181897673101,
                0.6373444349495678
            ],
            "powdiff_prob": 0.6238
        },
        "pval_group": 0.001953125,
        "frac_H1_rej": 0.3333333333333333
    },
    "increase_pow": {
        "pcurve": {
            "prevdiff_exp": -0.03591528807558447,
            "prevdiff_hdi": [
                -0.44613167523479896,
                0.390813996657923
            ],
            "prevdiff_prob": 0.4262,
            "powdiff_exp": 0.28642577982629547,
            "powdiff_hdi": [
                -0.0512400500757032,
                0.5763443147846967
            ],
            "powdiff_prob": 0.951
        },
        "binom": {
            "prevdiff_exp": 0.13928078958962978,
            "prevdiff_hdi": [
                -0.43925150533188306,
                0.7378011009685618
            ],
            "prevdiff_prob": 0.6808,
            "powdiff_exp": 0.12866034020608225,
            "powdiff_hdi": [
                -0.43529067522658765,
                0.6778648915381699
            ],
            "powdiff_prob": 0.68
        },
        "pval_group": 0.6982421875,
        "frac_H1_rej": 0.8571428571428571
    },
    "baseline": {
        "frac_H1_rej": 0.5
    }
}