{
    "increase_prev": {
        "pcurve": {
            "prevdiff_exp": 0.031572260843286314,
            "prevdiff_hdi": [
                -0.29554996753527407,
                0.36027200078604604
            ],
            "prevdiff_prob": 0.553,
            "powdiff_exp": 0.1411593927075589,
            "powdiff_hdi": [
                -0.07893471187348683,
                0.3664422163709688
            ],
            "powdiff_prob": 0.8924
        },
        "binom": {
            "prevdiff_exp": 0.1571983093677809,
            "prevdiff_hdi": [
                -0.4867250936871952,
                0.7270621900660879
            ],
            "prevdiff_prob": 0.6946,
            "powdiff_exp": 0.12592127461506447,
            "powdiff_hdi": [
                -0.479039484569405,
                0.6889912720634819
            ],
            "powdiff_prob": 0.678
        },
        "pval_group": 0.0126953125,
        "frac_H1_rej": 0.3793103448275862
    },
    "increase_pow": {
        "pcurve": {
            "prevdiff_exp": -0.177814668868611,
            "prevdiff_hdi": [
                -0.4556026233103166,
                0.18335848359681917
            ],
            "prevdiff_prob": 0.139,
            "powdiff_exp": 0.4775937358094305,
            "powdiff_hdi": [
                0.24871730058382546,
                0.6847134644691512
            ],
            "powdiff_prob": 0.9998
        },
        "binom": {
            "prevdiff_exp": 0.2779369704506556,
            "prevdiff_hdi": [
                -0.2737774460728357,
                0.8092702994395001
            ],
            "prevdiff_prob": 0.817,
            "powdiff_exp": 0.2724319315244672,
            "powdiff_hdi": [
                -0.28101156148382767,
                0.7540020273771277
            ],
            "powdiff_prob": 0.8242
        },
        "pval_group": 0.0390625,
        "frac_H1_rej": 0.9444444444444444
    },
    "baseline": {
        "frac_H1_rej": 0.35294117647058826
    }
}