{
    "increase_prev": {
        "pcurve": {
            "prevdiff_exp": 0.3647380833258474,
            "prevdiff_hdi": [
                -0.047449607098961066,
                0.7615434267631772
            ],
            "prevdiff_prob": 0.9528,
            "powdiff_exp": 0.2097872469085638,
            "powdiff_hdi": [
                -0.15094064364610388,
                0.4861438350537728
            ],
            "powdiff_prob": 0.8842
        },
        "binom": {
            "prevdiff_exp": 0.2226889895403626,
            "prevdiff_hdi": [
                -0.3605755328540975,
                0.7810150693148055
            ],
            "prevdiff_prob": 0.7698,
            "powdiff_exp": 0.20430179306025814,
            "powdiff_hdi": [
                -0.3659388742499372,
                0.7235969266582232
            ],
            "powdiff_prob": 0.7584
        },
        "pval_group": 0.0009765625,
        "frac_H1_rej": 0.4666666666666667
    },
    "increase_pow": {
        "pcurve": {
            "prevdiff_exp": -0.10699338986587424,
            "prevdiff_hdi": [
                -0.5629754069238737,
                0.3813873112224521
            ],
            "prevdiff_prob": 0.3426,
            "powdiff_exp": 0.3125689063163973,
            "powdiff_hdi": [
                -0.09403121735586206,
                0.686897087484774
            ],
            "powdiff_prob": 0.9244
        },
        "binom": {
            "prevdiff_exp": 0.1571983093677809,
            "prevdiff_hdi": [
                -0.4867250936871952,
                0.7270621900660879
            ],
            "prevdiff_prob": 0.6946,
            "powdiff_exp": 0.12592127461506447,
            "powdiff_hdi": [
                -0.479039484569405,
                0.6889912720634819
            ],
            "powdiff_prob": 0.678
        },
        "pval_group": 0.6416015625,
        "frac_H1_rej": 1.0
    },
    "baseline": {
        "frac_H1_rej": 0.6666666666666666
    }
}