{
    "increase_prev": {
        "pcurve": {
            "prevdiff_exp": 0.285764699151962,
            "prevdiff_hdi": [
                -0.1326927605049153,
                0.7650705474753943
            ],
            "prevdiff_prob": 0.8808,
            "powdiff_exp": 0.29335870176814044,
            "powdiff_hdi": [
                0.04629217275423342,
                0.5185574493286943
            ],
            "powdiff_prob": 0.976
        },
        "binom": {
            "prevdiff_exp": 0.3586875463569122,
            "prevdiff_hdi": [
                -0.2786901893190107,
                0.9227292184626726
            ],
            "prevdiff_prob": 0.8464,
            "powdiff_exp": 0.3877397227402072,
            "powdiff_hdi": [
                -0.22916193388645412,
                0.9269360705391537
            ],
            "powdiff_prob": 0.8784
        },
        "pval_group": 0.005859375,
        "frac_H1_rej": 0.5
    },
    "increase_pow": {
        "pcurve": {
            "prevdiff_exp": 0.02670329855236382,
            "prevdiff_hdi": [
                -0.41163198819651226,
                0.5471644827233716
            ],
            "prevdiff_prob": 0.5056,
            "powdiff_exp": 0.47575059456061675,
            "powdiff_hdi": [
                0.2172301343168912,
                0.7286767202503681
            ],
            "powdiff_prob": 0.9926
        },
        "binom": {
            "prevdiff_exp": 0.4560985835157266,
            "prevdiff_hdi": [
                -0.15226178448186878,
                0.9386685676924953
            ],
            "prevdiff_prob": 0.9,
            "powdiff_exp": 0.4933489841532172,
            "powdiff_hdi": [
                -0.08788366526887426,
                0.9417812154070385
            ],
            "powdiff_prob": 0.9268
        },
        "pval_group": 0.015625,
        "frac_H1_rej": 1.0
    },
    "baseline": {
        "frac_H1_rej": 0.18181818181818182
    }
}