{
    "increase_prev": {
        "pcurve": {
            "prevdiff_exp": 0.10504464248979603,
            "prevdiff_hdi": [
                -0.24972324244253075,
                0.4910633828721495
            ],
            "prevdiff_prob": 0.6842,
            "powdiff_exp": 0.24012664958549193,
            "powdiff_hdi": [
                -0.01227588318829409,
                0.48574878268869837
            ],
            "powdiff_prob": 0.9618
        },
        "binom": {
            "prevdiff_exp": 0.198630845170522,
            "prevdiff_hdi": [
                -0.35708615240591746,
                0.7424931583026386
            ],
            "prevdiff_prob": 0.7498,
            "powdiff_exp": 0.20289068730660423,
            "powdiff_hdi": [
                -0.3435128745420697,
                0.6837769918460008
            ],
            "powdiff_prob": 0.7638
        },
        "pval_group": 0.0009765625,
        "frac_H1_rej": 0.5
    },
    "increase_pow": {
        "pcurve": {
            "prevdiff_exp": -0.13121647319950658,
            "prevdiff_hdi": [
                -0.5259444700076681,
                0.29572979561579515
            ],
            "prevdiff_prob": 0.2546,
            "powdiff_exp": 0.4182301788690389,
            "powdiff_hdi": [
                0.12848596080947539,
                0.6677741203435827
            ],
            "powdiff_prob": 0.9954
        },
        "binom": {
            "prevdiff_exp": 0.18062253881218956,
            "prevdiff_hdi": [
                -0.3789316948430904,
                0.7234811371995367
            ],
            "prevdiff_prob": 0.722,
            "powdiff_exp": 0.1801105926348034,
            "powdiff_hdi": [
                -0.411696681371733,
                0.6611925403527096
            ],
            "powdiff_prob": 0.7364
        },
        "pval_group": 0.2890625,
        "frac_H1_rej": 1.0
    },
    "baseline": {
        "frac_H1_rej": 0.45454545454545453
    }
}