{
    "increase_prev": {
        "pcurve": {
            "prevdiff_exp": 0.310864725718368,
            "prevdiff_hdi": [
                -0.026450593425619284,
                0.6751096444613874
            ],
            "prevdiff_prob": 0.9554,
            "powdiff_exp": 0.08735654208966312,
            "powdiff_hdi": [
                -0.2366293720239404,
                0.354397975200106
            ],
            "powdiff_prob": 0.7398
        },
        "binom": {
            "prevdiff_exp": 0.0268860244431382,
            "prevdiff_hdi": [
                -0.550831554498189,
                0.6035178722204599
            ],
            "prevdiff_prob": 0.5378,
            "powdiff_exp": 0.025287244395042426,
            "powdiff_hdi": [
                -0.5496732157516877,
                0.5806730655455874
            ],
            "powdiff_prob": 0.539
        },
        "pval_group": 0.0244140625,
        "frac_H1_rej": 0.35714285714285715
    },
    "increase_pow": {
        "pcurve": {
            "prevdiff_exp": -0.07266593477575722,
            "prevdiff_hdi": [
                -0.4959474266361288,
                0.3188611656192925
            ],
            "prevdiff_prob": 0.3642,
            "powdiff_exp": 0.3738568565162878,
            "powdiff_hdi": [
                0.039082901200353626,
                0.6710541834753638
            ],
            "powdiff_prob": 0.9766
        },
        "binom": {
            "prevdiff_exp": 0.143141187121877,
            "prevdiff_hdi": [
                -0.38740471006485294,
                0.6710863002707265
            ],
            "prevdiff_prob": 0.6864,
            "powdiff_exp": 0.14007552895974498,
            "powdiff_hdi": [
                -0.39332672104633926,
                0.6305774621765518
            ],
            "powdiff_prob": 0.6988
        },
        "pval_group": 0.650390625,
        "frac_H1_rej": 1.0
    },
    "baseline": {
        "frac_H1_rej": 0.5333333333333333
    }
}