{
    "increase_prev": {
        "pcurve": {
            "prevdiff_exp": 0.06766156555034432,
            "prevdiff_hdi": [
                -0.23773141664890163,
                0.4062755443209659
            ],
            "prevdiff_prob": 0.6462,
            "powdiff_exp": 0.07539318035806027,
            "powdiff_hdi": [
                -0.172346690757342,
                0.3106181264759748
            ],
            "powdiff_prob": 0.7324
        },
        "binom": {
            "prevdiff_exp": 0.041341749222559766,
            "prevdiff_hdi": [
                -0.4561787873567843,
                0.5647413772415522
            ],
            "prevdiff_prob": 0.5554,
            "powdiff_exp": 0.051450252428721116,
            "powdiff_hdi": [
                -0.4298789160850238,
                0.5250132433872526
            ],
            "powdiff_prob": 0.579
        },
        "pval_group": 0.021484375,
        "frac_H1_rej": 0.4666666666666667
    },
    "increase_pow": {
        "pcurve": {
            "prevdiff_exp": -0.12136434792972785,
            "prevdiff_hdi": [
                -0.44376355621429164,
                0.20905926464654823
            ],
            "prevdiff_prob": 0.2276,
            "powdiff_exp": 0.3190731015959878,
            "powdiff_hdi": [
                0.06044057254078811,
                0.5598985690879694
            ],
            "powdiff_prob": 0.99
        },
        "binom": {
            "prevdiff_exp": 0.05935005558089221,
            "prevdiff_hdi": [
                -0.4443419217523741,
                0.5521524521329959
            ],
            "prevdiff_prob": 0.5886,
            "powdiff_exp": 0.07423034710052201,
            "powdiff_hdi": [
                -0.3691913386729907,
                0.5646650833239937
            ],
            "powdiff_prob": 0.6166
        },
        "pval_group": 0.6865234375,
        "frac_H1_rej": 0.9285714285714286
    },
    "baseline": {
        "frac_H1_rej": 0.6111111111111112
    }
}