{
    "increase_prev": {
        "pcurve": {
            "prevdiff_exp": 0.5595636053464317,
            "prevdiff_hdi": [
                0.0633478104252786,
                0.9213215956240393
            ],
            "prevdiff_prob": 0.9702,
            "powdiff_exp": -0.0002759905222277688,
            "powdiff_hdi": [
                -0.521961329631977,
                0.4658719674363005
            ],
            "powdiff_prob": 0.5266
        },
        "binom": {
            "prevdiff_exp": 0.296811048388815,
            "prevdiff_hdi": [
                -0.30393763894889625,
                0.8116745479373222
            ],
            "prevdiff_prob": 0.8226,
            "powdiff_exp": 0.28640629614376445,
            "powdiff_hdi": [
                -0.3029142041077365,
                0.7849565289772671
            ],
            "powdiff_prob": 0.8232
        },
        "pval_group": 0.0009765625,
        "frac_H1_rej": 0.5333333333333333
    },
    "increase_pow": {
        "pcurve": {
            "prevdiff_exp": 0.28418948406380784,
            "prevdiff_hdi": [
                -0.22435008268605,
                0.7376432376760219
            ],
            "prevdiff_prob": 0.8842,
            "powdiff_exp": 0.1672097973883717,
            "powdiff_hdi": [
                -0.3932842811678549,
                0.6752046359112053
            ],
            "powdiff_prob": 0.6974
        },
        "binom": {
            "prevdiff_exp": 0.19220841154716706,
            "prevdiff_hdi": [
                -0.4019318782099181,
                0.8467984729501401
            ],
            "prevdiff_prob": 0.7244,
            "powdiff_exp": 0.16699813057867743,
            "powdiff_hdi": [
                -0.4660747850865876,
                0.7368521305563903
            ],
            "powdiff_prob": 0.716
        },
        "pval_group": 0.0205078125,
        "frac_H1_rej": 1.0
    },
    "baseline": {
        "frac_H1_rej": 0.7142857142857143
    }
}