{
    "increase_prev": {
        "pcurve": {
            "prevdiff_exp": 0.5239387470332101,
            "prevdiff_hdi": [
                0.1391985674703788,
                0.8698864422237765
            ],
            "prevdiff_prob": 0.9924,
            "powdiff_exp": 0.01843779295326729,
            "powdiff_hdi": [
                -0.373743861422864,
                0.3449238899342311
            ],
            "powdiff_prob": 0.5584
        },
        "binom": {
            "prevdiff_exp": 0.11513185863960784,
            "prevdiff_hdi": [
                -0.5019513351207843,
                0.6834897525314664
            ],
            "prevdiff_prob": 0.6508,
            "powdiff_exp": 0.10173007418960968,
            "powdiff_hdi": [
                -0.48776414028681725,
                0.6403295760368541
            ],
            "powdiff_prob": 0.642
        },
        "pval_group": 0.0068359375,
        "frac_H1_rej": 0.39285714285714285
    },
    "increase_pow": {
        "pcurve": {
            "prevdiff_exp": 0.30840466538751155,
            "prevdiff_hdi": [
                -0.09290323906133158,
                0.6781223145056189
            ],
            "prevdiff_prob": 0.9328,
            "powdiff_exp": 0.396033556804603,
            "powdiff_hdi": [
                0.037300154888901704,
                0.7483777647883921
            ],
            "powdiff_prob": 0.9762
        },
        "binom": {
            "prevdiff_exp": 0.30015401589815655,
            "prevdiff_hdi": [
                -0.20030953547708674,
                0.7733898274374882
            ],
            "prevdiff_prob": 0.8528,
            "powdiff_exp": 0.298750053850396,
            "powdiff_hdi": [
                -0.17814683889772398,
                0.7582483322772133
            ],
            "powdiff_prob": 0.8624
        },
        "pval_group": 0.001953125,
        "frac_H1_rej": 1.0
    },
    "baseline": {
        "frac_H1_rej": 0.5555555555555556
    }
}