{
    "increase_prev": {
        "pcurve": {
            "prevdiff_exp": 0.44104168200967103,
            "prevdiff_hdi": [
                -0.0883799276723517,
                0.8812989528348596
            ],
            "prevdiff_prob": 0.9246,
            "powdiff_exp": 0.1915505840808074,
            "powdiff_hdi": [
                -0.2309250244508086,
                0.5000180170673194
            ],
            "powdiff_prob": 0.856
        },
        "binom": {
            "prevdiff_exp": 0.2757073980780812,
            "prevdiff_hdi": [
                -0.3467688247133779,
                0.8035521512511697
            ],
            "prevdiff_prob": 0.8018,
            "powdiff_exp": 0.268158743695672,
            "powdiff_hdi": [
                -0.30109507152523607,
                0.807761469069551
            ],
            "powdiff_prob": 0.8074
        },
        "pval_group": 0.009765625,
        "frac_H1_rej": 0.6
    },
    "increase_pow": {
        "pcurve": {
            "prevdiff_exp": 0.06394832316477714,
            "prevdiff_hdi": [
                -0.4890278902423883,
                0.5594208962538277
            ],
            "prevdiff_prob": 0.6208,
            "powdiff_exp": 0.44961473140029695,
            "powdiff_hdi": [
                0.028474863454768462,
                0.8059373319303708
            ],
            "powdiff_prob": 0.962
        },
        "binom": {
            "prevdiff_exp": 0.21635734249718902,
            "prevdiff_hdi": [
                -0.41850166710642706,
                0.7937426377387214
            ],
            "prevdiff_prob": 0.7456,
            "powdiff_exp": 0.19392839659515002,
            "powdiff_hdi": [
                -0.41134146749219225,
                0.7751400561832572
            ],
            "powdiff_prob": 0.741
        },
        "pval_group": 0.2314453125,
        "frac_H1_rej": 0.8888888888888888
    },
    "baseline": {
        "frac_H1_rej": 0.5
    }
}