{
    "increase_prev": {
        "pcurve": {
            "prevdiff_exp": 0.2155086093468517,
            "prevdiff_hdi": [
                -0.18680086235459337,
                0.697742216333877
            ],
            "prevdiff_prob": 0.8052,
            "powdiff_exp": 0.1549684488445761,
            "powdiff_hdi": [
                -0.14168539400962726,
                0.42356266502794593
            ],
            "powdiff_prob": 0.8724
        },
        "binom": {
            "prevdiff_exp": 0.2226889895403626,
            "prevdiff_hdi": [
                -0.3605755328540975,
                0.7810150693148055
            ],
            "prevdiff_prob": 0.7698,
            "powdiff_exp": 0.20430179306025814,
            "powdiff_hdi": [
                -0.3659388742499372,
                0.7235969266582232
            ],
            "powdiff_prob": 0.7584
        },
        "pval_group": 0.0048828125,
        "frac_H1_rej": 0.4666666666666667
    },
    "increase_pow": {
        "pcurve": {
            "prevdiff_exp": -0.08006439104709225,
            "prevdiff_hdi": [
                -0.531463542537248,
                0.41030782398643867
            ],
            "prevdiff_prob": 0.3566,
            "powdiff_exp": 0.3922509132236919,
            "powdiff_hdi": [
                0.05852267872898198,
                0.6722855847907718
            ],
            "powdiff_prob": 0.9786
        },
        "binom": {
            "prevdiff_exp": 0.26180094620942884,
            "prevdiff_hdi": [
                -0.3047039655365804,
                0.7948452577293971
            ],
            "prevdiff_prob": 0.8082,
            "powdiff_exp": 0.24532944018015146,
            "powdiff_hdi": [
                -0.28797136276548246,
                0.7443072011273018
            ],
            "powdiff_prob": 0.8018
        },
        "pval_group": 0.1552734375,
        "frac_H1_rej": 0.9333333333333333
    },
    "baseline": {
        "frac_H1_rej": 0.3333333333333333
    }
}