{
    "increase_prev": {
        "pcurve": {
            "prevdiff_exp": 0.10586298197774179,
            "prevdiff_hdi": [
                -0.2930542609590506,
                0.5166008067176745
            ],
            "prevdiff_prob": 0.6938,
            "powdiff_exp": 0.11067683335522488,
            "powdiff_hdi": [
                -0.1790031233350866,
                0.3836951330639781
            ],
            "powdiff_prob": 0.7864
        },
        "binom": {
            "prevdiff_exp": 0.0837911315409848,
            "prevdiff_hdi": [
                -0.4678493899759329,
                0.674501780275422
            ],
            "prevdiff_prob": 0.6114,
            "powdiff_exp": 0.06584518185922297,
            "powdiff_hdi": [
                -0.49862899932598376,
                0.599270978656073
            ],
            "powdiff_prob": 0.5892
        },
        "pval_group": 0.2197265625,
        "frac_H1_rej": 0.4444444444444444
    },
    "increase_pow": {
        "pcurve": {
            "prevdiff_exp": -0.19125755389281243,
            "prevdiff_hdi": [
                -0.5482710991087898,
                0.19536543013492857
            ],
            "prevdiff_prob": 0.1768,
            "powdiff_exp": 0.4133024609290118,
            "powdiff_hdi": [
                0.12120822234197687,
                0.6754371884747907
            ],
            "powdiff_prob": 0.9938
        },
        "binom": {
            "prevdiff_exp": 0.143141187121877,
            "prevdiff_hdi": [
                -0.38740471006485294,
                0.6710863002707265
            ],
            "prevdiff_prob": 0.6864,
            "powdiff_exp": 0.14007552895974498,
            "powdiff_hdi": [
                -0.39332672104633926,
                0.6305774621765518
            ],
            "powdiff_prob": 0.6988
        },
        "pval_group": 0.7294921875,
        "frac_H1_rej": 1.0
    },
    "baseline": {
        "frac_H1_rej": 0.47368421052631576
    }
}