{
    "increase_prev": {
        "pcurve": {
            "prevdiff_exp": 0.308561822056807,
            "prevdiff_hdi": [
                -0.08361413628330261,
                0.6992273284171319
            ],
            "prevdiff_prob": 0.9244,
            "powdiff_exp": 0.2492069373762979,
            "powdiff_hdi": [
                -0.03935005384093443,
                0.5167011500185358
            ],
            "powdiff_prob": 0.9448
        },
        "binom": {
            "prevdiff_exp": 0.18876861378195248,
            "prevdiff_hdi": [
                -0.3601402524251879,
                0.7099454161478973
            ],
            "prevdiff_prob": 0.7384,
            "powdiff_exp": 0.19192551376798145,
            "powdiff_hdi": [
                -0.32054706837046865,
                0.6882465635812046
            ],
            "powdiff_prob": 0.758
        },
        "pval_group": 0.001953125,
        "frac_H1_rej": 0.5517241379310345
    },
    "increase_pow": {
        "pcurve": {
            "prevdiff_exp": 0.006200604486373936,
            "prevdiff_hdi": [
                -0.4250576976606245,
                0.4206890613873566
            ],
            "prevdiff_prob": 0.515,
            "powdiff_exp": 0.5040741061595363,
            "powdiff_hdi": [
                0.207514260680826,
                0.7555010004820282
            ],
            "powdiff_prob": 0.9968
        },
        "binom": {
            "prevdiff_exp": 0.20490463802317926,
            "prevdiff_hdi": [
                -0.3165248470603046,
                0.7265634478988441
            ],
            "prevdiff_prob": 0.7504,
            "powdiff_exp": 0.21902800511229717,
            "powdiff_hdi": [
                -0.28825511090028877,
                0.6914733754110773
            ],
            "powdiff_prob": 0.7832
        },
        "pval_group": 0.0361328125,
        "frac_H1_rej": 1.0
    },
    "baseline": {
        "frac_H1_rej": 0.5
    }
}