{
    "increase_prev": {
        "pcurve": {
            "prevdiff_exp": 0.20295498397973857,
            "prevdiff_hdi": [
                -0.15494972636537618,
                0.660544726953429
            ],
            "prevdiff_prob": 0.8278,
            "powdiff_exp": 0.16701177112683827,
            "powdiff_hdi": [
                -0.10551015909536221,
                0.3932871923318414
            ],
            "powdiff_prob": 0.8982
        },
        "binom": {
            "prevdiff_exp": 0.24069729589869504,
            "prevdiff_hdi": [
                -0.3410728119937153,
                0.7668833485590058
            ],
            "prevdiff_prob": 0.7808,
            "powdiff_exp": 0.22708188773205903,
            "powdiff_hdi": [
                -0.3226554230284957,
                0.7416846982553135
            ],
            "powdiff_prob": 0.779
        },
        "pval_group": 0.0029296875,
        "frac_H1_rej": 0.5172413793103449
    },
    "increase_pow": {
        "pcurve": {
            "prevdiff_exp": -0.21508207625892364,
            "prevdiff_hdi": [
                -0.6095211927254198,
                0.2161313585685758
            ],
            "prevdiff_prob": 0.1788,
            "powdiff_exp": 0.49186317834830023,
            "powdiff_hdi": [
                0.19593438233169447,
                0.7428721720321585
            ],
            "powdiff_prob": 0.9962
        },
        "binom": {
            "prevdiff_exp": 0.2003804512602575,
            "prevdiff_hdi": [
                -0.42096537519291255,
                0.751552573457396
            ],
            "prevdiff_prob": 0.7442,
            "powdiff_exp": 0.18001072523988026,
            "powdiff_hdi": [
                -0.3936470525743901,
                0.6977605694974172
            ],
            "powdiff_prob": 0.7366
        },
        "pval_group": 0.3076171875,
        "frac_H1_rej": 1.0
    },
    "baseline": {
        "frac_H1_rej": 0.5
    }
}