{
    "increase_prev": {
        "pcurve": {
            "prevdiff_exp": 0.6127359995116458,
            "prevdiff_hdi": [
                0.27778272115967606,
                0.9211569565653629
            ],
            "prevdiff_prob": 0.9948,
            "powdiff_exp": 0.14310617743870438,
            "powdiff_hdi": [
                -0.2332550930633036,
                0.5247997120162006
            ],
            "powdiff_prob": 0.7412
        },
        "binom": {
            "prevdiff_exp": 0.24466435784951154,
            "prevdiff_hdi": [
                -0.23836581196912698,
                0.7097502751335261
            ],
            "prevdiff_prob": 0.8076,
            "powdiff_exp": 0.2359348955035367,
            "powdiff_hdi": [
                -0.25233995838013124,
                0.6588590585937351
            ],
            "powdiff_prob": 0.8116
        },
        "pval_group": 0.0009765625,
        "frac_H1_rej": 0.6666666666666666
    },
    "increase_pow": {
        "pcurve": {
            "prevdiff_exp": 0.22264419430320376,
            "prevdiff_hdi": [
                -0.1928205775232426,
                0.5592915226437342
            ],
            "prevdiff_prob": 0.8834,
            "powdiff_exp": 0.3581328407037074,
            "powdiff_hdi": [
                -0.04230269840510714,
                0.7424649110900609
            ],
            "powdiff_prob": 0.9506
        },
        "binom": {
            "prevdiff_exp": 0.1642448374326108,
            "prevdiff_hdi": [
                -0.3787641881454532,
                0.6650928293874636
            ],
            "prevdiff_prob": 0.718,
            "powdiff_exp": 0.15832308140783743,
            "powdiff_hdi": [
                -0.3787338833513173,
                0.6140403466343308
            ],
            "powdiff_prob": 0.717
        },
        "pval_group": 0.0087890625,
        "frac_H1_rej": 1.0
    },
    "baseline": {
        "frac_H1_rej": 0.75
    }
}