{
    "increase_prev": {
        "pcurve": {
            "prevdiff_exp": 0.15757595107899275,
            "prevdiff_hdi": [
                -0.3613586062427988,
                0.7522999342419989
            ],
            "prevdiff_prob": 0.6724,
            "powdiff_exp": 0.23819202641120119,
            "powdiff_hdi": [
                -0.06877015010758375,
                0.5505113109426866
            ],
            "powdiff_prob": 0.941
        },
        "binom": {
            "prevdiff_exp": 0.2636770607642484,
            "prevdiff_hdi": [
                -0.41347269250330704,
                0.8760516499386957
            ],
            "prevdiff_prob": 0.7852,
            "powdiff_exp": 0.25939425695466367,
            "powdiff_hdi": [
                -0.36944970441701985,
                0.8602139424171138
            ],
            "powdiff_prob": 0.7954
        },
        "pval_group": 0.013671875,
        "frac_H1_rej": 0.4074074074074074
    },
    "increase_pow": {
        "pcurve": {
            "prevdiff_exp": 0.050720246520169744,
            "prevdiff_hdi": [
                -0.42935850524302827,
                0.5794391222742878
            ],
            "prevdiff_prob": 0.5292,
            "powdiff_exp": 0.5607283479350995,
            "powdiff_hdi": [
                0.2885353483424273,
                0.7945076611623292
            ],
            "powdiff_prob": 0.9954
        },
        "binom": {
            "prevdiff_exp": 0.41138256285251745,
            "prevdiff_hdi": [
                -0.18584091511418632,
                0.9057250195367545
            ],
            "prevdiff_prob": 0.8794,
            "powdiff_exp": 0.41608585055326147,
            "powdiff_hdi": [
                -0.1512597872847592,
                0.9090623421396137
            ],
            "powdiff_prob": 0.8946
        },
        "pval_group": 0.34765625,
        "frac_H1_rej": 1.0
    },
    "baseline": {
        "frac_H1_rej": 0.21428571428571427
    }
}