{
    "increase_prev": {
        "pcurve": {
            "prevdiff_exp": 0.5882220050687834,
            "prevdiff_hdi": [
                0.07200979679023356,
                0.9646082720220285
            ],
            "prevdiff_prob": 0.974,
            "powdiff_exp": 0.09494055799152981,
            "powdiff_hdi": [
                -0.434215018283598,
                0.4505979824247024
            ],
            "powdiff_prob": 0.6844
        },
        "binom": {
            "prevdiff_exp": 0.2757073980780812,
            "prevdiff_hdi": [
                -0.3467688247133779,
                0.8035521512511697
            ],
            "prevdiff_prob": 0.8018,
            "powdiff_exp": 0.268158743695672,
            "powdiff_hdi": [
                -0.30109507152523607,
                0.807761469069551
            ],
            "powdiff_prob": 0.8074
        },
        "pval_group": 0.001953125,
        "frac_H1_rej": 0.5
    },
    "increase_pow": {
        "pcurve": {
            "prevdiff_exp": 0.2827603252869632,
            "prevdiff_hdi": [
                -0.31060236535951036,
                0.6984699921649664
            ],
            "prevdiff_prob": 0.8492,
            "powdiff_exp": 0.39227378670943025,
            "powdiff_hdi": [
                -0.14575170334947596,
                0.769793108136937
            ],
            "powdiff_prob": 0.898
        },
        "binom": {
            "prevdiff_exp": 0.296811048388815,
            "prevdiff_hdi": [
                -0.30393763894889625,
                0.8116745479373222
            ],
            "prevdiff_prob": 0.8226,
            "powdiff_exp": 0.28640629614376445,
            "powdiff_hdi": [
                -0.3029142041077365,
                0.7849565289772671
            ],
            "powdiff_prob": 0.8232
        },
        "pval_group": 0.5947265625,
        "frac_H1_rej": 1.0
    },
    "baseline": {
        "frac_H1_rej": 0.3333333333333333
    }
}