{
    "increase_prev": {
        "pcurve": {
            "prevdiff_exp": 0.12542451959791226,
            "prevdiff_hdi": [
                -0.24957184190818782,
                0.5474992719522903
            ],
            "prevdiff_prob": 0.7058,
            "powdiff_exp": 0.19355643036774717,
            "powdiff_hdi": [
                -0.06469272084861799,
                0.4414087031866483
            ],
            "powdiff_prob": 0.9276
        },
        "binom": {
            "prevdiff_exp": 0.23539055343964366,
            "prevdiff_hdi": [
                -0.3895634657335083,
                0.8322231647154883
            ],
            "prevdiff_prob": 0.7636,
            "powdiff_exp": 0.2210875812034932,
            "powdiff_hdi": [
                -0.39070904803429296,
                0.7636319710329034
            ],
            "powdiff_prob": 0.7692
        },
        "pval_group": 0.033203125,
        "frac_H1_rej": 0.4444444444444444
    },
    "increase_pow": {
        "pcurve": {
            "prevdiff_exp": -0.1636383440073144,
            "prevdiff_hdi": [
                -0.5587681926600903,
                0.28656223182755824
            ],
            "prevdiff_prob": 0.2248,
            "powdiff_exp": 0.4028289487450819,
            "powdiff_hdi": [
                0.08062585068879308,
                0.6892885361265946
            ],
            "powdiff_prob": 0.9866
        },
        "binom": {
            "prevdiff_exp": 0.23539055343964366,
            "prevdiff_hdi": [
                -0.3895634657335083,
                0.8322231647154883
            ],
            "prevdiff_prob": 0.7636,
            "powdiff_exp": 0.2210875812034932,
            "powdiff_hdi": [
                -0.39070904803429296,
                0.7636319710329034
            ],
            "powdiff_prob": 0.7692
        },
        "pval_group": 1.0,
        "frac_H1_rej": 1.0
    },
    "baseline": {
        "frac_H1_rej": 0.29411764705882354
    }
}