{
    "increase_prev": {
        "pcurve": {
            "prevdiff_exp": 0.1058405822726292,
            "prevdiff_hdi": [
                -0.26821936096651355,
                0.48871242502371576
            ],
            "prevdiff_prob": 0.7114,
            "powdiff_exp": 0.004593773629122312,
            "powdiff_hdi": [
                -0.2574795676304466,
                0.26047097119570556
            ],
            "powdiff_prob": 0.5276
        },
        "binom": {
            "prevdiff_exp": 0.0268860244431382,
            "prevdiff_hdi": [
                -0.550831554498189,
                0.6035178722204599
            ],
            "prevdiff_prob": 0.5378,
            "powdiff_exp": 0.025287244395042426,
            "powdiff_hdi": [
                -0.5496732157516877,
                0.5806730655455874
            ],
            "powdiff_prob": 0.539
        },
        "pval_group": 0.25,
        "frac_H1_rej": 0.3333333333333333
    },
    "increase_pow": {
        "pcurve": {
            "prevdiff_exp": 0.027774771107263587,
            "prevdiff_hdi": [
                -0.32278766394626657,
                0.39778396469881333
            ],
            "prevdiff_prob": 0.5344,
            "powdiff_exp": 0.26163847347587693,
            "powdiff_hdi": [
                -0.02533637823979845,
                0.5320121336858205
            ],
            "powdiff_prob": 0.958
        },
        "binom": {
            "prevdiff_exp": 0.18038086167383757,
            "prevdiff_hdi": [
                -0.3461478898742931,
                0.6919228506700618
            ],
            "prevdiff_prob": 0.7328,
            "powdiff_exp": 0.18542557275215316,
            "powdiff_hdi": [
                -0.3247523544771336,
                0.6652507045765934
            ],
            "powdiff_prob": 0.7522
        },
        "pval_group": 0.5126953125,
        "frac_H1_rej": 1.0
    },
    "baseline": {
        "frac_H1_rej": 0.5294117647058824
    }
}