{
    "increase_prev": {
        "pcurve": {
            "prevdiff_exp": 0.3358210701014915,
            "prevdiff_hdi": [
                -0.10250411421318384,
                0.727143736314883
            ],
            "prevdiff_prob": 0.9292,
            "powdiff_exp": -0.007999229851799865,
            "powdiff_hdi": [
                -0.3847736572786079,
                0.3309205957421881
            ],
            "powdiff_prob": 0.506
        },
        "binom": {
            "prevdiff_exp": 0.0268860244431382,
            "prevdiff_hdi": [
                -0.550831554498189,
                0.6035178722204599
            ],
            "prevdiff_prob": 0.5378,
            "powdiff_exp": 0.025287244395042426,
            "powdiff_hdi": [
                -0.5496732157516877,
                0.5806730655455874
            ],
            "powdiff_prob": 0.539
        },
        "pval_group": 0.015625,
        "frac_H1_rej": 0.3448275862068966
    },
    "increase_pow": {
        "pcurve": {
            "prevdiff_exp": 0.03676632642951005,
            "prevdiff_hdi": [
                -0.4298697701030108,
                0.41283091753017026
            ],
            "prevdiff_prob": 0.5834,
            "powdiff_exp": 0.29803537524265344,
            "powdiff_hdi": [
                -0.09544160440085792,
                0.6574224347998372
            ],
            "powdiff_prob": 0.9242
        },
        "binom": {
            "prevdiff_exp": 0.12513288076354456,
            "prevdiff_hdi": [
                -0.42172648575651617,
                0.6718849915044207
            ],
            "prevdiff_prob": 0.665,
            "powdiff_exp": 0.11729543428794409,
            "powdiff_hdi": [
                -0.413050403286488,
                0.620603806694966
            ],
            "powdiff_prob": 0.6636
        },
        "pval_group": 0.861328125,
        "frac_H1_rej": 1.0
    },
    "baseline": {
        "frac_H1_rej": 0.5714285714285714
    }
}