{
    "increase_prev": {
        "pcurve": {
            "prevdiff_exp": 0.048190332323302644,
            "prevdiff_hdi": [
                -0.3046575372784913,
                0.4519770301441834
            ],
            "prevdiff_prob": 0.5738,
            "powdiff_exp": 0.2686050455957166,
            "powdiff_hdi": [
                -0.03536850933276936,
                0.571779107980022
            ],
            "powdiff_prob": 0.943
        },
        "binom": {
            "prevdiff_exp": 0.15349483723069937,
            "prevdiff_hdi": [
                -0.3377191375091779,
                0.6601394171025773
            ],
            "prevdiff_prob": 0.7192,
            "powdiff_exp": 0.16013832835711073,
            "powdiff_hdi": [
                -0.28385538590413517,
                0.6555134794378505
            ],
            "powdiff_prob": 0.7288
        },
        "pval_group": 0.0185546875,
        "frac_H1_rej": 0.6538461538461539
    },
    "increase_pow": {
        "pcurve": {
            "prevdiff_exp": -0.023628798599474216,
            "prevdiff_hdi": [
                -0.4118068784979678,
                0.3643229047539961
            ],
            "prevdiff_prob": 0.4478,
            "powdiff_exp": 0.3701599644957733,
            "powdiff_hdi": [
                0.062356770709156406,
                0.6571240257986026
            ],
            "powdiff_prob": 0.9842
        },
        "binom": {
            "prevdiff_exp": 0.1956578934792207,
            "prevdiff_hdi": [
                -0.30219240354731114,
                0.6429506720287566
            ],
            "prevdiff_prob": 0.776,
            "powdiff_exp": 0.19761745130591174,
            "powdiff_hdi": [
                -0.2574966577813377,
                0.6291611466696687
            ],
            "powdiff_prob": 0.7798
        },
        "pval_group": 0.59375,
        "frac_H1_rej": 1.0
    },
    "baseline": {
        "frac_H1_rej": 0.625
    }
}