{
    "increase_prev": {
        "pcurve": {
            "prevdiff_exp": 0.12971536025243546,
            "prevdiff_hdi": [
                -0.23989275949183242,
                0.5708572534794556
            ],
            "prevdiff_prob": 0.7194,
            "powdiff_exp": 0.08365002958936439,
            "powdiff_hdi": [
                -0.16670154294672562,
                0.30197927508823413
            ],
            "powdiff_prob": 0.781
        },
        "binom": {
            "prevdiff_exp": 0.13256621095620422,
            "prevdiff_hdi": [
                -0.5173907485098828,
                0.7875955509898785
            ],
            "prevdiff_prob": 0.6692,
            "powdiff_exp": 0.12808321473592701,
            "powdiff_hdi": [
                -0.48994352799983326,
                0.7603473497560782
            ],
            "powdiff_prob": 0.6664
        },
        "pval_group": 0.2314453125,
        "frac_H1_rej": 0.3103448275862069
    },
    "increase_pow": {
        "pcurve": {
            "prevdiff_exp": -0.08318587800767994,
            "prevdiff_hdi": [
                -0.4598379465471384,
                0.33373858787560023
            ],
            "prevdiff_prob": 0.321,
            "powdiff_exp": 0.45180292612236417,
            "powdiff_hdi": [
                0.18610071948009443,
                0.6954794511193931
            ],
            "powdiff_prob": 0.9978
        },
        "binom": {
            "prevdiff_exp": 0.3129470726300418,
            "prevdiff_hdi": [
                -0.2942382312327132,
                0.8330186748847063
            ],
            "prevdiff_prob": 0.835,
            "powdiff_exp": 0.3135087874880802,
            "powdiff_hdi": [
                -0.25540657363523656,
                0.8309854336949258
            ],
            "powdiff_prob": 0.8376
        },
        "pval_group": 0.1220703125,
        "frac_H1_rej": 1.0
    },
    "baseline": {
        "frac_H1_rej": 0.25
    }
}