{
    "increase_prev": {
        "pcurve": {
            "prevdiff_exp": 0.05834371542921272,
            "prevdiff_hdi": [
                -0.3425717067800048,
                0.4425217546262756
            ],
            "prevdiff_prob": 0.6052,
            "powdiff_exp": 0.029787500857667716,
            "powdiff_hdi": [
                -0.29350988350200835,
                0.3338885603761321
            ],
            "powdiff_prob": 0.588
        },
        "binom": {
            "prevdiff_exp": 0.024148930950021942,
            "prevdiff_hdi": [
                -0.5210848114995688,
                0.5660792557036248
            ],
            "prevdiff_prob": 0.5428,
            "powdiff_exp": 0.026930266016472575,
            "powdiff_hdi": [
                -0.4887095847927414,
                0.5493228865594512
            ],
            "powdiff_prob": 0.5352
        },
        "pval_group": 0.123046875,
        "frac_H1_rej": 0.42857142857142855
    },
    "increase_pow": {
        "pcurve": {
            "prevdiff_exp": -0.061546617757084185,
            "prevdiff_hdi": [
                -0.4427056285158162,
                0.309965472450529
            ],
            "prevdiff_prob": 0.3776,
            "powdiff_exp": 0.20454951282511197,
            "powdiff_hdi": [
                -0.12338309207526488,
                0.5016277674519122
            ],
            "powdiff_prob": 0.8874
        },
        "binom": {
            "prevdiff_exp": 0.10460263684164793,
            "prevdiff_hdi": [
                -0.41670099706974006,
                0.5912001786075288
            ],
            "prevdiff_prob": 0.6566,
            "powdiff_exp": 0.11940816556508703,
            "powdiff_hdi": [
                -0.35363874738123746,
                0.579447628120703
            ],
            "powdiff_prob": 0.695
        },
        "pval_group": 0.080078125,
        "frac_H1_rej": 1.0
    },
    "baseline": {
        "frac_H1_rej": 0.625
    }
}