{
    "increase_prev": {
        "pcurve": {
            "prevdiff_exp": 0.44290249170182006,
            "prevdiff_hdi": [
                0.08865983056658455,
                0.7707665661173148
            ],
            "prevdiff_prob": 0.9878,
            "powdiff_exp": -0.06125155994377452,
            "powdiff_hdi": [
                -0.37561756835006727,
                0.24647554385576964
            ],
            "powdiff_prob": 0.3664
        },
        "binom": {
            "prevdiff_exp": 0.055489658048645,
            "prevdiff_hdi": [
                -0.5717540455184618,
                0.6898667165188554
            ],
            "prevdiff_prob": 0.5744,
            "powdiff_exp": 0.06281515834685926,
            "powdiff_hdi": [
                -0.5228776920764655,
                0.652112812538809
            ],
            "powdiff_prob": 0.5786
        },
        "pval_group": 0.0458984375,
        "frac_H1_rej": 0.32142857142857145
    },
    "increase_pow": {
        "pcurve": {
            "prevdiff_exp": 0.03635159171075013,
            "prevdiff_hdi": [
                -0.36297650548681887,
                0.3990526056360525
            ],
            "prevdiff_prob": 0.5808,
            "powdiff_exp": 0.2571189330098313,
            "powdiff_hdi": [
                -0.1216086609533612,
                0.6068257451165487
            ],
            "powdiff_prob": 0.9058
        },
        "binom": {
            "prevdiff_exp": 0.13928078958962978,
            "prevdiff_hdi": [
                -0.43925150533188306,
                0.7378011009685618
            ],
            "prevdiff_prob": 0.6808,
            "powdiff_exp": 0.12866034020608225,
            "powdiff_hdi": [
                -0.43529067522658765,
                0.6778648915381699
            ],
            "powdiff_prob": 0.68
        },
        "pval_group": 0.5048828125,
        "frac_H1_rej": 1.0
    },
    "baseline": {
        "frac_H1_rej": 0.5
    }
}