{
    "increase_prev": {
        "pcurve": {
            "prevdiff_exp": 0.36553449550618505,
            "prevdiff_hdi": [
                -0.04819559041580346,
                0.7582363470418185
            ],
            "prevdiff_prob": 0.9488,
            "powdiff_exp": 0.007054748241231708,
            "powdiff_hdi": [
                -0.32682625515839897,
                0.3548322797922275
            ],
            "powdiff_prob": 0.529
        },
        "binom": {
            "prevdiff_exp": 0.059642200590962854,
            "prevdiff_hdi": [
                -0.5372476920602589,
                0.6438613336255519
            ],
            "prevdiff_prob": 0.5774,
            "powdiff_exp": 0.038914915842750405,
            "powdiff_hdi": [
                -0.53679028020581,
                0.5702679956246971
            ],
            "powdiff_prob": 0.5574
        },
        "pval_group": 0.0244140625,
        "frac_H1_rej": 0.4074074074074074
    },
    "increase_pow": {
        "pcurve": {
            "prevdiff_exp": 0.12730476125084025,
            "prevdiff_hdi": [
                -0.26112705529501967,
                0.5310536871610019
            ],
            "prevdiff_prob": 0.7428,
            "powdiff_exp": 0.38919095061128267,
            "powdiff_hdi": [
                0.05135847425022355,
                0.7339437934243632
            ],
            "powdiff_prob": 0.9804
        },
        "binom": {
            "prevdiff_exp": 0.143141187121877,
            "prevdiff_hdi": [
                -0.38740471006485294,
                0.6710863002707265
            ],
            "prevdiff_prob": 0.6864,
            "powdiff_exp": 0.14007552895974498,
            "powdiff_hdi": [
                -0.39332672104633926,
                0.6305774621765518
            ],
            "powdiff_prob": 0.6988
        },
        "pval_group": 0.7646484375,
        "frac_H1_rej": 1.0
    },
    "baseline": {
        "frac_H1_rej": 0.6428571428571429
    }
}