{
    "increase_prev": {
        "pcurve": {
            "prevdiff_exp": 0.07241042029741074,
            "prevdiff_hdi": [
                -0.32052132313275195,
                0.4493533953169154
            ],
            "prevdiff_prob": 0.641,
            "powdiff_exp": 0.06848371341346264,
            "powdiff_hdi": [
                -0.19699006292082688,
                0.3313185948715681
            ],
            "powdiff_prob": 0.7002
        },
        "binom": {
            "prevdiff_exp": 0.05140980079247987,
            "prevdiff_hdi": [
                -0.588132083993707,
                0.6287080382787518
            ],
            "prevdiff_prob": 0.5716,
            "powdiff_exp": 0.05888967675518645,
            "powdiff_hdi": [
                -0.5132947018203338,
                0.6198919754732876
            ],
            "powdiff_prob": 0.587
        },
        "pval_group": 0.0048828125,
        "frac_H1_rej": 0.3448275862068966
    },
    "increase_pow": {
        "pcurve": {
            "prevdiff_exp": -0.21051263666372697,
            "prevdiff_hdi": [
                -0.571433857694531,
                0.14265351100157725
            ],
            "prevdiff_prob": 0.1358,
            "powdiff_exp": 0.4061184227314708,
            "powdiff_hdi": [
                0.1225996203028244,
                0.6547920774513395
            ],
            "powdiff_prob": 0.995
        },
        "binom": {
            "prevdiff_exp": 0.12734811883278113,
            "prevdiff_hdi": [
                -0.44697379344167426,
                0.6973820359212584
            ],
            "prevdiff_prob": 0.6726,
            "powdiff_exp": 0.12660679882771023,
            "powdiff_hdi": [
                -0.4375004499379109,
                0.6411227405304529
            ],
            "powdiff_prob": 0.6734
        },
        "pval_group": 0.47265625,
        "frac_H1_rej": 0.9285714285714286
    },
    "baseline": {
        "frac_H1_rej": 0.6363636363636364
    }
}