{
    "increase_prev": {
        "pcurve": {
            "prevdiff_exp": 0.2254745353160774,
            "prevdiff_hdi": [
                -0.19484772768670766,
                0.6140926612605544
            ],
            "prevdiff_prob": 0.8556,
            "powdiff_exp": 0.08477868241137919,
            "powdiff_hdi": [
                -0.1890494663160362,
                0.3599921646999084
            ],
            "powdiff_prob": 0.7518
        },
        "binom": {
            "prevdiff_exp": 0.11513185863960784,
            "prevdiff_hdi": [
                -0.5019513351207843,
                0.6834897525314664
            ],
            "prevdiff_prob": 0.6508,
            "powdiff_exp": 0.10173007418960968,
            "powdiff_hdi": [
                -0.48776414028681725,
                0.6403295760368541
            ],
            "powdiff_prob": 0.642
        },
        "pval_group": 0.005859375,
        "frac_H1_rej": 0.37037037037037035
    },
    "increase_pow": {
        "pcurve": {
            "prevdiff_exp": -0.1326572171541638,
            "prevdiff_hdi": [
                -0.5274412184695081,
                0.29537969392870334
            ],
            "prevdiff_prob": 0.2646,
            "powdiff_exp": 0.429857602079848,
            "powdiff_hdi": [
                0.12478302237040573,
                0.6915355832383854
            ],
            "powdiff_prob": 0.994
        },
        "binom": {
            "prevdiff_exp": 0.18062253881218956,
            "prevdiff_hdi": [
                -0.3789316948430904,
                0.7234811371995367
            ],
            "prevdiff_prob": 0.722,
            "powdiff_exp": 0.1801105926348034,
            "powdiff_hdi": [
                -0.411696681371733,
                0.6611925403527096
            ],
            "powdiff_prob": 0.7364
        },
        "pval_group": 0.150390625,
        "frac_H1_rej": 0.9285714285714286
    },
    "baseline": {
        "frac_H1_rej": 0.5384615384615384
    }
}