{
    "increase_prev": {
        "pcurve": {
            "prevdiff_exp": 0.22725981927401018,
            "prevdiff_hdi": [
                -0.14257547713369534,
                0.6723035008599393
            ],
            "prevdiff_prob": 0.8552,
            "powdiff_exp": 0.34991307367307234,
            "powdiff_hdi": [
                0.11727343524282341,
                0.5914510329235296
            ],
            "powdiff_prob": 0.9812
        },
        "binom": {
            "prevdiff_exp": 0.3399139136354361,
            "prevdiff_hdi": [
                -0.2301853465510041,
                0.8501400283154114
            ],
            "prevdiff_prob": 0.8524,
            "powdiff_exp": 0.3236897241772753,
            "powdiff_hdi": [
                -0.23752212552670582,
                0.8078895768154368
            ],
            "powdiff_prob": 0.8536
        },
        "pval_group": 0.0009765625,
        "frac_H1_rej": 0.6
    },
    "increase_pow": {
        "pcurve": {
            "prevdiff_exp": -0.04090292787344385,
            "prevdiff_hdi": [
                -0.4750249726142854,
                0.42300445968970796
            ],
            "prevdiff_prob": 0.4028,
            "powdiff_exp": 0.5009128459127493,
            "powdiff_hdi": [
                0.23513850953874182,
                0.7480722617382078
            ],
            "powdiff_prob": 0.9924
        },
        "binom": {
            "prevdiff_exp": 0.296811048388815,
            "prevdiff_hdi": [
                -0.30393763894889625,
                0.8116745479373222
            ],
            "prevdiff_prob": 0.8226,
            "powdiff_exp": 0.28640629614376445,
            "powdiff_hdi": [
                -0.3029142041077365,
                0.7849565289772671
            ],
            "powdiff_prob": 0.8232
        },
        "pval_group": 0.0087890625,
        "frac_H1_rej": 0.9411764705882353
    },
    "baseline": {
        "frac_H1_rej": 0.4444444444444444
    }
}