{
    "increase_prev": {
        "pcurve": {
            "prevdiff_exp": 0.20669869169542363,
            "prevdiff_hdi": [
                -0.14279547288932415,
                0.5205606009362262
            ],
            "prevdiff_prob": 0.8872,
            "powdiff_exp": -0.02126696745151874,
            "powdiff_hdi": [
                -0.3092740238088774,
                0.2555027198989611
            ],
            "powdiff_prob": 0.448
        },
        "binom": {
            "prevdiff_exp": 0.0,
            "prevdiff_hdi": [
                0.0,
                0.0
            ],
            "prevdiff_prob": 0.0,
            "powdiff_exp": 0.0,
            "powdiff_hdi": [
                0.0,
                0.0
            ],
            "powdiff_prob": 0.0
        },
        "pval_group": 0.1640625,
        "frac_H1_rej": 0.4482758620689655
    },
    "increase_pow": {
        "pcurve": {
            "prevdiff_exp": 0.05938476040956671,
            "prevdiff_hdi": [
                -0.2559553297043202,
                0.3865512124263032
            ],
            "prevdiff_prob": 0.6416,
            "powdiff_exp": 0.30280951077284074,
            "powdiff_hdi": [
                0.029362277595279762,
                0.5608743361801276
            ],
            "powdiff_prob": 0.9828
        },
        "binom": {
            "prevdiff_exp": 0.168431564875852,
            "prevdiff_hdi": [
                -0.2358677061520218,
                0.5846947434423415
            ],
            "prevdiff_prob": 0.7614,
            "powdiff_exp": 0.1560654682016466,
            "powdiff_hdi": [
                -0.23452980395156853,
                0.5422783977223129
            ],
            "powdiff_prob": 0.765
        },
        "pval_group": 0.0380859375,
        "frac_H1_rej": 1.0
    },
    "baseline": {
        "frac_H1_rej": 0.65
    }
}