{
    "increase_prev": {
        "pcurve": {
            "prevdiff_exp": 0.18045537278691967,
            "prevdiff_hdi": [
                -0.10492870831618106,
                0.5412069991295343
            ],
            "prevdiff_prob": 0.8508,
            "powdiff_exp": 0.1957542647503069,
            "powdiff_hdi": [
                -0.0659413233099242,
                0.4413515602532174
            ],
            "powdiff_prob": 0.9208
        },
        "binom": {
            "prevdiff_exp": 0.1850221572585487,
            "prevdiff_hdi": [
                -0.2823706608284241,
                0.6405110687469009
            ],
            "prevdiff_prob": 0.7616,
            "powdiff_exp": 0.1970199796607863,
            "powdiff_hdi": [
                -0.22843146458101027,
                0.6340918796943691
            ],
            "powdiff_prob": 0.7896
        },
        "pval_group": 0.0029296875,
        "frac_H1_rej": 0.6666666666666666
    },
    "increase_pow": {
        "pcurve": {
            "prevdiff_exp": -0.17948730314758654,
            "prevdiff_hdi": [
                -0.5865034378256828,
                0.2502039145561341
            ],
            "prevdiff_prob": 0.1962,
            "powdiff_exp": 0.2553682686818205,
            "powdiff_hdi": [
                -0.08650088042502257,
                0.5855227690869202
            ],
            "powdiff_prob": 0.9278
        },
        "binom": {
            "prevdiff_exp": -0.03275617614782467,
            "prevdiff_hdi": [
                -0.58470651030441,
                0.5494100435902691
            ],
            "prevdiff_prob": 0.4542,
            "powdiff_exp": -0.013627671447707984,
            "powdiff_hdi": [
                -0.5550508367352915,
                0.519616394713682
            ],
            "powdiff_prob": 0.4734
        },
        "pval_group": 0.6943359375,
        "frac_H1_rej": 0.75
    },
    "baseline": {
        "frac_H1_rej": 0.6
    }
}