{
    "increase_prev": {
        "pcurve": {
            "prevdiff_exp": 0.05838326191878756,
            "prevdiff_hdi": [
                -0.29876621195924224,
                0.4226260689583274
            ],
            "prevdiff_prob": 0.6212,
            "powdiff_exp": 0.10450203558296393,
            "powdiff_hdi": [
                -0.1561885488362793,
                0.364053930595664
            ],
            "powdiff_prob": 0.7862
        },
        "binom": {
            "prevdiff_exp": 0.07593831804030124,
            "prevdiff_hdi": [
                -0.4528953504873372,
                0.6392587784957917
            ],
            "prevdiff_prob": 0.6154,
            "powdiff_exp": 0.06771712207252378,
            "powdiff_hdi": [
                -0.4459913947960648,
                0.578103814261549
            ],
            "powdiff_prob": 0.6038
        },
        "pval_group": 0.14453125,
        "frac_H1_rej": 0.5
    },
    "increase_pow": {
        "pcurve": {
            "prevdiff_exp": -0.4259658172022309,
            "prevdiff_hdi": [
                -0.7556792235904437,
                -0.06630350053987266
            ],
            "prevdiff_prob": 0.0168,
            "powdiff_exp": 0.2927573765388019,
            "powdiff_hdi": [
                -0.047733859179598825,
                0.6030319682273183
            ],
            "powdiff_prob": 0.9418
        },
        "binom": {
            "prevdiff_exp": -0.05140980079247987,
            "prevdiff_hdi": [
                -0.6287080382787518,
                0.588132083993707
            ],
            "prevdiff_prob": 0.4284,
            "powdiff_exp": -0.05888967675518645,
            "powdiff_hdi": [
                -0.6198919754732876,
                0.5132947018203338
            ],
            "powdiff_prob": 0.413
        },
        "pval_group": 0.431640625,
        "frac_H1_rej": 1.0
    },
    "baseline": {
        "frac_H1_rej": 0.47368421052631576
    }
}