{
    "increase_prev": {
        "pcurve": {
            "prevdiff_exp": 0.3136718349756078,
            "prevdiff_hdi": [
                -0.12067205206321252,
                0.765298187168094
            ],
            "prevdiff_prob": 0.889,
            "powdiff_exp": 0.28990377640047443,
            "powdiff_hdi": [
                -0.06939982846465687,
                0.5984297614965791
            ],
            "powdiff_prob": 0.9256
        },
        "binom": {
            "prevdiff_exp": 0.30490381145604994,
            "prevdiff_hdi": [
                -0.23984474766249508,
                0.8244437839585744
            ],
            "prevdiff_prob": 0.8394,
            "powdiff_exp": 0.2826128682136624,
            "powdiff_hdi": [
                -0.23596790094838882,
                0.7686087244330668
            ],
            "powdiff_prob": 0.8292
        },
        "pval_group": 0.001953125,
        "frac_H1_rej": 0.6
    },
    "increase_pow": {
        "pcurve": {
            "prevdiff_exp": 0.07927821877363642,
            "prevdiff_hdi": [
                -0.42977877170801354,
                0.5447518604628736
            ],
            "prevdiff_prob": 0.6064,
            "powdiff_exp": 0.33212454300412125,
            "powdiff_hdi": [
                -0.05430610802957003,
                0.6786373425280599
            ],
            "powdiff_prob": 0.9418
        },
        "binom": {
            "prevdiff_exp": 0.2226889895403626,
            "prevdiff_hdi": [
                -0.3605755328540975,
                0.7810150693148055
            ],
            "prevdiff_prob": 0.7698,
            "powdiff_exp": 0.20430179306025814,
            "powdiff_hdi": [
                -0.3659388742499372,
                0.7235969266582232
            ],
            "powdiff_prob": 0.7584
        },
        "pval_group": 0.2705078125,
        "frac_H1_rej": 0.9333333333333333
    },
    "baseline": {
        "frac_H1_rej": 0.45454545454545453
    }
}