{
    "increase_prev": {
        "pcurve": {
            "prevdiff_exp": 0.32968157994344743,
            "prevdiff_hdi": [
                -0.1525689221421428,
                0.8157493300079831
            ],
            "prevdiff_prob": 0.876,
            "powdiff_exp": 0.16669905866679502,
            "powdiff_hdi": [
                -0.2314463347495565,
                0.4603111408093212
            ],
            "powdiff_prob": 0.8566
        },
        "binom": {
            "prevdiff_exp": 0.23539055343964366,
            "prevdiff_hdi": [
                -0.3895634657335083,
                0.8322231647154883
            ],
            "prevdiff_prob": 0.7636,
            "powdiff_exp": 0.2210875812034932,
            "powdiff_hdi": [
                -0.39070904803429296,
                0.7636319710329034
            ],
            "powdiff_prob": 0.7692
        },
        "pval_group": 0.0029296875,
        "frac_H1_rej": 0.43333333333333335
    },
    "increase_pow": {
        "pcurve": {
            "prevdiff_exp": 0.179067246310998,
            "prevdiff_hdi": [
                -0.3143042020145641,
                0.7073653272323062
            ],
            "prevdiff_prob": 0.7086,
            "powdiff_exp": 0.3030148494445112,
            "powdiff_hdi": [
                -0.11399300937069767,
                0.6324778565327223
            ],
            "powdiff_prob": 0.9256
        },
        "binom": {
            "prevdiff_exp": 0.25769909171974875,
            "prevdiff_hdi": [
                -0.37303199111269214,
                0.8166293287071859
            ],
            "prevdiff_prob": 0.7928,
            "powdiff_exp": 0.2453786490238711,
            "powdiff_hdi": [
                -0.34456291192190425,
                0.771228693050741
            ],
            "powdiff_prob": 0.7932
        },
        "pval_group": 0.12109375,
        "frac_H1_rej": 0.9285714285714286
    },
    "baseline": {
        "frac_H1_rej": 0.2857142857142857
    }
}