{
    "increase_prev": {
        "pcurve": {
            "prevdiff_exp": 0.3459735504837055,
            "prevdiff_hdi": [
                -0.15483702539164734,
                0.8453150764103584
            ],
            "prevdiff_prob": 0.89,
            "powdiff_exp": 0.24154728047195223,
            "powdiff_hdi": [
                -0.061826546788045444,
                0.5072042085214163
            ],
            "powdiff_prob": 0.9412
        },
        "binom": {
            "prevdiff_exp": 0.26512180466022717,
            "prevdiff_hdi": [
                -0.3541130910737406,
                0.8587765663240259
            ],
            "prevdiff_prob": 0.7864,
            "powdiff_exp": 0.23064637576061672,
            "powdiff_hdi": [
                -0.36055373579773875,
                0.80859936979514
            ],
            "powdiff_prob": 0.7714
        },
        "pval_group": 0.005859375,
        "frac_H1_rej": 0.41379310344827586
    },
    "increase_pow": {
        "pcurve": {
            "prevdiff_exp": 0.11112173685954979,
            "prevdiff_hdi": [
                -0.36116232639199075,
                0.6129861233734375
            ],
            "prevdiff_prob": 0.6426,
            "powdiff_exp": 0.5665852790470716,
            "powdiff_hdi": [
                0.29941418837518236,
                0.8056214189443954
            ],
            "powdiff_prob": 0.9944
        },
        "binom": {
            "prevdiff_exp": 0.3886783757984743,
            "prevdiff_hdi": [
                -0.18687924636423814,
                0.8832003505126289
            ],
            "prevdiff_prob": 0.8888,
            "powdiff_exp": 0.360407703342742,
            "powdiff_hdi": [
                -0.178500311868874,
                0.8601456238554152
            ],
            "powdiff_prob": 0.8788
        },
        "pval_group": 0.0029296875,
        "frac_H1_rej": 0.9473684210526315
    },
    "baseline": {
        "frac_H1_rej": 0.36363636363636365
    }
}