{
    "increase_prev": {
        "pcurve": {
            "prevdiff_exp": 0.3385391996018519,
            "prevdiff_hdi": [
                -0.04266347175022012,
                0.7091204733113312
            ],
            "prevdiff_prob": 0.9492,
            "powdiff_exp": 0.11299819440727922,
            "powdiff_hdi": [
                -0.23815765614501289,
                0.43254456865778534
            ],
            "powdiff_prob": 0.7414
        },
        "binom": {
            "prevdiff_exp": 0.1642448374326108,
            "prevdiff_hdi": [
                -0.3787641881454532,
                0.6650928293874636
            ],
            "prevdiff_prob": 0.718,
            "powdiff_exp": 0.15832308140783743,
            "powdiff_hdi": [
                -0.3787338833513173,
                0.6140403466343308
            ],
            "powdiff_prob": 0.717
        },
        "pval_group": 0.044921875,
        "frac_H1_rej": 0.5517241379310345
    },
    "increase_pow": {
        "pcurve": {
            "prevdiff_exp": -0.009671289734542919,
            "prevdiff_hdi": [
                -0.4483966357048167,
                0.40476866190221006
            ],
            "prevdiff_prob": 0.497,
            "powdiff_exp": 0.17461232167683574,
            "powdiff_hdi": [
                -0.2044797912494457,
                0.5718579938747959
            ],
            "powdiff_prob": 0.8088
        },
        "binom": {
            "prevdiff_exp": 0.10282434248343943,
            "prevdiff_hdi": [
                -0.46391285844393804,
                0.640850572071314
            ],
            "prevdiff_prob": 0.6488,
            "powdiff_exp": 0.0930043664675662,
            "powdiff_hdi": [
                -0.43314687785795697,
                0.619064719114842
            ],
            "powdiff_prob": 0.6322
        },
        "pval_group": 0.9404296875,
        "frac_H1_rej": 1.0
    },
    "baseline": {
        "frac_H1_rej": 0.5294117647058824
    }
}