{
    "increase_prev": {
        "pcurve": {
            "prevdiff_exp": 0.436486491873444,
            "prevdiff_hdi": [
                -0.10882963412300461,
                0.8905473990292568
            ],
            "prevdiff_prob": 0.9186,
            "powdiff_exp": 0.19302285763283702,
            "powdiff_hdi": [
                -0.2612537338066418,
                0.5347178116063933
            ],
            "powdiff_prob": 0.8498
        },
        "binom": {
            "prevdiff_exp": 0.3471760472951625,
            "prevdiff_hdi": [
                -0.2666603518363327,
                0.9234581379003726
            ],
            "prevdiff_prob": 0.8452,
            "powdiff_exp": 0.36055487007165826,
            "powdiff_hdi": [
                -0.2380676433303308,
                0.8696746718182069
            ],
            "powdiff_prob": 0.8674
        },
        "pval_group": 0.0029296875,
        "frac_H1_rej": 0.4827586206896552
    },
    "increase_pow": {
        "pcurve": {
            "prevdiff_exp": 0.33423989047840924,
            "prevdiff_hdi": [
                -0.2606177877386543,
                0.8748849489845109
            ],
            "prevdiff_prob": 0.8486,
            "powdiff_exp": 0.16410741773924095,
            "powdiff_hdi": [
                -0.3581730521469427,
                0.5511635156994457
            ],
            "powdiff_prob": 0.8122
        },
        "binom": {
            "prevdiff_exp": 0.23092088461642374,
            "prevdiff_hdi": [
                -0.4763117388619527,
                0.8469370303267065
            ],
            "prevdiff_prob": 0.7632,
            "powdiff_exp": 0.24576658550695565,
            "powdiff_hdi": [
                -0.3890052468682567,
                0.8430022403459646
            ],
            "powdiff_prob": 0.7844
        },
        "pval_group": 0.345703125,
        "frac_H1_rej": 1.0
    },
    "baseline": {
        "frac_H1_rej": 0.16666666666666666
    }
}