{
    "increase_prev": {
        "pcurve": {
            "prevdiff_exp": 0.08772090404461678,
            "prevdiff_hdi": [
                -0.24943111624144987,
                0.40107566267574013
            ],
            "prevdiff_prob": 0.7118,
            "powdiff_exp": -0.014859332470938392,
            "powdiff_hdi": [
                -0.26575982476665994,
                0.23572355866464823
            ],
            "powdiff_prob": 0.4564
        },
        "binom": {
            "prevdiff_exp": 0.0268860244431382,
            "prevdiff_hdi": [
                -0.550831554498189,
                0.6035178722204599
            ],
            "prevdiff_prob": 0.5378,
            "powdiff_exp": 0.025287244395042426,
            "powdiff_hdi": [
                -0.5496732157516877,
                0.5806730655455874
            ],
            "powdiff_prob": 0.539
        },
        "pval_group": 0.0712890625,
        "frac_H1_rej": 0.3448275862068966
    },
    "increase_pow": {
        "pcurve": {
            "prevdiff_exp": -0.11902518457359988,
            "prevdiff_hdi": [
                -0.43341253114510714,
                0.21630619891527086
            ],
            "prevdiff_prob": 0.2316,
            "powdiff_exp": 0.27701521552633374,
            "powdiff_hdi": [
                -0.01099154149551973,
                0.5310866178909571
            ],
            "powdiff_prob": 0.968
        },
        "binom": {
            "prevdiff_exp": 0.18038086167383757,
            "prevdiff_hdi": [
                -0.3461478898742931,
                0.6919228506700618
            ],
            "prevdiff_prob": 0.7328,
            "powdiff_exp": 0.18542557275215316,
            "powdiff_hdi": [
                -0.3247523544771336,
                0.6652507045765934
            ],
            "powdiff_prob": 0.7522
        },
        "pval_group": 0.9326171875,
        "frac_H1_rej": 1.0
    },
    "baseline": {
        "frac_H1_rej": 0.3888888888888889
    }
}