{
    "increase_prev": {
        "pcurve": {
            "prevdiff_exp": 0.32276144383875516,
            "prevdiff_hdi": [
                -0.11357809677045994,
                0.7808184016145394
            ],
            "prevdiff_prob": 0.898,
            "powdiff_exp": 0.15006002180608402,
            "powdiff_hdi": [
                -0.22330196425621973,
                0.4493424493154065
            ],
            "powdiff_prob": 0.8112
        },
        "binom": {
            "prevdiff_exp": 0.2003804512602575,
            "prevdiff_hdi": [
                -0.42096537519291255,
                0.751552573457396
            ],
            "prevdiff_prob": 0.7442,
            "powdiff_exp": 0.18001072523988026,
            "powdiff_hdi": [
                -0.3936470525743901,
                0.6977605694974172
            ],
            "powdiff_prob": 0.7366
        },
        "pval_group": 0.009765625,
        "frac_H1_rej": 0.4642857142857143
    },
    "increase_pow": {
        "pcurve": {
            "prevdiff_exp": 0.03882261266301869,
            "prevdiff_hdi": [
                -0.43522764029204186,
                0.472733720473682
            ],
            "prevdiff_prob": 0.5704,
            "powdiff_exp": 0.43438425223407595,
            "powdiff_hdi": [
                0.08035499640807586,
                0.7466890003566959
            ],
            "powdiff_prob": 0.9824
        },
        "binom": {
            "prevdiff_exp": 0.24069729589869504,
            "prevdiff_hdi": [
                -0.3410728119937153,
                0.7668833485590058
            ],
            "prevdiff_prob": 0.7808,
            "powdiff_exp": 0.22708188773205903,
            "powdiff_hdi": [
                -0.3226554230284957,
                0.7416846982553135
            ],
            "powdiff_prob": 0.779
        },
        "pval_group": 0.5634765625,
        "frac_H1_rej": 0.9333333333333333
    },
    "baseline": {
        "frac_H1_rej": 0.46153846153846156
    }
}