{
    "increase_prev": {
        "pcurve": {
            "prevdiff_exp": 0.22965985785464726,
            "prevdiff_hdi": [
                -0.22453015638554652,
                0.6737119823825891
            ],
            "prevdiff_prob": 0.8262,
            "powdiff_exp": 0.13419451653874476,
            "powdiff_hdi": [
                -0.24295798322561263,
                0.5080298053462725
            ],
            "powdiff_prob": 0.7614
        },
        "binom": {
            "prevdiff_exp": 0.2226889895403626,
            "prevdiff_hdi": [
                -0.3605755328540975,
                0.7810150693148055
            ],
            "prevdiff_prob": 0.7698,
            "powdiff_exp": 0.20430179306025814,
            "powdiff_hdi": [
                -0.3659388742499372,
                0.7235969266582232
            ],
            "powdiff_prob": 0.7584
        },
        "pval_group": 0.015625,
        "frac_H1_rej": 0.5
    },
    "increase_pow": {
        "pcurve": {
            "prevdiff_exp": 0.10685806486267362,
            "prevdiff_hdi": [
                -0.3271102693222575,
                0.49764319034966864
            ],
            "prevdiff_prob": 0.6972,
            "powdiff_exp": 0.37544536478195095,
            "powdiff_hdi": [
                0.01889074918937006,
                0.71583850663932
            ],
            "powdiff_prob": 0.97
        },
        "binom": {
            "prevdiff_exp": 0.24069729589869504,
            "prevdiff_hdi": [
                -0.3410728119937153,
                0.7668833485590058
            ],
            "prevdiff_prob": 0.7808,
            "powdiff_exp": 0.22708188773205903,
            "powdiff_hdi": [
                -0.3226554230284957,
                0.7416846982553135
            ],
            "powdiff_prob": 0.779
        },
        "pval_group": 0.0751953125,
        "frac_H1_rej": 1.0
    },
    "baseline": {
        "frac_H1_rej": 0.375
    }
}