{
    "increase_prev": {
        "pcurve": {
            "prevdiff_exp": 0.3202086567916258,
            "prevdiff_hdi": [
                -0.09813307838399121,
                0.7492647845591746
            ],
            "prevdiff_prob": 0.9238,
            "powdiff_exp": 0.2174187543157479,
            "powdiff_hdi": [
                -0.042703223594422635,
                0.47820038066017295
            ],
            "powdiff_prob": 0.9326
        },
        "binom": {
            "prevdiff_exp": 0.23539055343964366,
            "prevdiff_hdi": [
                -0.3895634657335083,
                0.8322231647154883
            ],
            "prevdiff_prob": 0.7636,
            "powdiff_exp": 0.2210875812034932,
            "powdiff_hdi": [
                -0.39070904803429296,
                0.7636319710329034
            ],
            "powdiff_prob": 0.7692
        },
        "pval_group": 0.001953125,
        "frac_H1_rej": 0.43333333333333335
    },
    "increase_pow": {
        "pcurve": {
            "prevdiff_exp": -0.036150154425374066,
            "prevdiff_hdi": [
                -0.47966111626343017,
                0.4368487595960112
            ],
            "prevdiff_prob": 0.4346,
            "powdiff_exp": 0.4718752194463722,
            "powdiff_hdi": [
                0.15778039569518681,
                0.7505452642690376
            ],
            "powdiff_prob": 0.993
        },
        "binom": {
            "prevdiff_exp": 0.25769909171974875,
            "prevdiff_hdi": [
                -0.37303199111269214,
                0.8166293287071859
            ],
            "prevdiff_prob": 0.7928,
            "powdiff_exp": 0.2453786490238711,
            "powdiff_hdi": [
                -0.34456291192190425,
                0.771228693050741
            ],
            "powdiff_prob": 0.7932
        },
        "pval_group": 0.1875,
        "frac_H1_rej": 0.9166666666666666
    },
    "baseline": {
        "frac_H1_rej": 0.35714285714285715
    }
}