{
    "increase_prev": {
        "pcurve": {
            "prevdiff_exp": 0.47131971842724324,
            "prevdiff_hdi": [
                -0.08859014637809492,
                0.9279163291962746
            ],
            "prevdiff_prob": 0.9294,
            "powdiff_exp": 0.1916613946682139,
            "powdiff_hdi": [
                -0.20131816371710465,
                0.5205877944491035
            ],
            "powdiff_prob": 0.8756
        },
        "binom": {
            "prevdiff_exp": 0.20403486017328554,
            "prevdiff_hdi": [
                -0.4622590096236863,
                0.8871443666922356
            ],
            "prevdiff_prob": 0.7424,
            "powdiff_exp": 0.22047934111191325,
            "powdiff_hdi": [
                -0.42293043577342465,
                0.8565303369924888
            ],
            "powdiff_prob": 0.7572
        },
        "pval_group": 0.001953125,
        "frac_H1_rej": 0.3333333333333333
    },
    "increase_pow": {
        "pcurve": {
            "prevdiff_exp": 0.1388453404554572,
            "prevdiff_hdi": [
                -0.4057589448208492,
                0.5888613053958932
            ],
            "prevdiff_prob": 0.7052,
            "powdiff_exp": 0.607071723595443,
            "powdiff_hdi": [
                0.2374956375697591,
                0.8785336125777821
            ],
            "powdiff_prob": 0.9838
        },
        "binom": {
            "prevdiff_exp": 0.3291677409368301,
            "prevdiff_hdi": [
                -0.3566785236731375,
                0.8652182471650137
            ],
            "prevdiff_prob": 0.8324,
            "powdiff_exp": 0.33777477539985734,
            "powdiff_hdi": [
                -0.26870171787817176,
                0.8883308732393073
            ],
            "powdiff_prob": 0.8538
        },
        "pval_group": 0.0625,
        "frac_H1_rej": 1.0
    },
    "baseline": {
        "frac_H1_rej": 0.42857142857142855
    }
}