{
    "increase_prev": {
        "pcurve": {
            "prevdiff_exp": 0.20870024680118926,
            "prevdiff_hdi": [
                -0.09732291971737128,
                0.5206615874482399
            ],
            "prevdiff_prob": 0.908,
            "powdiff_exp": 0.0032628422263031496,
            "powdiff_hdi": [
                -0.26692252117876014,
                0.25962339294088377
            ],
            "powdiff_prob": 0.5226
        },
        "binom": {
            "prevdiff_exp": 0.043182141892476565,
            "prevdiff_hdi": [
                -0.5029925486904867,
                0.5534747115350769
            ],
            "prevdiff_prob": 0.5506,
            "powdiff_exp": 0.0540894506248158,
            "powdiff_hdi": [
                -0.4446612502998172,
                0.5544465689856881
            ],
            "powdiff_prob": 0.5762
        },
        "pval_group": 0.091796875,
        "frac_H1_rej": 0.4482758620689655
    },
    "increase_pow": {
        "pcurve": {
            "prevdiff_exp": -0.24209317934539748,
            "prevdiff_hdi": [
                -0.5872846092792827,
                0.07796067870116496
            ],
            "prevdiff_prob": 0.0856,
            "powdiff_exp": 0.35217769247695324,
            "powdiff_hdi": [
                0.05383532995072382,
                0.6385269606251827
            ],
            "powdiff_prob": 0.9836
        },
        "binom": {
            "prevdiff_exp": 0.043182141892476565,
            "prevdiff_hdi": [
                -0.5029925486904867,
                0.5534747115350769
            ],
            "prevdiff_prob": 0.5506,
            "powdiff_exp": 0.0540894506248158,
            "powdiff_hdi": [
                -0.4446612502998172,
                0.5544465689856881
            ],
            "powdiff_prob": 0.5762
        },
        "pval_group": 0.1416015625,
        "frac_H1_rej": 1.0
    },
    "baseline": {
        "frac_H1_rej": 0.5
    }
}