{
    "increase_prev": {
        "pcurve": {
            "prevdiff_exp": 0.2409201854817502,
            "prevdiff_hdi": [
                -0.1205549979888968,
                0.6760059812362266
            ],
            "prevdiff_prob": 0.8808,
            "powdiff_exp": 0.30395027900775584,
            "powdiff_hdi": [
                0.03832616137796985,
                0.5397319959894971
            ],
            "powdiff_prob": 0.9764
        },
        "binom": {
            "prevdiff_exp": 0.24706769427170056,
            "prevdiff_hdi": [
                -0.2991861129061152,
                0.7098427537271411
            ],
            "prevdiff_prob": 0.8086,
            "powdiff_exp": 0.2565071280610982,
            "powdiff_hdi": [
                -0.22678777860237476,
                0.7168804897103892
            ],
            "powdiff_prob": 0.8258
        },
        "pval_group": 0.0009765625,
        "frac_H1_rej": 0.6333333333333333
    },
    "increase_pow": {
        "pcurve": {
            "prevdiff_exp": -0.1119993977538914,
            "prevdiff_hdi": [
                -0.5592445000315214,
                0.3362174882102763
            ],
            "prevdiff_prob": 0.308,
            "powdiff_exp": 0.4296587687978491,
            "powdiff_hdi": [
                0.12736351262361223,
                0.7203784797516797
            ],
            "powdiff_prob": 0.99
        },
        "binom": {
            "prevdiff_exp": 0.12734811883278113,
            "prevdiff_hdi": [
                -0.44697379344167426,
                0.6973820359212584
            ],
            "prevdiff_prob": 0.6726,
            "powdiff_exp": 0.12660679882771023,
            "powdiff_hdi": [
                -0.4375004499379109,
                0.6411227405304529
            ],
            "powdiff_prob": 0.6734
        },
        "pval_group": 0.060546875,
        "frac_H1_rej": 0.8125
    },
    "baseline": {
        "frac_H1_rej": 0.7272727272727273
    }
}