{
    "increase_prev": {
        "pcurve": {
            "prevdiff_exp": 0.12707020079287573,
            "prevdiff_hdi": [
                -0.29241522994828106,
                0.5351164853515156
            ],
            "prevdiff_prob": 0.7248,
            "powdiff_exp": -0.05205662298358431,
            "powdiff_hdi": [
                -0.37130805929059635,
                0.2839776948779397
            ],
            "powdiff_prob": 0.3786
        },
        "binom": {
            "prevdiff_exp": 0.03275617614782467,
            "prevdiff_hdi": [
                -0.5494100435902691,
                0.58470651030441
            ],
            "prevdiff_prob": 0.5458,
            "powdiff_exp": 0.013627671447707984,
            "powdiff_hdi": [
                -0.519616394713682,
                0.5550508367352915
            ],
            "powdiff_prob": 0.5266
        },
        "pval_group": 0.0068359375,
        "frac_H1_rej": 0.36666666666666664
    },
    "increase_pow": {
        "pcurve": {
            "prevdiff_exp": -0.11777101608035055,
            "prevdiff_hdi": [
                -0.4785014130049128,
                0.24068420980817784
            ],
            "prevdiff_prob": 0.2644,
            "powdiff_exp": 0.2969076268020355,
            "powdiff_hdi": [
                -0.00677033279408934,
                0.5956944702279048
            ],
            "powdiff_prob": 0.9616
        },
        "binom": {
            "prevdiff_exp": 0.09824685632040636,
            "prevdiff_hdi": [
                -0.4504361746328593,
                0.5949655075398061
            ],
            "prevdiff_prob": 0.6356,
            "powdiff_exp": 0.09200818989290167,
            "powdiff_hdi": [
                -0.41606465604034126,
                0.5700181479327263
            ],
            "powdiff_prob": 0.639
        },
        "pval_group": 0.66015625,
        "frac_H1_rej": 1.0
    },
    "baseline": {
        "frac_H1_rej": 0.5625
    }
}