{
    "increase_prev": {
        "pcurve": {
            "prevdiff_exp": 0.31834647145659584,
            "prevdiff_hdi": [
                -0.10113404812821991,
                0.7965536136643742
            ],
            "prevdiff_prob": 0.904,
            "powdiff_exp": 0.25613236690055863,
            "powdiff_hdi": [
                -0.058103937432828656,
                0.5324843403597395
            ],
            "powdiff_prob": 0.9404
        },
        "binom": {
            "prevdiff_exp": 0.3244718602411194,
            "prevdiff_hdi": [
                -0.24459917779504814,
                0.9020248547893676
            ],
            "prevdiff_prob": 0.8456,
            "powdiff_exp": 0.30487672286113876,
            "powdiff_hdi": [
                -0.2746985996800374,
                0.8187391075092914
            ],
            "powdiff_prob": 0.8412
        },
        "pval_group": 0.001953125,
        "frac_H1_rej": 0.5357142857142857
    },
    "increase_pow": {
        "pcurve": {
            "prevdiff_exp": 0.05434326520463793,
            "prevdiff_hdi": [
                -0.4050321885366567,
                0.5292332124380317
            ],
            "prevdiff_prob": 0.5578,
            "powdiff_exp": 0.48289367230209607,
            "powdiff_hdi": [
                0.15549826433881242,
                0.7539603554884766
            ],
            "powdiff_prob": 0.9894
        },
        "binom": {
            "prevdiff_exp": 0.34557551055185315,
            "prevdiff_hdi": [
                -0.22744640639810565,
                0.8844880387889436
            ],
            "prevdiff_prob": 0.8626,
            "powdiff_exp": 0.32312427530923116,
            "powdiff_hdi": [
                -0.2530796701112116,
                0.8281476473565296
            ],
            "powdiff_prob": 0.8512
        },
        "pval_group": 0.0244140625,
        "frac_H1_rej": 1.0
    },
    "baseline": {
        "frac_H1_rej": 0.3
    }
}