{
    "increase_prev": {
        "pcurve": {
            "prevdiff_exp": 0.38135684183117374,
            "prevdiff_hdi": [
                -0.001392189683619316,
                0.706659319870026
            ],
            "prevdiff_prob": 0.9744,
            "powdiff_exp": -0.04612524416589707,
            "powdiff_hdi": [
                -0.3640056880188287,
                0.2883562395835831
            ],
            "powdiff_prob": 0.411
        },
        "binom": {
            "prevdiff_exp": 0.05140980079247987,
            "prevdiff_hdi": [
                -0.588132083993707,
                0.6287080382787518
            ],
            "prevdiff_prob": 0.5716,
            "powdiff_exp": 0.05888967675518645,
            "powdiff_hdi": [
                -0.5132947018203338,
                0.6198919754732876
            ],
            "powdiff_prob": 0.587
        },
        "pval_group": 0.0126953125,
        "frac_H1_rej": 0.3333333333333333
    },
    "increase_pow": {
        "pcurve": {
            "prevdiff_exp": -0.018001817971069766,
            "prevdiff_hdi": [
                -0.44979281174710517,
                0.3853666692337118
            ],
            "prevdiff_prob": 0.4844,
            "powdiff_exp": 0.17789944025488275,
            "powdiff_hdi": [
                -0.20947968631864317,
                0.5604085771349989
            ],
            "powdiff_prob": 0.807
        },
        "binom": {
            "prevdiff_exp": 0.08416597694030455,
            "prevdiff_hdi": [
                -0.524650119485932,
                0.6720343787907468
            ],
            "prevdiff_prob": 0.6084,
            "powdiff_exp": 0.07251734820289443,
            "powdiff_hdi": [
                -0.4931761968061457,
                0.63541072855389
            ],
            "powdiff_prob": 0.5994
        },
        "pval_group": 0.8896484375,
        "frac_H1_rej": 0.8461538461538461
    },
    "baseline": {
        "frac_H1_rej": 0.5
    }
}