{
    "increase_prev": {
        "pcurve": {
            "prevdiff_exp": 0.6137287826340735,
            "prevdiff_hdi": [
                0.28377913982249847,
                0.9064850000828002
            ],
            "prevdiff_prob": 0.9948,
            "powdiff_exp": -0.07084790101412082,
            "powdiff_hdi": [
                -0.48409983998355477,
                0.3445278448789454
            ],
            "powdiff_prob": 0.381
        },
        "binom": {
            "prevdiff_exp": 0.198630845170522,
            "prevdiff_hdi": [
                -0.35708615240591746,
                0.7424931583026386
            ],
            "prevdiff_prob": 0.7498,
            "powdiff_exp": 0.20289068730660423,
            "powdiff_hdi": [
                -0.3435128745420697,
                0.6837769918460008
            ],
            "powdiff_prob": 0.7638
        },
        "pval_group": 0.001953125,
        "frac_H1_rej": 0.4827586206896552
    },
    "increase_pow": {
        "pcurve": {
            "prevdiff_exp": 0.335345220834413,
            "prevdiff_hdi": [
                -0.055568738335037504,
                0.6643166106105834
            ],
            "prevdiff_prob": 0.9496,
            "powdiff_exp": 0.18428814797078755,
            "powdiff_hdi": [
                -0.22087155235628364,
                0.6315894309272353
            ],
            "powdiff_prob": 0.7666
        },
        "binom": {
            "prevdiff_exp": 0.2358705197224826,
            "prevdiff_hdi": [
                -0.31139585837079886,
                0.7326651693531159
            ],
            "prevdiff_prob": 0.79,
            "powdiff_exp": 0.24824073109901243,
            "powdiff_hdi": [
                -0.26538307971165576,
                0.7268303801501576
            ],
            "powdiff_prob": 0.812
        },
        "pval_group": 0.0048828125,
        "frac_H1_rej": 0.8947368421052632
    },
    "baseline": {
        "frac_H1_rej": 0.5454545454545454
    }
}