{
    "increase_prev": {
        "pcurve": {
            "prevdiff_exp": 0.06649197776131129,
            "prevdiff_hdi": [
                -0.26533349253135297,
                0.4516687063430189
            ],
            "prevdiff_prob": 0.623,
            "powdiff_exp": 0.14848866531744892,
            "powdiff_hdi": [
                -0.08122536113383,
                0.37970304143418876
            ],
            "powdiff_prob": 0.8958
        },
        "binom": {
            "prevdiff_exp": 0.2226889895403626,
            "prevdiff_hdi": [
                -0.3605755328540975,
                0.7810150693148055
            ],
            "prevdiff_prob": 0.7698,
            "powdiff_exp": 0.20430179306025814,
            "powdiff_hdi": [
                -0.3659388742499372,
                0.7235969266582232
            ],
            "powdiff_prob": 0.7584
        },
        "pval_group": 0.365234375,
        "frac_H1_rej": 0.5
    },
    "increase_pow": {
        "pcurve": {
            "prevdiff_exp": -0.20225108493386798,
            "prevdiff_hdi": [
                -0.533777274394758,
                0.19171504051583377
            ],
            "prevdiff_prob": 0.1482,
            "powdiff_exp": 0.40500027417207896,
            "powdiff_hdi": [
                0.14857814921505702,
                0.6726751808494856
            ],
            "powdiff_prob": 0.9936
        },
        "binom": {
            "prevdiff_exp": 0.2226889895403626,
            "prevdiff_hdi": [
                -0.3605755328540975,
                0.7810150693148055
            ],
            "prevdiff_prob": 0.7698,
            "powdiff_exp": 0.20430179306025814,
            "powdiff_hdi": [
                -0.3659388742499372,
                0.7235969266582232
            ],
            "powdiff_prob": 0.7584
        },
        "pval_group": 0.263671875,
        "frac_H1_rej": 1.0
    },
    "baseline": {
        "frac_H1_rej": 0.3157894736842105
    }
}