{
    "increase_prev": {
        "pcurve": {
            "prevdiff_exp": 0.3882796447396914,
            "prevdiff_hdi": [
                -0.0181082869573721,
                0.771359383879373
            ],
            "prevdiff_prob": 0.962,
            "powdiff_exp": 0.08953271604544784,
            "powdiff_hdi": [
                -0.2587526861096515,
                0.39970297148038686
            ],
            "powdiff_prob": 0.7146
        },
        "binom": {
            "prevdiff_exp": 0.24069729589869504,
            "prevdiff_hdi": [
                -0.3410728119937153,
                0.7668833485590058
            ],
            "prevdiff_prob": 0.7808,
            "powdiff_exp": 0.22708188773205903,
            "powdiff_hdi": [
                -0.3226554230284957,
                0.7416846982553135
            ],
            "powdiff_prob": 0.779
        },
        "pval_group": 0.0009765625,
        "frac_H1_rej": 0.5172413793103449
    },
    "increase_pow": {
        "pcurve": {
            "prevdiff_exp": -0.014229467448369724,
            "prevdiff_hdi": [
                -0.48427073657930136,
                0.3793523569869982
            ],
            "prevdiff_prob": 0.4874,
            "powdiff_exp": 0.3589694557931487,
            "powdiff_hdi": [
                -0.0022156498386423085,
                0.7149137567876913
            ],
            "powdiff_prob": 0.9614
        },
        "binom": {
            "prevdiff_exp": 0.2226889895403626,
            "prevdiff_hdi": [
                -0.3605755328540975,
                0.7810150693148055
            ],
            "prevdiff_prob": 0.7698,
            "powdiff_exp": 0.20430179306025814,
            "powdiff_hdi": [
                -0.3659388742499372,
                0.7235969266582232
            ],
            "powdiff_prob": 0.7584
        },
        "pval_group": 0.009765625,
        "frac_H1_rej": 1.0
    },
    "baseline": {
        "frac_H1_rej": 0.3333333333333333
    }
}