{
    "increase_prev": {
        "pcurve": {
            "prevdiff_exp": 0.36472340669787245,
            "prevdiff_hdi": [
                -0.047812840527524325,
                0.712750354899029
            ],
            "prevdiff_prob": 0.955,
            "powdiff_exp": 0.055665290533086206,
            "powdiff_hdi": [
                -0.27154861122591156,
                0.35142419665472124
            ],
            "powdiff_prob": 0.6598
        },
        "binom": {
            "prevdiff_exp": 0.10831490789032648,
            "prevdiff_hdi": [
                -0.5019099045829167,
                0.6588128193176792
            ],
            "prevdiff_prob": 0.6384,
            "powdiff_exp": 0.09944761421936701,
            "powdiff_hdi": [
                -0.46053350532630905,
                0.6248992146799097
            ],
            "powdiff_prob": 0.6358
        },
        "pval_group": 0.0078125,
        "frac_H1_rej": 0.41379310344827586
    },
    "increase_pow": {
        "pcurve": {
            "prevdiff_exp": -0.10805217152659748,
            "prevdiff_hdi": [
                -0.549592676094504,
                0.29543822104822215
            ],
            "prevdiff_prob": 0.3234,
            "powdiff_exp": 0.3588054346881617,
            "powdiff_hdi": [
                0.0005247829283911987,
                0.6887952393885439
            ],
            "powdiff_prob": 0.9694
        },
        "binom": {
            "prevdiff_exp": 0.12734811883278113,
            "prevdiff_hdi": [
                -0.44697379344167426,
                0.6973820359212584
            ],
            "prevdiff_prob": 0.6726,
            "powdiff_exp": 0.12660679882771023,
            "powdiff_hdi": [
                -0.4375004499379109,
                0.6411227405304529
            ],
            "powdiff_prob": 0.6734
        },
        "pval_group": 0.91796875,
        "frac_H1_rej": 1.0
    },
    "baseline": {
        "frac_H1_rej": 0.5333333333333333
    }
}