{
    "increase_prev": {
        "pcurve": {
            "prevdiff_exp": 0.3743774841278945,
            "prevdiff_hdi": [
                -0.08282532122460784,
                0.8800777311448569
            ],
            "prevdiff_prob": 0.9186,
            "powdiff_exp": 0.16884047570315755,
            "powdiff_hdi": [
                -0.14444991775347493,
                0.4338656891267807
            ],
            "powdiff_prob": 0.8908
        },
        "binom": {
            "prevdiff_exp": 0.3064635538827869,
            "prevdiff_hdi": [
                -0.2926156947245093,
                0.88378821185497
            ],
            "prevdiff_prob": 0.8314,
            "powdiff_exp": 0.28209662818933784,
            "powdiff_hdi": [
                -0.31577931243627455,
                0.8185412216143229
            ],
            "powdiff_prob": 0.8182
        },
        "pval_group": 0.0009765625,
        "frac_H1_rej": 0.5
    },
    "increase_pow": {
        "pcurve": {
            "prevdiff_exp": 0.06017244657579888,
            "prevdiff_hdi": [
                -0.44919747337239924,
                0.5677674528499943
            ],
            "prevdiff_prob": 0.572,
            "powdiff_exp": 0.5155883832173689,
            "powdiff_hdi": [
                0.18749472805188538,
                0.8088299559121062
            ],
            "powdiff_prob": 0.9854
        },
        "binom": {
            "prevdiff_exp": 0.3064635538827869,
            "prevdiff_hdi": [
                -0.2926156947245093,
                0.88378821185497
            ],
            "prevdiff_prob": 0.8314,
            "powdiff_exp": 0.28209662818933784,
            "powdiff_hdi": [
                -0.31577931243627455,
                0.8185412216143229
            ],
            "powdiff_prob": 0.8182
        },
        "pval_group": 0.09375,
        "frac_H1_rej": 0.9285714285714286
    },
    "baseline": {
        "frac_H1_rej": 0.3076923076923077
    }
}