{
    "increase_prev": {
        "pcurve": {
            "prevdiff_exp": 0.236642729584269,
            "prevdiff_hdi": [
                -0.20123889758962332,
                0.6974822873357867
            ],
            "prevdiff_prob": 0.8298,
            "powdiff_exp": 0.13317927133489652,
            "powdiff_hdi": [
                -0.20576270477085185,
                0.41892604255399624
            ],
            "powdiff_prob": 0.8326
        },
        "binom": {
            "prevdiff_exp": 0.18134724031780283,
            "prevdiff_hdi": [
                -0.41085524822389996,
                0.7829015215454744
            ],
            "prevdiff_prob": 0.7148,
            "powdiff_exp": 0.15285154063153705,
            "powdiff_hdi": [
                -0.44046063338073094,
                0.694930345960663
            ],
            "powdiff_prob": 0.7082
        },
        "pval_group": 0.001953125,
        "frac_H1_rej": 0.41379310344827586
    },
    "increase_pow": {
        "pcurve": {
            "prevdiff_exp": -0.053008282054772066,
            "prevdiff_hdi": [
                -0.5223045929926902,
                0.3752183536271041
            ],
            "prevdiff_prob": 0.403,
            "powdiff_exp": 0.48346079089033656,
            "powdiff_hdi": [
                0.16086383490278366,
                0.7500708968595872
            ],
            "powdiff_prob": 0.9914
        },
        "binom": {
            "prevdiff_exp": 0.2226889895403626,
            "prevdiff_hdi": [
                -0.3605755328540975,
                0.7810150693148055
            ],
            "prevdiff_prob": 0.7698,
            "powdiff_exp": 0.20430179306025814,
            "powdiff_hdi": [
                -0.3659388742499372,
                0.7235969266582232
            ],
            "powdiff_prob": 0.7584
        },
        "pval_group": 0.0732421875,
        "frac_H1_rej": 1.0
    },
    "baseline": {
        "frac_H1_rej": 0.38461538461538464
    }
}