{
    "increase_prev": {
        "pcurve": {
            "prevdiff_exp": 0.3778004756743488,
            "prevdiff_hdi": [
                -0.055704567532599114,
                0.912748892350693
            ],
            "prevdiff_prob": 0.9272,
            "powdiff_exp": 0.36923598427808113,
            "powdiff_hdi": [
                0.12251448491246297,
                0.576035004190945
            ],
            "powdiff_prob": 0.9854
        },
        "binom": {
            "prevdiff_exp": 0.45499822083538954,
            "prevdiff_hdi": [
                -0.14192673551237023,
                0.9587151345194161
            ],
            "prevdiff_prob": 0.9008,
            "powdiff_exp": 0.5453411674720932,
            "powdiff_hdi": [
                -0.024052830000424463,
                0.9743984711340068
            ],
            "powdiff_prob": 0.9458
        },
        "pval_group": 0.0009765625,
        "frac_H1_rej": 0.7037037037037037
    },
    "increase_pow": {
        "pcurve": {
            "prevdiff_exp": -0.09582035474080242,
            "prevdiff_hdi": [
                -0.5934220972096995,
                0.4518433225311793
            ],
            "prevdiff_prob": 0.3728,
            "powdiff_exp": 0.5629611305231376,
            "powdiff_hdi": [
                0.2812936878909864,
                0.8387920073748719
            ],
            "powdiff_prob": 0.9916
        },
        "binom": {
            "prevdiff_exp": 0.2920965035039935,
            "prevdiff_hdi": [
                -0.40498336045207883,
                0.9013905257838535
            ],
            "prevdiff_prob": 0.7976,
            "powdiff_exp": 0.36135138761388946,
            "powdiff_hdi": [
                -0.2439811238863583,
                0.9252664298415886
            ],
            "powdiff_prob": 0.8746
        },
        "pval_group": 0.02734375,
        "frac_H1_rej": 0.9166666666666666
    },
    "baseline": {
        "frac_H1_rej": 0.06666666666666667
    }
}