{
    "increase_prev": {
        "pcurve": {
            "prevdiff_exp": 0.3799596233406745,
            "prevdiff_hdi": [
                -0.005436978303703155,
                0.7773267113612476
            ],
            "prevdiff_prob": 0.9666,
            "powdiff_exp": 0.13015934701018686,
            "powdiff_hdi": [
                -0.2231620291598022,
                0.43599674245918724
            ],
            "powdiff_prob": 0.7892
        },
        "binom": {
            "prevdiff_exp": 0.2779369704506556,
            "prevdiff_hdi": [
                -0.2737774460728357,
                0.8092702994395001
            ],
            "prevdiff_prob": 0.817,
            "powdiff_exp": 0.2724319315244672,
            "powdiff_hdi": [
                -0.28101156148382767,
                0.7540020273771277
            ],
            "powdiff_prob": 0.8242
        },
        "pval_group": 0.0078125,
        "frac_H1_rej": 0.5666666666666667
    },
    "increase_pow": {
        "pcurve": {
            "prevdiff_exp": 0.11235444470420217,
            "prevdiff_hdi": [
                -0.3258206629421001,
                0.5767543538989639
            ],
            "prevdiff_prob": 0.6796,
            "powdiff_exp": 0.27140857471705937,
            "powdiff_hdi": [
                -0.10865402124417811,
                0.6195707891351617
            ],
            "powdiff_prob": 0.9126
        },
        "binom": {
            "prevdiff_exp": 0.26180094620942884,
            "prevdiff_hdi": [
                -0.3047039655365804,
                0.7948452577293971
            ],
            "prevdiff_prob": 0.8082,
            "powdiff_exp": 0.24532944018015146,
            "powdiff_hdi": [
                -0.28797136276548246,
                0.7443072011273018
            ],
            "powdiff_prob": 0.8018
        },
        "pval_group": 0.51171875,
        "frac_H1_rej": 1.0
    },
    "baseline": {
        "frac_H1_rej": 0.42857142857142855
    }
}