{
    "increase_prev": {
        "pcurve": {
            "prevdiff_exp": 0.23974089775585608,
            "prevdiff_hdi": [
                -0.10198582081903262,
                0.6102592321706197
            ],
            "prevdiff_prob": 0.9026,
            "powdiff_exp": 0.21197973939621634,
            "powdiff_hdi": [
                -0.03958164970801992,
                0.4729860614806767
            ],
            "powdiff_prob": 0.9378
        },
        "binom": {
            "prevdiff_exp": 0.18876861378195248,
            "prevdiff_hdi": [
                -0.3601402524251879,
                0.7099454161478973
            ],
            "prevdiff_prob": 0.7384,
            "powdiff_exp": 0.19192551376798145,
            "powdiff_hdi": [
                -0.32054706837046865,
                0.6882465635812046
            ],
            "powdiff_prob": 0.758
        },
        "pval_group": 0.0029296875,
        "frac_H1_rej": 0.5517241379310345
    },
    "increase_pow": {
        "pcurve": {
            "prevdiff_exp": -0.11331082043878321,
            "prevdiff_hdi": [
                -0.47753629441862083,
                0.2940058615383434
            ],
            "prevdiff_prob": 0.2882,
            "powdiff_exp": 0.49962847112026904,
            "powdiff_hdi": [
                0.2278669619791613,
                0.7300127619010794
            ],
            "powdiff_prob": 0.9994
        },
        "binom": {
            "prevdiff_exp": 0.1676649634712187,
            "prevdiff_hdi": [
                -0.40451892741105544,
                0.6857561374020695
            ],
            "prevdiff_prob": 0.7238,
            "powdiff_exp": 0.17367796131988902,
            "powdiff_hdi": [
                -0.33026957917358235,
                0.6876691878359391
            ],
            "powdiff_prob": 0.7338
        },
        "pval_group": 0.125,
        "frac_H1_rej": 1.0
    },
    "baseline": {
        "frac_H1_rej": 0.6
    }
}