{
    "increase_prev": {
        "pcurve": {
            "prevdiff_exp": 0.1827755238713392,
            "prevdiff_hdi": [
                -0.20621960068509515,
                0.5641711868217989
            ],
            "prevdiff_prob": 0.8014,
            "powdiff_exp": 0.16706279404873903,
            "powdiff_hdi": [
                -0.15859142613172655,
                0.4734877659805668
            ],
            "powdiff_prob": 0.8422
        },
        "binom": {
            "prevdiff_exp": 0.15349483723069937,
            "prevdiff_hdi": [
                -0.3377191375091779,
                0.6601394171025773
            ],
            "prevdiff_prob": 0.7192,
            "powdiff_exp": 0.16013832835711073,
            "powdiff_hdi": [
                -0.28385538590413517,
                0.6555134794378505
            ],
            "powdiff_prob": 0.7288
        },
        "pval_group": 0.0166015625,
        "frac_H1_rej": 0.6071428571428571
    },
    "increase_pow": {
        "pcurve": {
            "prevdiff_exp": 0.07276181738578756,
            "prevdiff_hdi": [
                -0.34593635076834783,
                0.4787337262781811
            ],
            "prevdiff_prob": 0.6254,
            "powdiff_exp": 0.24528725994890618,
            "powdiff_hdi": [
                -0.09234022428148209,
                0.5705827481761603
            ],
            "powdiff_prob": 0.9176
        },
        "binom": {
            "prevdiff_exp": 0.11625516267873881,
            "prevdiff_hdi": [
                -0.423474866124348,
                0.6302312852007835
            ],
            "prevdiff_prob": 0.6606,
            "powdiff_exp": 0.11478828456470255,
            "powdiff_hdi": [
                -0.40506046247352656,
                0.5825808480598362
            ],
            "powdiff_prob": 0.6716
        },
        "pval_group": 0.3701171875,
        "frac_H1_rej": 1.0
    },
    "baseline": {
        "frac_H1_rej": 0.5
    }
}