{
    "increase_prev": {
        "pcurve": {
            "prevdiff_exp": 0.18374092106718812,
            "prevdiff_hdi": [
                -0.1460103531449235,
                0.5604941915101247
            ],
            "prevdiff_prob": 0.8384,
            "powdiff_exp": 0.04314856040861232,
            "powdiff_hdi": [
                -0.23947631960283006,
                0.29932935308413783
            ],
            "powdiff_prob": 0.6346
        },
        "binom": {
            "prevdiff_exp": 0.14965665711288625,
            "prevdiff_hdi": [
                -0.4163530545531227,
                0.6808775977880356
            ],
            "prevdiff_prob": 0.6946,
            "powdiff_exp": 0.15089786664808813,
            "powdiff_hdi": [
                -0.37586251276460314,
                0.6580555930080574
            ],
            "powdiff_prob": 0.7124
        },
        "pval_group": 0.103515625,
        "frac_H1_rej": 0.4827586206896552
    },
    "increase_pow": {
        "pcurve": {
            "prevdiff_exp": -0.2020011711086109,
            "prevdiff_hdi": [
                -0.5798025846935455,
                0.18461690418754495
            ],
            "prevdiff_prob": 0.1598,
            "powdiff_exp": 0.3617135740464562,
            "powdiff_hdi": [
                0.04863612461819444,
                0.635904824266299
            ],
            "powdiff_prob": 0.9824
        },
        "binom": {
            "prevdiff_exp": 0.14965665711288625,
            "prevdiff_hdi": [
                -0.4163530545531227,
                0.6808775977880356
            ],
            "prevdiff_prob": 0.6946,
            "powdiff_exp": 0.15089786664808813,
            "powdiff_hdi": [
                -0.37586251276460314,
                0.6580555930080574
            ],
            "powdiff_prob": 0.7124
        },
        "pval_group": 0.8623046875,
        "frac_H1_rej": 1.0
    },
    "baseline": {
        "frac_H1_rej": 0.42105263157894735
    }
}