{
    "increase_prev": {
        "pcurve": {
            "prevdiff_exp": 0.36220174453836423,
            "prevdiff_hdi": [
                -0.09114730012547911,
                0.8172851539057192
            ],
            "prevdiff_prob": 0.9186,
            "powdiff_exp": 0.1338315118244815,
            "powdiff_hdi": [
                -0.22100026936297795,
                0.4290322681265106
            ],
            "powdiff_prob": 0.8236
        },
        "binom": {
            "prevdiff_exp": 0.055489658048645,
            "prevdiff_hdi": [
                -0.5717540455184618,
                0.6898667165188554
            ],
            "prevdiff_prob": 0.5744,
            "powdiff_exp": 0.06281515834685926,
            "powdiff_hdi": [
                -0.5228776920764655,
                0.652112812538809
            ],
            "powdiff_prob": 0.5786
        },
        "pval_group": 0.0029296875,
        "frac_H1_rej": 0.3
    },
    "increase_pow": {
        "pcurve": {
            "prevdiff_exp": 0.14506637221527843,
            "prevdiff_hdi": [
                -0.33196583368934895,
                0.631258701669821
            ],
            "prevdiff_prob": 0.6804,
            "powdiff_exp": 0.4442225355486653,
            "powdiff_hdi": [
                0.059195546003635524,
                0.7267116158443042
            ],
            "powdiff_prob": 0.979
        },
        "binom": {
            "prevdiff_exp": 0.2358705197224826,
            "prevdiff_hdi": [
                -0.31139585837079886,
                0.7326651693531159
            ],
            "prevdiff_prob": 0.79,
            "powdiff_exp": 0.24824073109901243,
            "powdiff_hdi": [
                -0.26538307971165576,
                0.7268303801501576
            ],
            "powdiff_prob": 0.812
        },
        "pval_group": 0.0234375,
        "frac_H1_rej": 0.9411764705882353
    },
    "baseline": {
        "frac_H1_rej": 0.5833333333333334
    }
}