{
    "increase_prev": {
        "pcurve": {
            "prevdiff_exp": 0.39049174321752605,
            "prevdiff_hdi": [
                -0.02758392637641016,
                0.769847810767966
            ],
            "prevdiff_prob": 0.9532,
            "powdiff_exp": 0.07906078444591132,
            "powdiff_hdi": [
                -0.2915128599289495,
                0.43066969746182
            ],
            "powdiff_prob": 0.6726
        },
        "binom": {
            "prevdiff_exp": 0.15831400053208444,
            "prevdiff_hdi": [
                -0.469517779582702,
                0.6818685071085399
            ],
            "prevdiff_prob": 0.7046,
            "powdiff_exp": 0.15581952481442546,
            "powdiff_hdi": [
                -0.43760014099573424,
                0.6699355663760868
            ],
            "powdiff_prob": 0.7052
        },
        "pval_group": 0.1005859375,
        "frac_H1_rej": 0.4642857142857143
    },
    "increase_pow": {
        "pcurve": {
            "prevdiff_exp": 0.10527758065894936,
            "prevdiff_hdi": [
                -0.35753592757688757,
                0.5406503368059562
            ],
            "prevdiff_prob": 0.686,
            "powdiff_exp": 0.2554379943422306,
            "powdiff_hdi": [
                -0.1657229444353891,
                0.6331190766348349
            ],
            "powdiff_prob": 0.878
        },
        "binom": {
            "prevdiff_exp": 0.18062253881218956,
            "prevdiff_hdi": [
                -0.3789316948430904,
                0.7234811371995367
            ],
            "prevdiff_prob": 0.722,
            "powdiff_exp": 0.1801105926348034,
            "powdiff_hdi": [
                -0.411696681371733,
                0.6611925403527096
            ],
            "powdiff_prob": 0.7364
        },
        "pval_group": 0.76171875,
        "frac_H1_rej": 1.0
    },
    "baseline": {
        "frac_H1_rej": 0.4666666666666667
    }
}