{
    "increase_prev": {
        "pcurve": {
            "prevdiff_exp": 0.3878773640230738,
            "prevdiff_hdi": [
                -0.14272893007396148,
                0.8936255630171465
            ],
            "prevdiff_prob": 0.8878,
            "powdiff_exp": 0.18763325257193525,
            "powdiff_hdi": [
                -0.23809531362789887,
                0.5083035431339222
            ],
            "powdiff_prob": 0.8538
        },
        "binom": {
            "prevdiff_exp": 0.2003804512602575,
            "prevdiff_hdi": [
                -0.42096537519291255,
                0.751552573457396
            ],
            "prevdiff_prob": 0.7442,
            "powdiff_exp": 0.18001072523988026,
            "powdiff_hdi": [
                -0.3936470525743901,
                0.6977605694974172
            ],
            "powdiff_prob": 0.7366
        },
        "pval_group": 0.001953125,
        "frac_H1_rej": 0.4642857142857143
    },
    "increase_pow": {
        "pcurve": {
            "prevdiff_exp": -0.07789983567486346,
            "prevdiff_hdi": [
                -0.6122915999251446,
                0.412331197493515
            ],
            "prevdiff_prob": 0.4396,
            "powdiff_exp": 0.4997448927288009,
            "powdiff_hdi": [
                0.0697688218300746,
                0.8401970122813305
            ],
            "powdiff_prob": 0.9704
        },
        "binom": {
            "prevdiff_exp": 0.12444213321995623,
            "prevdiff_hdi": [
                -0.4981916736341053,
                0.7353036702573679
            ],
            "prevdiff_prob": 0.6566,
            "powdiff_exp": 0.11229360316735647,
            "powdiff_hdi": [
                -0.47725614413824463,
                0.6833486727929745
            ],
            "powdiff_prob": 0.6448
        },
        "pval_group": 0.05859375,
        "frac_H1_rej": 1.0
    },
    "baseline": {
        "frac_H1_rej": 0.4444444444444444
    }
}