{
    "increase_prev": {
        "pcurve": {
            "prevdiff_exp": 0.2963662704804179,
            "prevdiff_hdi": [
                -0.07888530481171463,
                0.6797358111003238
            ],
            "prevdiff_prob": 0.9284,
            "powdiff_exp": 0.21869616774221132,
            "powdiff_hdi": [
                -0.07079176593978398,
                0.4922770867286132
            ],
            "powdiff_prob": 0.9216
        },
        "binom": {
            "prevdiff_exp": 0.18062253881218956,
            "prevdiff_hdi": [
                -0.3789316948430904,
                0.7234811371995367
            ],
            "prevdiff_prob": 0.722,
            "powdiff_exp": 0.1801105926348034,
            "powdiff_hdi": [
                -0.411696681371733,
                0.6611925403527096
            ],
            "powdiff_prob": 0.7364
        },
        "pval_group": 0.0048828125,
        "frac_H1_rej": 0.48148148148148145
    },
    "increase_pow": {
        "pcurve": {
            "prevdiff_exp": 0.020198065434015745,
            "prevdiff_hdi": [
                -0.42815954050777294,
                0.4331387875529092
            ],
            "prevdiff_prob": 0.5296,
            "powdiff_exp": 0.368530033829905,
            "powdiff_hdi": [
                0.05801672623926546,
                0.6623609961271979
            ],
            "powdiff_prob": 0.9826
        },
        "binom": {
            "prevdiff_exp": 0.198630845170522,
            "prevdiff_hdi": [
                -0.35708615240591746,
                0.7424931583026386
            ],
            "prevdiff_prob": 0.7498,
            "powdiff_exp": 0.20289068730660423,
            "powdiff_hdi": [
                -0.3435128745420697,
                0.6837769918460008
            ],
            "powdiff_prob": 0.7638
        },
        "pval_group": 0.021484375,
        "frac_H1_rej": 1.0
    },
    "baseline": {
        "frac_H1_rej": 0.5
    }
}