{
    "increase_prev": {
        "pcurve": {
            "prevdiff_exp": 0.3094782783266232,
            "prevdiff_hdi": [
                -0.1271347429912999,
                0.7041799571791049
            ],
            "prevdiff_prob": 0.9126,
            "powdiff_exp": 0.06830601113515725,
            "powdiff_hdi": [
                -0.28640319630352823,
                0.37216515039622317
            ],
            "powdiff_prob": 0.6698
        },
        "binom": {
            "prevdiff_exp": 0.18062253881218956,
            "prevdiff_hdi": [
                -0.3789316948430904,
                0.7234811371995367
            ],
            "prevdiff_prob": 0.722,
            "powdiff_exp": 0.1801105926348034,
            "powdiff_hdi": [
                -0.411696681371733,
                0.6611925403527096
            ],
            "powdiff_prob": 0.7364
        },
        "pval_group": 0.03515625,
        "frac_H1_rej": 0.4827586206896552
    },
    "increase_pow": {
        "pcurve": {
            "prevdiff_exp": 0.05528933456923432,
            "prevdiff_hdi": [
                -0.37723497619768537,
                0.4906681438967808
            ],
            "prevdiff_prob": 0.6046,
            "powdiff_exp": 0.3410484553875206,
            "powdiff_hdi": [
                -0.0035668852837546505,
                0.6795861037398557
            ],
            "powdiff_prob": 0.9598
        },
        "binom": {
            "prevdiff_exp": 0.18062253881218956,
            "prevdiff_hdi": [
                -0.3789316948430904,
                0.7234811371995367
            ],
            "prevdiff_prob": 0.722,
            "powdiff_exp": 0.1801105926348034,
            "powdiff_hdi": [
                -0.411696681371733,
                0.6611925403527096
            ],
            "powdiff_prob": 0.7364
        },
        "pval_group": 0.216796875,
        "frac_H1_rej": 1.0
    },
    "baseline": {
        "frac_H1_rej": 0.5
    }
}