{
    "increase_prev": {
        "pcurve": {
            "prevdiff_exp": 0.2669785597826623,
            "prevdiff_hdi": [
                -0.17862994823561817,
                0.7103050177756787
            ],
            "prevdiff_prob": 0.8598,
            "powdiff_exp": 0.18125520844673987,
            "powdiff_hdi": [
                -0.10680204055355685,
                0.4273922719919492
            ],
            "powdiff_prob": 0.9076
        },
        "binom": {
            "prevdiff_exp": 0.26512180466022717,
            "prevdiff_hdi": [
                -0.3541130910737406,
                0.8587765663240259
            ],
            "prevdiff_prob": 0.7864,
            "powdiff_exp": 0.23064637576061672,
            "powdiff_hdi": [
                -0.36055373579773875,
                0.80859936979514
            ],
            "powdiff_prob": 0.7714
        },
        "pval_group": 0.0048828125,
        "frac_H1_rej": 0.41379310344827586
    },
    "increase_pow": {
        "pcurve": {
            "prevdiff_exp": -0.017161497950022954,
            "prevdiff_hdi": [
                -0.5070552439094905,
                0.44191543621519963
            ],
            "prevdiff_prob": 0.465,
            "powdiff_exp": 0.4365324771698428,
            "powdiff_hdi": [
                0.11941639099375068,
                0.7156040198794533
            ],
            "powdiff_prob": 0.988
        },
        "binom": {
            "prevdiff_exp": 0.3244718602411194,
            "prevdiff_hdi": [
                -0.24459917779504814,
                0.9020248547893676
            ],
            "prevdiff_prob": 0.8456,
            "powdiff_exp": 0.30487672286113876,
            "powdiff_hdi": [
                -0.2746985996800374,
                0.8187391075092914
            ],
            "powdiff_prob": 0.8412
        },
        "pval_group": 0.0244140625,
        "frac_H1_rej": 0.9333333333333333
    },
    "baseline": {
        "frac_H1_rej": 0.3076923076923077
    }
}