{
    "increase_prev": {
        "pcurve": {
            "prevdiff_exp": 0.4197587771076981,
            "prevdiff_hdi": [
                -0.008334413759060966,
                0.7875634976215373
            ],
            "prevdiff_prob": 0.975,
            "powdiff_exp": 0.231855306654405,
            "powdiff_hdi": [
                -0.06407739491000553,
                0.5061320218482117
            ],
            "powdiff_prob": 0.9282
        },
        "binom": {
            "prevdiff_exp": 0.20490463802317926,
            "prevdiff_hdi": [
                -0.3165248470603046,
                0.7265634478988441
            ],
            "prevdiff_prob": 0.7504,
            "powdiff_exp": 0.21902800511229717,
            "powdiff_hdi": [
                -0.28825511090028877,
                0.6914733754110773
            ],
            "powdiff_prob": 0.7832
        },
        "pval_group": 0.0009765625,
        "frac_H1_rej": 0.5666666666666667
    },
    "increase_pow": {
        "pcurve": {
            "prevdiff_exp": 0.05478666465420413,
            "prevdiff_hdi": [
                -0.3820800185978851,
                0.49400016364151766
            ],
            "prevdiff_prob": 0.6018,
            "powdiff_exp": 0.49821953651636214,
            "powdiff_hdi": [
                0.19134297437020625,
                0.7695405036633816
            ],
            "powdiff_prob": 0.9954
        },
        "binom": {
            "prevdiff_exp": 0.18876861378195248,
            "prevdiff_hdi": [
                -0.3601402524251879,
                0.7099454161478973
            ],
            "prevdiff_prob": 0.7384,
            "powdiff_exp": 0.19192551376798145,
            "powdiff_hdi": [
                -0.32054706837046865,
                0.6882465635812046
            ],
            "powdiff_prob": 0.758
        },
        "pval_group": 0.833984375,
        "frac_H1_rej": 0.9375
    },
    "baseline": {
        "frac_H1_rej": 0.5333333333333333
    }
}