{
    "increase_prev": {
        "pcurve": {
            "prevdiff_exp": 0.36826263433919426,
            "prevdiff_hdi": [
                0.050542837567111976,
                0.7049215782829488
            ],
            "prevdiff_prob": 0.9804,
            "powdiff_exp": 0.07968448457195737,
            "powdiff_hdi": [
                -0.24063401380516974,
                0.38834046190219884
            ],
            "powdiff_prob": 0.696
        },
        "binom": {
            "prevdiff_exp": 0.14770550208826908,
            "prevdiff_hdi": [
                -0.33817950754790715,
                0.6119480965121217
            ],
            "prevdiff_prob": 0.7062,
            "powdiff_exp": 0.15669159359859788,
            "powdiff_hdi": [
                -0.28209000656053795,
                0.6119216495375974
            ],
            "powdiff_prob": 0.7362
        },
        "pval_group": 0.0126953125,
        "frac_H1_rej": 0.6538461538461539
    },
    "increase_pow": {
        "pcurve": {
            "prevdiff_exp": 0.20132075984404707,
            "prevdiff_hdi": [
                -0.18750787737489016,
                0.5299454419997078
            ],
            "prevdiff_prob": 0.8598,
            "powdiff_exp": 0.19025458906445655,
            "powdiff_hdi": [
                -0.14608150666335662,
                0.49938216916835115
            ],
            "powdiff_prob": 0.8648
        },
        "binom": {
            "prevdiff_exp": 0.10460263684164793,
            "prevdiff_hdi": [
                -0.41670099706974006,
                0.5912001786075288
            ],
            "prevdiff_prob": 0.6566,
            "powdiff_exp": 0.11940816556508703,
            "powdiff_hdi": [
                -0.35363874738123746,
                0.579447628120703
            ],
            "powdiff_prob": 0.695
        },
        "pval_group": 0.134765625,
        "frac_H1_rej": 0.9375
    },
    "baseline": {
        "frac_H1_rej": 0.8181818181818182
    }
}