{
    "increase_prev": {
        "pcurve": {
            "prevdiff_exp": 0.3158232879779114,
            "prevdiff_hdi": [
                -0.035029467605351305,
                0.6583074823837309
            ],
            "prevdiff_prob": 0.9556,
            "powdiff_exp": -0.02506137298581078,
            "powdiff_hdi": [
                -0.32487474075132694,
                0.2811595918238763
            ],
            "powdiff_prob": 0.4392
        },
        "binom": {
            "prevdiff_exp": 0.11625516267873881,
            "prevdiff_hdi": [
                -0.423474866124348,
                0.6302312852007835
            ],
            "prevdiff_prob": 0.6606,
            "powdiff_exp": 0.11478828456470255,
            "powdiff_hdi": [
                -0.40506046247352656,
                0.5825808480598362
            ],
            "powdiff_prob": 0.6716
        },
        "pval_group": 0.1328125,
        "frac_H1_rej": 0.5172413793103449
    },
    "increase_pow": {
        "pcurve": {
            "prevdiff_exp": 0.002447403041537381,
            "prevdiff_hdi": [
                -0.3591632393190565,
                0.3922606513651267
            ],
            "prevdiff_prob": 0.5028,
            "powdiff_exp": 0.2713431481674607,
            "powdiff_hdi": [
                -0.04944258857234951,
                0.5971389968077745
            ],
            "powdiff_prob": 0.9426
        },
        "binom": {
            "prevdiff_exp": 0.11625516267873881,
            "prevdiff_hdi": [
                -0.423474866124348,
                0.6302312852007835
            ],
            "prevdiff_prob": 0.6606,
            "powdiff_exp": 0.11478828456470255,
            "powdiff_hdi": [
                -0.40506046247352656,
                0.5825808480598362
            ],
            "powdiff_prob": 0.6716
        },
        "pval_group": 0.63671875,
        "frac_H1_rej": 0.9333333333333333
    },
    "baseline": {
        "frac_H1_rej": 0.5263157894736842
    }
}