{
    "increase_prev": {
        "pcurve": {
            "prevdiff_exp": 0.1457944789747179,
            "prevdiff_hdi": [
                -0.12936325365532686,
                0.5404594965961524
            ],
            "prevdiff_prob": 0.8132,
            "powdiff_exp": 0.2049845579811562,
            "powdiff_hdi": [
                -0.036053319299872544,
                0.42825611406327246
            ],
            "powdiff_prob": 0.9476
        },
        "binom": {
            "prevdiff_exp": 0.20490463802317926,
            "prevdiff_hdi": [
                -0.3165248470603046,
                0.7265634478988441
            ],
            "prevdiff_prob": 0.7504,
            "powdiff_exp": 0.21902800511229717,
            "powdiff_hdi": [
                -0.28825511090028877,
                0.6914733754110773
            ],
            "powdiff_prob": 0.7832
        },
        "pval_group": 0.0126953125,
        "frac_H1_rej": 0.5666666666666667
    },
    "increase_pow": {
        "pcurve": {
            "prevdiff_exp": -0.2930893101211544,
            "prevdiff_hdi": [
                -0.6309826453680161,
                0.0666062376265858
            ],
            "prevdiff_prob": 0.0712,
            "powdiff_exp": 0.4784667217688264,
            "powdiff_hdi": [
                0.20968458339588458,
                0.7245859500071228
            ],
            "powdiff_prob": 0.9976
        },
        "binom": {
            "prevdiff_exp": 0.12734811883278113,
            "prevdiff_hdi": [
                -0.44697379344167426,
                0.6973820359212584
            ],
            "prevdiff_prob": 0.6726,
            "powdiff_exp": 0.12660679882771023,
            "powdiff_hdi": [
                -0.4375004499379109,
                0.6411227405304529
            ],
            "powdiff_prob": 0.6734
        },
        "pval_group": 0.96875,
        "frac_H1_rej": 1.0
    },
    "baseline": {
        "frac_H1_rej": 0.5
    }
}