{
    "increase_prev": {
        "pcurve": {
            "prevdiff_exp": 0.24252713195399941,
            "prevdiff_hdi": [
                -0.148047862614482,
                0.6207896094198352
            ],
            "prevdiff_prob": 0.8848,
            "powdiff_exp": 0.08478162691786692,
            "powdiff_hdi": [
                -0.20283013199965716,
                0.3570239412706463
            ],
            "powdiff_prob": 0.7416
        },
        "binom": {
            "prevdiff_exp": 0.0837911315409848,
            "prevdiff_hdi": [
                -0.4678493899759329,
                0.674501780275422
            ],
            "prevdiff_prob": 0.6114,
            "powdiff_exp": 0.06584518185922297,
            "powdiff_hdi": [
                -0.49862899932598376,
                0.599270978656073
            ],
            "powdiff_prob": 0.5892
        },
        "pval_group": 0.04296875,
        "frac_H1_rej": 0.41379310344827586
    },
    "increase_pow": {
        "pcurve": {
            "prevdiff_exp": -0.20916534771430056,
            "prevdiff_hdi": [
                -0.5888787743497457,
                0.1937070010220327
            ],
            "prevdiff_prob": 0.1636,
            "powdiff_exp": 0.4418737714370722,
            "powdiff_hdi": [
                0.1420965536846442,
                0.7262742000504813
            ],
            "powdiff_prob": 0.9944
        },
        "binom": {
            "prevdiff_exp": 0.0837911315409848,
            "prevdiff_hdi": [
                -0.4678493899759329,
                0.674501780275422
            ],
            "prevdiff_prob": 0.6114,
            "powdiff_exp": 0.06584518185922297,
            "powdiff_hdi": [
                -0.49862899932598376,
                0.599270978656073
            ],
            "powdiff_prob": 0.5892
        },
        "pval_group": 0.8935546875,
        "frac_H1_rej": 0.8571428571428571
    },
    "baseline": {
        "frac_H1_rej": 0.5
    }
}