{
    "increase_prev": {
        "pcurve": {
            "prevdiff_exp": 0.3578196972260268,
            "prevdiff_hdi": [
                -0.03434140304286937,
                0.7102339457274419
            ],
            "prevdiff_prob": 0.9578,
            "powdiff_exp": 0.07656483077388337,
            "powdiff_hdi": [
                -0.23369702376683776,
                0.39788375236933315
            ],
            "powdiff_prob": 0.6944
        },
        "binom": {
            "prevdiff_exp": 0.143141187121877,
            "prevdiff_hdi": [
                -0.38740471006485294,
                0.6710863002707265
            ],
            "prevdiff_prob": 0.6864,
            "powdiff_exp": 0.14007552895974498,
            "powdiff_hdi": [
                -0.39332672104633926,
                0.6305774621765518
            ],
            "powdiff_prob": 0.6988
        },
        "pval_group": 0.0029296875,
        "frac_H1_rej": 0.5172413793103449
    },
    "increase_pow": {
        "pcurve": {
            "prevdiff_exp": -0.03969230128250396,
            "prevdiff_hdi": [
                -0.4241451191451786,
                0.3490339908806175
            ],
            "prevdiff_prob": 0.4382,
            "powdiff_exp": 0.42154662651587005,
            "powdiff_hdi": [
                0.10456315750751377,
                0.7237638209248566
            ],
            "powdiff_prob": 0.9892
        },
        "binom": {
            "prevdiff_exp": 0.1642448374326108,
            "prevdiff_hdi": [
                -0.3787641881454532,
                0.6650928293874636
            ],
            "prevdiff_prob": 0.718,
            "powdiff_exp": 0.15832308140783743,
            "powdiff_hdi": [
                -0.3787338833513173,
                0.6140403466343308
            ],
            "powdiff_prob": 0.717
        },
        "pval_group": 0.1171875,
        "frac_H1_rej": 1.0
    },
    "baseline": {
        "frac_H1_rej": 0.5294117647058824
    }
}