{
    "increase_prev": {
        "pcurve": {
            "prevdiff_exp": 0.38806495217199344,
            "prevdiff_hdi": [
                -0.011365958006301913,
                0.8007946977301743
            ],
            "prevdiff_prob": 0.9626,
            "powdiff_exp": 0.0984185640603357,
            "powdiff_hdi": [
                -0.2477261129373971,
                0.4045362063451711
            ],
            "powdiff_prob": 0.7578
        },
        "binom": {
            "prevdiff_exp": 0.21635734249718902,
            "prevdiff_hdi": [
                -0.41850166710642706,
                0.7937426377387214
            ],
            "prevdiff_prob": 0.7456,
            "powdiff_exp": 0.19392839659515002,
            "powdiff_hdi": [
                -0.41134146749219225,
                0.7751400561832572
            ],
            "powdiff_prob": 0.741
        },
        "pval_group": 0.021484375,
        "frac_H1_rej": 0.41379310344827586
    },
    "increase_pow": {
        "pcurve": {
            "prevdiff_exp": -0.10666679898252805,
            "prevdiff_hdi": [
                -0.5511352990972255,
                0.32673104777209167
            ],
            "prevdiff_prob": 0.3364,
            "powdiff_exp": 0.45078283051777546,
            "powdiff_hdi": [
                0.09739717962362004,
                0.7679985518774426
            ],
            "powdiff_prob": 0.9828
        },
        "binom": {
            "prevdiff_exp": 0.23539055343964366,
            "prevdiff_hdi": [
                -0.3895634657335083,
                0.8322231647154883
            ],
            "prevdiff_prob": 0.7636,
            "powdiff_exp": 0.2210875812034932,
            "powdiff_hdi": [
                -0.39070904803429296,
                0.7636319710329034
            ],
            "powdiff_prob": 0.7692
        },
        "pval_group": 0.46484375,
        "frac_H1_rej": 1.0
    },
    "baseline": {
        "frac_H1_rej": 0.38461538461538464
    }
}