{
    "increase_prev": {
        "pcurve": {
            "prevdiff_exp": 0.4178306082419509,
            "prevdiff_hdi": [
                0.028340271394342142,
                0.7685321870564699
            ],
            "prevdiff_prob": 0.973,
            "powdiff_exp": 0.030568109157267962,
            "powdiff_hdi": [
                -0.3157901640683767,
                0.39826372701745577
            ],
            "powdiff_prob": 0.5674
        },
        "binom": {
            "prevdiff_exp": 0.21973449548125581,
            "prevdiff_hdi": [
                -0.30980099292335084,
                0.7544558410625096
            ],
            "prevdiff_prob": 0.77,
            "powdiff_exp": 0.22113823975469668,
            "powdiff_hdi": [
                -0.30797679955732404,
                0.7019687913977307
            ],
            "powdiff_prob": 0.7838
        },
        "pval_group": 0.009765625,
        "frac_H1_rej": 0.5517241379310345
    },
    "increase_pow": {
        "pcurve": {
            "prevdiff_exp": 0.3017917719804902,
            "prevdiff_hdi": [
                -0.11939625356397077,
                0.6442275278906383
            ],
            "prevdiff_prob": 0.9266,
            "powdiff_exp": 0.23140552054980495,
            "powdiff_hdi": [
                -0.14249161939812305,
                0.5812441181540644
            ],
            "powdiff_prob": 0.8852
        },
        "binom": {
            "prevdiff_exp": 0.26283736072787695,
            "prevdiff_hdi": [
                -0.2882583031759345,
                0.7353424429797546
            ],
            "prevdiff_prob": 0.8166,
            "powdiff_exp": 0.2584216677882076,
            "powdiff_hdi": [
                -0.22983240770080904,
                0.7310518251192848
            ],
            "powdiff_prob": 0.8218
        },
        "pval_group": 0.3232421875,
        "frac_H1_rej": 0.9473684210526315
    },
    "baseline": {
        "frac_H1_rej": 0.4117647058823529
    }
}