{
    "increase_prev": {
        "pcurve": {
            "prevdiff_exp": 0.15865509930828867,
            "prevdiff_hdi": [
                -0.16054486969663184,
                0.5169259400043557
            ],
            "prevdiff_prob": 0.807,
            "powdiff_exp": 0.11967549520322869,
            "powdiff_hdi": [
                -0.1283143973908082,
                0.35934110116994394
            ],
            "powdiff_prob": 0.8426
        },
        "binom": {
            "prevdiff_exp": 0.09824685632040636,
            "prevdiff_hdi": [
                -0.4504361746328593,
                0.5949655075398061
            ],
            "prevdiff_prob": 0.6356,
            "powdiff_exp": 0.09200818989290167,
            "powdiff_hdi": [
                -0.41606465604034126,
                0.5700181479327263
            ],
            "powdiff_prob": 0.639
        },
        "pval_group": 0.072265625,
        "frac_H1_rej": 0.5
    },
    "increase_pow": {
        "pcurve": {
            "prevdiff_exp": -0.16675182281915948,
            "prevdiff_hdi": [
                -0.5237918613975789,
                0.22852703637276106
            ],
            "prevdiff_prob": 0.1954,
            "powdiff_exp": 0.44446158105365063,
            "powdiff_hdi": [
                0.17814445128065426,
                0.6919476366748041
            ],
            "powdiff_prob": 0.9952
        },
        "binom": {
            "prevdiff_exp": 0.15349483723069937,
            "prevdiff_hdi": [
                -0.3377191375091779,
                0.6601394171025773
            ],
            "prevdiff_prob": 0.7192,
            "powdiff_exp": 0.16013832835711073,
            "powdiff_hdi": [
                -0.28385538590413517,
                0.6555134794378505
            ],
            "powdiff_prob": 0.7288
        },
        "pval_group": 0.275390625,
        "frac_H1_rej": 1.0
    },
    "baseline": {
        "frac_H1_rej": 0.47368421052631576
    }
}