{
    "increase_prev": {
        "pcurve": {
            "prevdiff_exp": 0.3603501884299485,
            "prevdiff_hdi": [
                -0.12780500215372104,
                0.9062196325195783
            ],
            "prevdiff_prob": 0.8766,
            "powdiff_exp": 0.3469493247923808,
            "powdiff_hdi": [
                0.04927733912474158,
                0.628303377581185
            ],
            "powdiff_prob": 0.9652
        },
        "binom": {
            "prevdiff_exp": 0.36171153479307994,
            "prevdiff_hdi": [
                -0.2584554234046436,
                0.8554750833697035
            ],
            "prevdiff_prob": 0.8624,
            "powdiff_exp": 0.3502267666535469,
            "powdiff_hdi": [
                -0.19471822186183885,
                0.8555260047364527
            ],
            "powdiff_prob": 0.8682
        },
        "pval_group": 0.0009765625,
        "frac_H1_rej": 0.5666666666666667
    },
    "increase_pow": {
        "pcurve": {
            "prevdiff_exp": 0.12214244222799661,
            "prevdiff_hdi": [
                -0.4195201633414812,
                0.678884537793613
            ],
            "prevdiff_prob": 0.625,
            "powdiff_exp": 0.47477655718764017,
            "powdiff_hdi": [
                0.1396613577514068,
                0.7614030873241194
            ],
            "powdiff_prob": 0.9786
        },
        "binom": {
            "prevdiff_exp": 0.3244718602411194,
            "prevdiff_hdi": [
                -0.24459917779504814,
                0.9020248547893676
            ],
            "prevdiff_prob": 0.8456,
            "powdiff_exp": 0.30487672286113876,
            "powdiff_hdi": [
                -0.2746985996800374,
                0.8187391075092914
            ],
            "powdiff_prob": 0.8412
        },
        "pval_group": 0.0205078125,
        "frac_H1_rej": 1.0
    },
    "baseline": {
        "frac_H1_rej": 0.4
    }
}