{
    "increase_prev": {
        "pcurve": {
            "prevdiff_exp": 0.4295933607660949,
            "prevdiff_hdi": [
                -0.04172010516095126,
                0.8152352230089357
            ],
            "prevdiff_prob": 0.954,
            "powdiff_exp": -0.1072139880056563,
            "powdiff_hdi": [
                -0.5198360233743695,
                0.2546610135605797
            ],
            "powdiff_prob": 0.339
        },
        "binom": {
            "prevdiff_exp": 0.055489658048645,
            "prevdiff_hdi": [
                -0.5717540455184618,
                0.6898667165188554
            ],
            "prevdiff_prob": 0.5744,
            "powdiff_exp": 0.06281515834685926,
            "powdiff_hdi": [
                -0.5228776920764655,
                0.652112812538809
            ],
            "powdiff_prob": 0.5786
        },
        "pval_group": 0.056640625,
        "frac_H1_rej": 0.3333333333333333
    },
    "increase_pow": {
        "pcurve": {
            "prevdiff_exp": 0.1725793617760265,
            "prevdiff_hdi": [
                -0.31089112030824856,
                0.5937011543756315
            ],
            "prevdiff_prob": 0.7662,
            "powdiff_exp": 0.26306453669469876,
            "powdiff_hdi": [
                -0.16579573977856593,
                0.6794476639514391
            ],
            "powdiff_prob": 0.859
        },
        "binom": {
            "prevdiff_exp": 0.198630845170522,
            "prevdiff_hdi": [
                -0.35708615240591746,
                0.7424931583026386
            ],
            "prevdiff_prob": 0.7498,
            "powdiff_exp": 0.20289068730660423,
            "powdiff_hdi": [
                -0.3435128745420697,
                0.6837769918460008
            ],
            "powdiff_prob": 0.7638
        },
        "pval_group": 0.087890625,
        "frac_H1_rej": 1.0
    },
    "baseline": {
        "frac_H1_rej": 0.4
    }
}