{
    "increase_prev": {
        "pcurve": {
            "prevdiff_exp": 0.4049344814250325,
            "prevdiff_hdi": [
                -0.0008479336424340733,
                0.8003521089231114
            ],
            "prevdiff_prob": 0.9664,
            "powdiff_exp": 0.16574708832335572,
            "powdiff_hdi": [
                -0.18649170398331927,
                0.4662993918327722
            ],
            "powdiff_prob": 0.8408
        },
        "binom": {
            "prevdiff_exp": 0.2003804512602575,
            "prevdiff_hdi": [
                -0.42096537519291255,
                0.751552573457396
            ],
            "prevdiff_prob": 0.7442,
            "powdiff_exp": 0.18001072523988026,
            "powdiff_hdi": [
                -0.3936470525743901,
                0.6977605694974172
            ],
            "powdiff_prob": 0.7366
        },
        "pval_group": 0.001953125,
        "frac_H1_rej": 0.4482758620689655
    },
    "increase_pow": {
        "pcurve": {
            "prevdiff_exp": 0.004762690696694145,
            "prevdiff_hdi": [
                -0.44666552320798786,
                0.39664952361166206
            ],
            "prevdiff_prob": 0.523,
            "powdiff_exp": 0.43524476242705307,
            "powdiff_hdi": [
                0.08927956979515356,
                0.7597252014051386
            ],
            "powdiff_prob": 0.9818
        },
        "binom": {
            "prevdiff_exp": 0.2226889895403626,
            "prevdiff_hdi": [
                -0.3605755328540975,
                0.7810150693148055
            ],
            "prevdiff_prob": 0.7698,
            "powdiff_exp": 0.20430179306025814,
            "powdiff_hdi": [
                -0.3659388742499372,
                0.7235969266582232
            ],
            "powdiff_prob": 0.7584
        },
        "pval_group": 0.060546875,
        "frac_H1_rej": 1.0
    },
    "baseline": {
        "frac_H1_rej": 0.4166666666666667
    }
}