{
    "increase_prev": {
        "pcurve": {
            "prevdiff_exp": 0.14058793081536286,
            "prevdiff_hdi": [
                -0.18524344031066264,
                0.53072837412841
            ],
            "prevdiff_prob": 0.781,
            "powdiff_exp": 0.09708080242346999,
            "powdiff_hdi": [
                -0.17008206254719677,
                0.3423767118071528
            ],
            "powdiff_prob": 0.7848
        },
        "binom": {
            "prevdiff_exp": 0.14965665711288625,
            "prevdiff_hdi": [
                -0.4163530545531227,
                0.6808775977880356
            ],
            "prevdiff_prob": 0.6946,
            "powdiff_exp": 0.15089786664808813,
            "powdiff_hdi": [
                -0.37586251276460314,
                0.6580555930080574
            ],
            "powdiff_prob": 0.7124
        },
        "pval_group": 0.0107421875,
        "frac_H1_rej": 0.4666666666666667
    },
    "increase_pow": {
        "pcurve": {
            "prevdiff_exp": -0.03552462316905071,
            "prevdiff_hdi": [
                -0.41089881976170617,
                0.40673361624563625
            ],
            "prevdiff_prob": 0.4184,
            "powdiff_exp": 0.27544719633987774,
            "powdiff_hdi": [
                -0.047425722796917535,
                0.5659940521049232
            ],
            "powdiff_prob": 0.9522
        },
        "binom": {
            "prevdiff_exp": 0.14965665711288625,
            "prevdiff_hdi": [
                -0.4163530545531227,
                0.6808775977880356
            ],
            "prevdiff_prob": 0.6946,
            "powdiff_exp": 0.15089786664808813,
            "powdiff_hdi": [
                -0.37586251276460314,
                0.6580555930080574
            ],
            "powdiff_prob": 0.7124
        },
        "pval_group": 0.6025390625,
        "frac_H1_rej": 0.875
    },
    "baseline": {
        "frac_H1_rej": 0.3157894736842105
    }
}