{
    "increase_prev": {
        "pcurve": {
            "prevdiff_exp": 0.2027431265028455,
            "prevdiff_hdi": [
                -0.23793338848339873,
                0.6204984969275701
            ],
            "prevdiff_prob": 0.813,
            "powdiff_exp": 0.010885727330281446,
            "powdiff_hdi": [
                -0.3102706228367954,
                0.29524498238263047
            ],
            "powdiff_prob": 0.5516
        },
        "binom": {
            "prevdiff_exp": -0.02452377634934167,
            "prevdiff_hdi": [
                -0.6351628926091069,
                0.5849800262113836
            ],
            "prevdiff_prob": 0.4642,
            "powdiff_exp": -0.03360243236014403,
            "powdiff_hdi": [
                -0.6196204902599365,
                0.5689434114861476
            ],
            "powdiff_prob": 0.4488
        },
        "pval_group": 0.068359375,
        "frac_H1_rej": 0.2857142857142857
    },
    "increase_pow": {
        "pcurve": {
            "prevdiff_exp": -0.10651647889911824,
            "prevdiff_hdi": [
                -0.5362194445545828,
                0.3418085649983462
            ],
            "prevdiff_prob": 0.3294,
            "powdiff_exp": 0.292810864326916,
            "powdiff_hdi": [
                -0.05121470802724781,
                0.6423490531735605
            ],
            "powdiff_prob": 0.9372
        },
        "binom": {
            "prevdiff_exp": 0.059642200590962854,
            "prevdiff_hdi": [
                -0.5372476920602589,
                0.6438613336255519
            ],
            "prevdiff_prob": 0.5774,
            "powdiff_exp": 0.038914915842750405,
            "powdiff_hdi": [
                -0.53679028020581,
                0.5702679956246971
            ],
            "powdiff_prob": 0.5574
        },
        "pval_group": 0.9599609375,
        "frac_H1_rej": 0.8333333333333334
    },
    "baseline": {
        "frac_H1_rej": 0.5625
    }
}