{
    "increase_prev": {
        "pcurve": {
            "prevdiff_exp": 0.14064363657826015,
            "prevdiff_hdi": [
                -0.2332917749900112,
                0.5933495964140307
            ],
            "prevdiff_prob": 0.722,
            "powdiff_exp": 0.16802802702666958,
            "powdiff_hdi": [
                -0.07225912440862714,
                0.40088723558902545
            ],
            "powdiff_prob": 0.9202
        },
        "binom": {
            "prevdiff_exp": 0.28415501560268175,
            "prevdiff_hdi": [
                -0.3418700184273562,
                0.8740334268642953
            ],
            "prevdiff_prob": 0.8142,
            "powdiff_exp": 0.25780556036895996,
            "powdiff_hdi": [
                -0.32330480728412214,
                0.836248841650578
            ],
            "powdiff_prob": 0.7996
        },
        "pval_group": 0.0107421875,
        "frac_H1_rej": 0.48148148148148145
    },
    "increase_pow": {
        "pcurve": {
            "prevdiff_exp": -0.08496292788382577,
            "prevdiff_hdi": [
                -0.49989952792423226,
                0.4249643371938331
            ],
            "prevdiff_prob": 0.3362,
            "powdiff_exp": 0.27258649497467613,
            "powdiff_hdi": [
                -0.0232974156249926,
                0.5844299640529629
            ],
            "powdiff_prob": 0.958
        },
        "binom": {
            "prevdiff_exp": 0.26512180466022717,
            "prevdiff_hdi": [
                -0.3541130910737406,
                0.8587765663240259
            ],
            "prevdiff_prob": 0.7864,
            "powdiff_exp": 0.23064637576061672,
            "powdiff_hdi": [
                -0.36055373579773875,
                0.80859936979514
            ],
            "powdiff_prob": 0.7714
        },
        "pval_group": 0.205078125,
        "frac_H1_rej": 1.0
    },
    "baseline": {
        "frac_H1_rej": 0.36363636363636365
    }
}