{
    "increase_prev": {
        "pcurve": {
            "prevdiff_exp": 0.2965297913670379,
            "prevdiff_hdi": [
                -0.07490074994446028,
                0.6845154536170548
            ],
            "prevdiff_prob": 0.9288,
            "powdiff_exp": 0.07552519023128863,
            "powdiff_hdi": [
                -0.22121070344890226,
                0.35502161175545005
            ],
            "powdiff_prob": 0.7222
        },
        "binom": {
            "prevdiff_exp": 0.13928078958962978,
            "prevdiff_hdi": [
                -0.43925150533188306,
                0.7378011009685618
            ],
            "prevdiff_prob": 0.6808,
            "powdiff_exp": 0.12866034020608225,
            "powdiff_hdi": [
                -0.43529067522658765,
                0.6778648915381699
            ],
            "powdiff_prob": 0.68
        },
        "pval_group": 0.03125,
        "frac_H1_rej": 0.4
    },
    "increase_pow": {
        "pcurve": {
            "prevdiff_exp": -0.046845063735221217,
            "prevdiff_hdi": [
                -0.4706568199675902,
                0.39269979841789543
            ],
            "prevdiff_prob": 0.4182,
            "powdiff_exp": 0.34773938917893427,
            "powdiff_hdi": [
                0.0003408669328271996,
                0.6789062307315772
            ],
            "powdiff_prob": 0.963
        },
        "binom": {
            "prevdiff_exp": 0.15831400053208444,
            "prevdiff_hdi": [
                -0.469517779582702,
                0.6818685071085399
            ],
            "prevdiff_prob": 0.7046,
            "powdiff_exp": 0.15581952481442546,
            "powdiff_hdi": [
                -0.43760014099573424,
                0.6699355663760868
            ],
            "powdiff_prob": 0.7052
        },
        "pval_group": 0.6279296875,
        "frac_H1_rej": 0.9285714285714286
    },
    "baseline": {
        "frac_H1_rej": 0.42857142857142855
    }
}