{
    "increase_prev": {
        "pcurve": {
            "prevdiff_exp": 0.26257411480166976,
            "prevdiff_hdi": [
                -0.03980934251066359,
                0.5542162423103372
            ],
            "prevdiff_prob": 0.9548,
            "powdiff_exp": 0.12406920637914955,
            "powdiff_hdi": [
                -0.13979978434159868,
                0.3926067001296828
            ],
            "powdiff_prob": 0.8134
        },
        "binom": {
            "prevdiff_exp": 0.18046167823609374,
            "prevdiff_hdi": [
                -0.3015282729853014,
                0.6642888178019241
            ],
            "prevdiff_prob": 0.7468,
            "powdiff_exp": 0.17031926504630587,
            "powdiff_hdi": [
                -0.27237608769535215,
                0.6396198885459088
            ],
            "powdiff_prob": 0.7492
        },
        "pval_group": 0.00390625,
        "frac_H1_rej": 0.6
    },
    "increase_pow": {
        "pcurve": {
            "prevdiff_exp": -0.14545267202291842,
            "prevdiff_hdi": [
                -0.5233775759542121,
                0.19020800694520446
            ],
            "prevdiff_prob": 0.2216,
            "powdiff_exp": 0.24082740954341028,
            "powdiff_hdi": [
                -0.07262334066772824,
                0.5356869496737224
            ],
            "powdiff_prob": 0.9298
        },
        "binom": {
            "prevdiff_exp": 0.07593831804030124,
            "prevdiff_hdi": [
                -0.4528953504873372,
                0.6392587784957917
            ],
            "prevdiff_prob": 0.6154,
            "powdiff_exp": 0.06771712207252378,
            "powdiff_hdi": [
                -0.4459913947960648,
                0.578103814261549
            ],
            "powdiff_prob": 0.6038
        },
        "pval_group": 0.98828125,
        "frac_H1_rej": 0.8461538461538461
    },
    "baseline": {
        "frac_H1_rej": 0.4666666666666667
    }
}