{
    "increase_prev": {
        "pcurve": {
            "prevdiff_exp": 0.317026418195712,
            "prevdiff_hdi": [
                -0.08374545680818879,
                0.7328035984342391
            ],
            "prevdiff_prob": 0.9282,
            "powdiff_exp": 0.16468845111154476,
            "powdiff_hdi": [
                -0.1229674913690667,
                0.4214143477833784
            ],
            "powdiff_prob": 0.8752
        },
        "binom": {
            "prevdiff_exp": 0.24097287371020526,
            "prevdiff_hdi": [
                -0.41716178060129705,
                0.8418346277182667
            ],
            "prevdiff_prob": 0.7812,
            "powdiff_exp": 0.20371610974414417,
            "powdiff_hdi": [
                -0.40656218537683375,
                0.7823195103131289
            ],
            "powdiff_prob": 0.7606
        },
        "pval_group": 0.0009765625,
        "frac_H1_rej": 0.35714285714285715
    },
    "increase_pow": {
        "pcurve": {
            "prevdiff_exp": 0.07241361767004868,
            "prevdiff_hdi": [
                -0.379042173286838,
                0.5166892147385789
            ],
            "prevdiff_prob": 0.6078,
            "powdiff_exp": 0.34532824866356676,
            "powdiff_hdi": [
                0.01861796283904893,
                0.6224383518174577
            ],
            "powdiff_prob": 0.9776
        },
        "binom": {
            "prevdiff_exp": 0.3244718602411194,
            "prevdiff_hdi": [
                -0.24459917779504814,
                0.9020248547893676
            ],
            "prevdiff_prob": 0.8456,
            "powdiff_exp": 0.30487672286113876,
            "powdiff_hdi": [
                -0.2746985996800374,
                0.8187391075092914
            ],
            "powdiff_prob": 0.8412
        },
        "pval_group": 0.021484375,
        "frac_H1_rej": 0.9333333333333333
    },
    "baseline": {
        "frac_H1_rej": 0.3
    }
}