{
    "increase_prev": {
        "pcurve": {
            "prevdiff_exp": 0.40519160098097373,
            "prevdiff_hdi": [
                -0.06721503807828877,
                0.848660614237758
            ],
            "prevdiff_prob": 0.9276,
            "powdiff_exp": 0.27889041023738703,
            "powdiff_hdi": [
                -0.10914320289850077,
                0.5807048187590258
            ],
            "powdiff_prob": 0.914
        },
        "binom": {
            "prevdiff_exp": 0.26180094620942884,
            "prevdiff_hdi": [
                -0.3047039655365804,
                0.7948452577293971
            ],
            "prevdiff_prob": 0.8082,
            "powdiff_exp": 0.24532944018015146,
            "powdiff_hdi": [
                -0.28797136276548246,
                0.7443072011273018
            ],
            "powdiff_prob": 0.8018
        },
        "pval_group": 0.0107421875,
        "frac_H1_rej": 0.5925925925925926
    },
    "increase_pow": {
        "pcurve": {
            "prevdiff_exp": 0.31120799765980767,
            "prevdiff_hdi": [
                -0.18673783566190938,
                0.7371651392448446
            ],
            "prevdiff_prob": 0.8676,
            "powdiff_exp": 0.48073513633504206,
            "powdiff_hdi": [
                0.11194585761474174,
                0.7569561809369708
            ],
            "powdiff_prob": 0.981
        },
        "binom": {
            "prevdiff_exp": 0.3688120161361095,
            "prevdiff_hdi": [
                -0.1449423266307025,
                0.8458005203544214
            ],
            "prevdiff_prob": 0.889,
            "powdiff_exp": 0.3360761934415269,
            "powdiff_hdi": [
                -0.17450819406529228,
                0.7822939272901954
            ],
            "powdiff_prob": 0.8708
        },
        "pval_group": 0.0244140625,
        "frac_H1_rej": 0.9523809523809523
    },
    "baseline": {
        "frac_H1_rej": 0.46153846153846156
    }
}