{
    "increase_prev": {
        "pcurve": {
            "prevdiff_exp": 0.21257902510370513,
            "prevdiff_hdi": [
                -0.13969078785949396,
                0.611096579108309
            ],
            "prevdiff_prob": 0.8572,
            "powdiff_exp": 0.06841750894569454,
            "powdiff_hdi": [
                -0.20153350893797622,
                0.3210203063287093
            ],
            "powdiff_prob": 0.712
        },
        "binom": {
            "prevdiff_exp": 0.12734811883278113,
            "prevdiff_hdi": [
                -0.44697379344167426,
                0.6973820359212584
            ],
            "prevdiff_prob": 0.6726,
            "powdiff_exp": 0.12660679882771023,
            "powdiff_hdi": [
                -0.4375004499379109,
                0.6411227405304529
            ],
            "powdiff_prob": 0.6734
        },
        "pval_group": 0.0009765625,
        "frac_H1_rej": 0.43333333333333335
    },
    "increase_pow": {
        "pcurve": {
            "prevdiff_exp": -0.08302143238531323,
            "prevdiff_hdi": [
                -0.4970562303393523,
                0.30666315090629165
            ],
            "prevdiff_prob": 0.3436,
            "powdiff_exp": 0.38686803039949047,
            "powdiff_hdi": [
                0.08314033365408358,
                0.6517043333783809
            ],
            "powdiff_prob": 0.9888
        },
        "binom": {
            "prevdiff_exp": 0.18876861378195248,
            "prevdiff_hdi": [
                -0.3601402524251879,
                0.7099454161478973
            ],
            "prevdiff_prob": 0.7384,
            "powdiff_exp": 0.19192551376798145,
            "powdiff_hdi": [
                -0.32054706837046865,
                0.6882465635812046
            ],
            "powdiff_prob": 0.758
        },
        "pval_group": 0.2138671875,
        "frac_H1_rej": 1.0
    },
    "baseline": {
        "frac_H1_rej": 0.42857142857142855
    }
}