{
    "increase_prev": {
        "pcurve": {
            "prevdiff_exp": 0.1881224926996699,
            "prevdiff_hdi": [
                -0.24059376963894197,
                0.5954083652349091
            ],
            "prevdiff_prob": 0.7976,
            "powdiff_exp": 0.012455014802672942,
            "powdiff_hdi": [
                -0.31792647083709,
                0.35565941165205267
            ],
            "powdiff_prob": 0.5464
        },
        "binom": {
            "prevdiff_exp": 0.07593831804030124,
            "prevdiff_hdi": [
                -0.4528953504873372,
                0.6392587784957917
            ],
            "prevdiff_prob": 0.6154,
            "powdiff_exp": 0.06771712207252378,
            "powdiff_hdi": [
                -0.4459913947960648,
                0.578103814261549
            ],
            "powdiff_prob": 0.6038
        },
        "pval_group": 0.005859375,
        "frac_H1_rej": 0.4482758620689655
    },
    "increase_pow": {
        "pcurve": {
            "prevdiff_exp": 0.050488057521529586,
            "prevdiff_hdi": [
                -0.4006767443081564,
                0.4387161800116157
            ],
            "prevdiff_prob": 0.5916,
            "powdiff_exp": 0.14106440046122387,
            "powdiff_hdi": [
                -0.224697796345178,
                0.48023015464021257
            ],
            "powdiff_prob": 0.7864
        },
        "binom": {
            "prevdiff_exp": 0.09824685632040636,
            "prevdiff_hdi": [
                -0.4504361746328593,
                0.5949655075398061
            ],
            "prevdiff_prob": 0.6356,
            "powdiff_exp": 0.09200818989290167,
            "powdiff_hdi": [
                -0.41606465604034126,
                0.5700181479327263
            ],
            "powdiff_prob": 0.639
        },
        "pval_group": 0.142578125,
        "frac_H1_rej": 0.8666666666666667
    },
    "baseline": {
        "frac_H1_rej": 0.6666666666666666
    }
}