{
    "increase_prev": {
        "pcurve": {
            "prevdiff_exp": 0.3920884855257633,
            "prevdiff_hdi": [
                -0.010767500865600743,
                0.7521788237320076
            ],
            "prevdiff_prob": 0.9636,
            "powdiff_exp": 0.07396850897479951,
            "powdiff_hdi": [
                -0.2957681690229358,
                0.4010181977805443
            ],
            "powdiff_prob": 0.6624
        },
        "binom": {
            "prevdiff_exp": 0.1642448374326108,
            "prevdiff_hdi": [
                -0.3787641881454532,
                0.6650928293874636
            ],
            "prevdiff_prob": 0.718,
            "powdiff_exp": 0.15832308140783743,
            "powdiff_hdi": [
                -0.3787338833513173,
                0.6140403466343308
            ],
            "powdiff_prob": 0.717
        },
        "pval_group": 0.0068359375,
        "frac_H1_rej": 0.5925925925925926
    },
    "increase_pow": {
        "pcurve": {
            "prevdiff_exp": -0.04308398620413192,
            "prevdiff_hdi": [
                -0.5025417636851393,
                0.38140381758511915
            ],
            "prevdiff_prob": 0.442,
            "powdiff_exp": 0.2388743088759795,
            "powdiff_hdi": [
                -0.18609917348080274,
                0.6284211001548621
            ],
            "powdiff_prob": 0.8566
        },
        "binom": {
            "prevdiff_exp": 0.0837911315409848,
            "prevdiff_hdi": [
                -0.4678493899759329,
                0.674501780275422
            ],
            "prevdiff_prob": 0.6114,
            "powdiff_exp": 0.06584518185922297,
            "powdiff_hdi": [
                -0.49862899932598376,
                0.599270978656073
            ],
            "powdiff_prob": 0.5892
        },
        "pval_group": 0.6689453125,
        "frac_H1_rej": 1.0
    },
    "baseline": {
        "frac_H1_rej": 0.6153846153846154
    }
}