{
    "increase_prev": {
        "pcurve": {
            "prevdiff_exp": 0.06188650247675225,
            "prevdiff_hdi": [
                -0.2865574864232605,
                0.4081253672535118
            ],
            "prevdiff_prob": 0.6244,
            "powdiff_exp": 0.17864534503500792,
            "powdiff_hdi": [
                -0.04096630495951292,
                0.38001364229448426
            ],
            "powdiff_prob": 0.9458
        },
        "binom": {
            "prevdiff_exp": 0.2757073980780812,
            "prevdiff_hdi": [
                -0.3467688247133779,
                0.8035521512511697
            ],
            "prevdiff_prob": 0.8018,
            "powdiff_exp": 0.268158743695672,
            "powdiff_hdi": [
                -0.30109507152523607,
                0.807761469069551
            ],
            "powdiff_prob": 0.8074
        },
        "pval_group": 0.0087890625,
        "frac_H1_rej": 0.5
    },
    "increase_pow": {
        "pcurve": {
            "prevdiff_exp": -0.4351491272183719,
            "prevdiff_hdi": [
                -0.7573661128649759,
                -0.07441069352884228
            ],
            "prevdiff_prob": 0.02,
            "powdiff_exp": 0.4867540905831378,
            "powdiff_hdi": [
                0.21465822842148874,
                0.738366417596352
            ],
            "powdiff_prob": 0.9982
        },
        "binom": {
            "prevdiff_exp": 0.19220841154716706,
            "prevdiff_hdi": [
                -0.4019318782099181,
                0.8467984729501401
            ],
            "prevdiff_prob": 0.7244,
            "powdiff_exp": 0.16699813057867743,
            "powdiff_hdi": [
                -0.4660747850865876,
                0.7368521305563903
            ],
            "powdiff_prob": 0.716
        },
        "pval_group": 0.68359375,
        "frac_H1_rej": 0.9166666666666666
    },
    "baseline": {
        "frac_H1_rej": 0.35714285714285715
    }
}