{
    "increase_prev": {
        "pcurve": {
            "prevdiff_exp": 0.33542029101002774,
            "prevdiff_hdi": [
                -0.11741000416966185,
                0.717845470626775
            ],
            "prevdiff_prob": 0.9206,
            "powdiff_exp": -0.03598693832811811,
            "powdiff_hdi": [
                -0.4050445279623723,
                0.30116779436094476
            ],
            "powdiff_prob": 0.4402
        },
        "binom": {
            "prevdiff_exp": 0.0837911315409848,
            "prevdiff_hdi": [
                -0.4678493899759329,
                0.674501780275422
            ],
            "prevdiff_prob": 0.6114,
            "powdiff_exp": 0.06584518185922297,
            "powdiff_hdi": [
                -0.49862899932598376,
                0.599270978656073
            ],
            "powdiff_prob": 0.5892
        },
        "pval_group": 0.0029296875,
        "frac_H1_rej": 0.46153846153846156
    },
    "increase_pow": {
        "pcurve": {
            "prevdiff_exp": 0.039667509221974526,
            "prevdiff_hdi": [
                -0.3742154587316532,
                0.43172218793776956
            ],
            "prevdiff_prob": 0.5896,
            "powdiff_exp": 0.19300772113114836,
            "powdiff_hdi": [
                -0.1799097337611048,
                0.5677373575836946
            ],
            "powdiff_prob": 0.8314
        },
        "binom": {
            "prevdiff_exp": 0.10282434248343943,
            "prevdiff_hdi": [
                -0.46391285844393804,
                0.640850572071314
            ],
            "prevdiff_prob": 0.6488,
            "powdiff_exp": 0.0930043664675662,
            "powdiff_hdi": [
                -0.43314687785795697,
                0.619064719114842
            ],
            "powdiff_prob": 0.6322
        },
        "pval_group": 0.0517578125,
        "frac_H1_rej": 0.9090909090909091
    },
    "baseline": {
        "frac_H1_rej": 0.4
    }
}