{
    "increase_prev": {
        "pcurve": {
            "prevdiff_exp": 0.3889467803346659,
            "prevdiff_hdi": [
                -0.1045267082349064,
                0.884426753529816
            ],
            "prevdiff_prob": 0.903,
            "powdiff_exp": 0.24076420877007668,
            "powdiff_hdi": [
                -0.12006763702599832,
                0.5442818308449802
            ],
            "powdiff_prob": 0.9196
        },
        "binom": {
            "prevdiff_exp": 0.3471760472951625,
            "prevdiff_hdi": [
                -0.2666603518363327,
                0.9234581379003726
            ],
            "prevdiff_prob": 0.8452,
            "powdiff_exp": 0.36055487007165826,
            "powdiff_hdi": [
                -0.2380676433303308,
                0.8696746718182069
            ],
            "powdiff_prob": 0.8674
        },
        "pval_group": 0.0009765625,
        "frac_H1_rej": 0.5
    },
    "increase_pow": {
        "pcurve": {
            "prevdiff_exp": 0.03632313489465317,
            "prevdiff_hdi": [
                -0.5189033398050757,
                0.5462865673236968
            ],
            "prevdiff_prob": 0.5568,
            "powdiff_exp": 0.4525361030095837,
            "powdiff_hdi": [
                0.045893434862997684,
                0.7973088561136904
            ],
            "powdiff_prob": 0.9642
        },
        "binom": {
            "prevdiff_exp": 0.2878259917142703,
            "prevdiff_hdi": [
                -0.4014558182959421,
                0.8700002324922181
            ],
            "prevdiff_prob": 0.8054,
            "powdiff_exp": 0.28632452297113625,
            "powdiff_hdi": [
                -0.31719943399925055,
                0.8784749939768535
            ],
            "powdiff_prob": 0.8136
        },
        "pval_group": 0.77734375,
        "frac_H1_rej": 0.9090909090909091
    },
    "baseline": {
        "frac_H1_rej": 0.25
    }
}