{
    "increase_prev": {
        "pcurve": {
            "prevdiff_exp": 0.3395798721527278,
            "prevdiff_hdi": [
                -0.06619827572188808,
                0.7379919691082533
            ],
            "prevdiff_prob": 0.9316,
            "powdiff_exp": 0.045655469615166984,
            "powdiff_hdi": [
                -0.3155103745735558,
                0.37594667100349893
            ],
            "powdiff_prob": 0.629
        },
        "binom": {
            "prevdiff_exp": 0.10282434248343943,
            "prevdiff_hdi": [
                -0.46391285844393804,
                0.640850572071314
            ],
            "prevdiff_prob": 0.6488,
            "powdiff_exp": 0.0930043664675662,
            "powdiff_hdi": [
                -0.43314687785795697,
                0.619064719114842
            ],
            "powdiff_prob": 0.6322
        },
        "pval_group": 0.0078125,
        "frac_H1_rej": 0.43333333333333335
    },
    "increase_pow": {
        "pcurve": {
            "prevdiff_exp": -0.08925847479248912,
            "prevdiff_hdi": [
                -0.5384283510031491,
                0.3331571058436532
            ],
            "prevdiff_prob": 0.3632,
            "powdiff_exp": 0.3340328033343956,
            "powdiff_hdi": [
                -0.04567358757853318,
                0.7257270783372232
            ],
            "powdiff_prob": 0.9384
        },
        "binom": {
            "prevdiff_exp": 0.059642200590962854,
            "prevdiff_hdi": [
                -0.5372476920602589,
                0.6438613336255519
            ],
            "prevdiff_prob": 0.5774,
            "powdiff_exp": 0.038914915842750405,
            "powdiff_hdi": [
                -0.53679028020581,
                0.5702679956246971
            ],
            "powdiff_prob": 0.5574
        },
        "pval_group": 0.4697265625,
        "frac_H1_rej": 0.9166666666666666
    },
    "baseline": {
        "frac_H1_rej": 0.5384615384615384
    }
}