{
    "increase_prev": {
        "pcurve": {
            "prevdiff_exp": 0.19122443462361474,
            "prevdiff_hdi": [
                -0.08614708629135281,
                0.5092421931325098
            ],
            "prevdiff_prob": 0.8928,
            "powdiff_exp": 0.185055899887853,
            "powdiff_hdi": [
                -0.057445819104775364,
                0.41207708083280153
            ],
            "powdiff_prob": 0.9272
        },
        "binom": {
            "prevdiff_exp": 0.143141187121877,
            "prevdiff_hdi": [
                -0.38740471006485294,
                0.6710863002707265
            ],
            "prevdiff_prob": 0.6864,
            "powdiff_exp": 0.14007552895974498,
            "powdiff_hdi": [
                -0.39332672104633926,
                0.6305774621765518
            ],
            "powdiff_prob": 0.6988
        },
        "pval_group": 0.025390625,
        "frac_H1_rej": 0.4827586206896552
    },
    "increase_pow": {
        "pcurve": {
            "prevdiff_exp": 0.007289033254208698,
            "prevdiff_hdi": [
                -0.35122909706489125,
                0.36853475711345496
            ],
            "prevdiff_prob": 0.4884,
            "powdiff_exp": 0.40304362271176936,
            "powdiff_hdi": [
                0.1390675752569207,
                0.635662474695299
            ],
            "powdiff_prob": 0.9974
        },
        "binom": {
            "prevdiff_exp": 0.24466435784951154,
            "prevdiff_hdi": [
                -0.23836581196912698,
                0.7097502751335261
            ],
            "prevdiff_prob": 0.8076,
            "powdiff_exp": 0.2359348955035367,
            "powdiff_hdi": [
                -0.25233995838013124,
                0.6588590585937351
            ],
            "powdiff_prob": 0.8116
        },
        "pval_group": 0.0048828125,
        "frac_H1_rej": 0.95
    },
    "baseline": {
        "frac_H1_rej": 0.47058823529411764
    }
}