{
    "increase_prev": {
        "pcurve": {
            "prevdiff_exp": 0.13592032434980428,
            "prevdiff_hdi": [
                -0.1996106362154726,
                0.48397808853560104
            ],
            "prevdiff_prob": 0.7818,
            "powdiff_exp": 0.06621275726425471,
            "powdiff_hdi": [
                -0.1885719494303728,
                0.3155288551969673
            ],
            "powdiff_prob": 0.6952
        },
        "binom": {
            "prevdiff_exp": 0.09824685632040636,
            "prevdiff_hdi": [
                -0.4504361746328593,
                0.5949655075398061
            ],
            "prevdiff_prob": 0.6356,
            "powdiff_exp": 0.09200818989290167,
            "powdiff_hdi": [
                -0.41606465604034126,
                0.5700181479327263
            ],
            "powdiff_prob": 0.639
        },
        "pval_group": 0.0302734375,
        "frac_H1_rej": 0.4666666666666667
    },
    "increase_pow": {
        "pcurve": {
            "prevdiff_exp": -0.16083441320558392,
            "prevdiff_hdi": [
                -0.49028299024828786,
                0.17128657436646666
            ],
            "prevdiff_prob": 0.182,
            "powdiff_exp": 0.4347847578649136,
            "powdiff_hdi": [
                0.18720535551637107,
                0.6854157920002839
            ],
            "powdiff_prob": 0.9986
        },
        "binom": {
            "prevdiff_exp": 0.1373588129894726,
            "prevdiff_hdi": [
                -0.3486244795314629,
                0.6650779719949589
            ],
            "prevdiff_prob": 0.6968,
            "powdiff_exp": 0.13303583701279498,
            "powdiff_hdi": [
                -0.3522935981112537,
                0.6119280694944255
            ],
            "powdiff_prob": 0.6948
        },
        "pval_group": 0.6435546875,
        "frac_H1_rej": 1.0
    },
    "baseline": {
        "frac_H1_rej": 0.5714285714285714
    }
}