{
    "increase_prev": {
        "pcurve": {
            "prevdiff_exp": 0.4629361540578697,
            "prevdiff_hdi": [
                -0.03218445690709204,
                0.8938469592103048
            ],
            "prevdiff_prob": 0.95,
            "powdiff_exp": 0.18948298354633789,
            "powdiff_hdi": [
                -0.23802692207675796,
                0.5144072171747882
            ],
            "powdiff_prob": 0.8428
        },
        "binom": {
            "prevdiff_exp": 0.26512180466022717,
            "prevdiff_hdi": [
                -0.3541130910737406,
                0.8587765663240259
            ],
            "prevdiff_prob": 0.7864,
            "powdiff_exp": 0.23064637576061672,
            "powdiff_hdi": [
                -0.36055373579773875,
                0.80859936979514
            ],
            "powdiff_prob": 0.7714
        },
        "pval_group": 0.00390625,
        "frac_H1_rej": 0.41379310344827586
    },
    "increase_pow": {
        "pcurve": {
            "prevdiff_exp": 0.08124302013002867,
            "prevdiff_hdi": [
                -0.48220940388279643,
                0.5695086577960025
            ],
            "prevdiff_prob": 0.6292,
            "powdiff_exp": 0.4056551849368989,
            "powdiff_hdi": [
                -0.06838037005604347,
                0.7558475949081307
            ],
            "powdiff_prob": 0.9422
        },
        "binom": {
            "prevdiff_exp": 0.26512180466022717,
            "prevdiff_hdi": [
                -0.3541130910737406,
                0.8587765663240259
            ],
            "prevdiff_prob": 0.7864,
            "powdiff_exp": 0.23064637576061672,
            "powdiff_hdi": [
                -0.36055373579773875,
                0.80859936979514
            ],
            "powdiff_prob": 0.7714
        },
        "pval_group": 0.5205078125,
        "frac_H1_rej": 1.0
    },
    "baseline": {
        "frac_H1_rej": 0.3076923076923077
    }
}