{
    "increase_prev": {
        "pcurve": {
            "prevdiff_exp": 0.19294627002648107,
            "prevdiff_hdi": [
                -0.10471644657944357,
                0.5558993553363336
            ],
            "prevdiff_prob": 0.8784,
            "powdiff_exp": 0.2827759139728303,
            "powdiff_hdi": [
                0.04913592769843589,
                0.526046203544013
            ],
            "powdiff_prob": 0.979
        },
        "binom": {
            "prevdiff_exp": 0.34222046662632966,
            "prevdiff_hdi": [
                -0.18904787736612827,
                0.8159634310143895
            ],
            "prevdiff_prob": 0.8672,
            "powdiff_exp": 0.32294125427585074,
            "powdiff_hdi": [
                -0.19423074264723006,
                0.7798522514122804
            ],
            "powdiff_prob": 0.8648
        },
        "pval_group": 0.001953125,
        "frac_H1_rej": 0.6666666666666666
    },
    "increase_pow": {
        "pcurve": {
            "prevdiff_exp": -0.32905405902145457,
            "prevdiff_hdi": [
                -0.6589710750775115,
                0.08896558974503543
            ],
            "prevdiff_prob": 0.0652,
            "powdiff_exp": 0.4601246484484851,
            "powdiff_hdi": [
                0.1594103787435467,
                0.7155326296879331
            ],
            "powdiff_prob": 0.9946
        },
        "binom": {
            "prevdiff_exp": 0.18134724031780283,
            "prevdiff_hdi": [
                -0.41085524822389996,
                0.7829015215454744
            ],
            "prevdiff_prob": 0.7148,
            "powdiff_exp": 0.15285154063153705,
            "powdiff_hdi": [
                -0.44046063338073094,
                0.694930345960663
            ],
            "powdiff_prob": 0.7082
        },
        "pval_group": 0.1796875,
        "frac_H1_rej": 1.0
    },
    "baseline": {
        "frac_H1_rej": 0.375
    }
}