{
    "increase_prev": {
        "pcurve": {
            "prevdiff_exp": 0.3071303519351102,
            "prevdiff_hdi": [
                -0.10346384929036812,
                0.7485716427004208
            ],
            "prevdiff_prob": 0.9116,
            "powdiff_exp": 0.18570701681008786,
            "powdiff_hdi": [
                -0.11534521734484243,
                0.4472720198901788
            ],
            "powdiff_prob": 0.905
        },
        "binom": {
            "prevdiff_exp": 0.2003804512602575,
            "prevdiff_hdi": [
                -0.42096537519291255,
                0.751552573457396
            ],
            "prevdiff_prob": 0.7442,
            "powdiff_exp": 0.18001072523988026,
            "powdiff_hdi": [
                -0.3936470525743901,
                0.6977605694974172
            ],
            "powdiff_prob": 0.7366
        },
        "pval_group": 0.00390625,
        "frac_H1_rej": 0.4482758620689655
    },
    "increase_pow": {
        "pcurve": {
            "prevdiff_exp": -0.03455586085941641,
            "prevdiff_hdi": [
                -0.46723892068375233,
                0.4513497180999799
            ],
            "prevdiff_prob": 0.434,
            "powdiff_exp": 0.4786306961900453,
            "powdiff_hdi": [
                0.15190547510601227,
                0.7464151805264088
            ],
            "powdiff_prob": 0.9914
        },
        "binom": {
            "prevdiff_exp": 0.2226889895403626,
            "prevdiff_hdi": [
                -0.3605755328540975,
                0.7810150693148055
            ],
            "prevdiff_prob": 0.7698,
            "powdiff_exp": 0.20430179306025814,
            "powdiff_hdi": [
                -0.3659388742499372,
                0.7235969266582232
            ],
            "powdiff_prob": 0.7584
        },
        "pval_group": 0.275390625,
        "frac_H1_rej": 0.9333333333333333
    },
    "baseline": {
        "frac_H1_rej": 0.42857142857142855
    }
}