{
    "increase_prev": {
        "pcurve": {
            "prevdiff_exp": 0.17764507087963824,
            "prevdiff_hdi": [
                -0.19101881144471322,
                0.591677432923682
            ],
            "prevdiff_prob": 0.7934,
            "powdiff_exp": 0.2591551179568616,
            "powdiff_hdi": [
                -0.01857738566074263,
                0.509317658753149
            ],
            "powdiff_prob": 0.9572
        },
        "binom": {
            "prevdiff_exp": 0.30490381145604994,
            "prevdiff_hdi": [
                -0.23984474766249508,
                0.8244437839585744
            ],
            "prevdiff_prob": 0.8394,
            "powdiff_exp": 0.2826128682136624,
            "powdiff_hdi": [
                -0.23596790094838882,
                0.7686087244330668
            ],
            "powdiff_prob": 0.8292
        },
        "pval_group": 0.0048828125,
        "frac_H1_rej": 0.6
    },
    "increase_pow": {
        "pcurve": {
            "prevdiff_exp": -0.2525846405249371,
            "prevdiff_hdi": [
                -0.6867170519500286,
                0.19158485426194638
            ],
            "prevdiff_prob": 0.1506,
            "powdiff_exp": 0.33524180216316635,
            "powdiff_hdi": [
                -0.042344532028356974,
                0.6564758178929648
            ],
            "powdiff_prob": 0.9532
        },
        "binom": {
            "prevdiff_exp": 0.12444213321995623,
            "prevdiff_hdi": [
                -0.4981916736341053,
                0.7353036702573679
            ],
            "prevdiff_prob": 0.6566,
            "powdiff_exp": 0.11229360316735647,
            "powdiff_hdi": [
                -0.47725614413824463,
                0.6833486727929745
            ],
            "powdiff_prob": 0.6448
        },
        "pval_group": 0.970703125,
        "frac_H1_rej": 0.8333333333333334
    },
    "baseline": {
        "frac_H1_rej": 0.46153846153846156
    }
}