{
    "increase_prev": {
        "pcurve": {
            "prevdiff_exp": 0.5225039911087747,
            "prevdiff_hdi": [
                0.11216406420819613,
                0.8649865479834047
            ],
            "prevdiff_prob": 0.9866,
            "powdiff_exp": 0.009643607605205546,
            "powdiff_hdi": [
                -0.396554461062547,
                0.38442585183615713
            ],
            "powdiff_prob": 0.528
        },
        "binom": {
            "prevdiff_exp": 0.25769909171974875,
            "prevdiff_hdi": [
                -0.37303199111269214,
                0.8166293287071859
            ],
            "prevdiff_prob": 0.7928,
            "powdiff_exp": 0.2453786490238711,
            "powdiff_hdi": [
                -0.34456291192190425,
                0.771228693050741
            ],
            "powdiff_prob": 0.7932
        },
        "pval_group": 0.0009765625,
        "frac_H1_rej": 0.5
    },
    "increase_pow": {
        "pcurve": {
            "prevdiff_exp": 0.2482921813908286,
            "prevdiff_hdi": [
                -0.16737976075837846,
                0.6424365865330782
            ],
            "prevdiff_prob": 0.8738,
            "powdiff_exp": 0.3476343844879758,
            "powdiff_hdi": [
                -0.04992750465446749,
                0.740784062097648
            ],
            "powdiff_prob": 0.9454
        },
        "binom": {
            "prevdiff_exp": 0.35511012887856314,
            "prevdiff_hdi": [
                -0.20588124458997492,
                0.8461788116823477
            ],
            "prevdiff_prob": 0.8636,
            "powdiff_exp": 0.35098791043688116,
            "powdiff_hdi": [
                -0.22356966656867416,
                0.8045328741841651
            ],
            "powdiff_prob": 0.877
        },
        "pval_group": 0.0009765625,
        "frac_H1_rej": 1.0
    },
    "baseline": {
        "frac_H1_rej": 0.36363636363636365
    }
}