{
    "increase_prev": {
        "pcurve": {
            "prevdiff_exp": 0.0939562912050249,
            "prevdiff_hdi": [
                -0.2092262503419099,
                0.4778652424461144
            ],
            "prevdiff_prob": 0.6836,
            "powdiff_exp": 0.2916786702364226,
            "powdiff_hdi": [
                0.05412037300089012,
                0.5380724299154656
            ],
            "powdiff_prob": 0.9838
        },
        "binom": {
            "prevdiff_exp": 0.18046167823609374,
            "prevdiff_hdi": [
                -0.3015282729853014,
                0.6642888178019241
            ],
            "prevdiff_prob": 0.7468,
            "powdiff_exp": 0.17031926504630587,
            "powdiff_hdi": [
                -0.27237608769535215,
                0.6396198885459088
            ],
            "powdiff_prob": 0.7492
        },
        "pval_group": 0.0009765625,
        "frac_H1_rej": 0.6428571428571429
    },
    "increase_pow": {
        "pcurve": {
            "prevdiff_exp": -0.1473909425552141,
            "prevdiff_hdi": [
                -0.493204877809396,
                0.2231487865080059
            ],
            "prevdiff_prob": 0.209,
            "powdiff_exp": 0.38277228067032476,
            "powdiff_hdi": [
                0.11119572448021153,
                0.622752962174808
            ],
            "powdiff_prob": 0.9926
        },
        "binom": {
            "prevdiff_exp": 0.1373588129894726,
            "prevdiff_hdi": [
                -0.3486244795314629,
                0.6650779719949589
            ],
            "prevdiff_prob": 0.6968,
            "powdiff_exp": 0.13303583701279498,
            "powdiff_hdi": [
                -0.3522935981112537,
                0.6119280694944255
            ],
            "powdiff_prob": 0.6948
        },
        "pval_group": 0.431640625,
        "frac_H1_rej": 1.0
    },
    "baseline": {
        "frac_H1_rej": 0.6153846153846154
    }
}