{
    "increase_prev": {
        "pcurve": {
            "prevdiff_exp": 0.511824982704244,
            "prevdiff_hdi": [
                0.08828713794334753,
                0.8754348810482996
            ],
            "prevdiff_prob": 0.9822,
            "powdiff_exp": 0.047614433407343434,
            "powdiff_hdi": [
                -0.35348283152426857,
                0.42571584709020527
            ],
            "powdiff_prob": 0.6054
        },
        "binom": {
            "prevdiff_exp": 0.18062253881218956,
            "prevdiff_hdi": [
                -0.3789316948430904,
                0.7234811371995367
            ],
            "prevdiff_prob": 0.722,
            "powdiff_exp": 0.1801105926348034,
            "powdiff_hdi": [
                -0.411696681371733,
                0.6611925403527096
            ],
            "powdiff_prob": 0.7364
        },
        "pval_group": 0.0009765625,
        "frac_H1_rej": 0.5384615384615384
    },
    "increase_pow": {
        "pcurve": {
            "prevdiff_exp": 0.28632151034212716,
            "prevdiff_hdi": [
                -0.15147884806476752,
                0.6761070326369981
            ],
            "prevdiff_prob": 0.896,
            "powdiff_exp": 0.35711885969129964,
            "powdiff_hdi": [
                -0.03200784607733442,
                0.7473638001925431
            ],
            "powdiff_prob": 0.945
        },
        "binom": {
            "prevdiff_exp": 0.2358705197224826,
            "prevdiff_hdi": [
                -0.31139585837079886,
                0.7326651693531159
            ],
            "prevdiff_prob": 0.79,
            "powdiff_exp": 0.24824073109901243,
            "powdiff_hdi": [
                -0.26538307971165576,
                0.7268303801501576
            ],
            "powdiff_prob": 0.812
        },
        "pval_group": 0.0048828125,
        "frac_H1_rej": 1.0
    },
    "baseline": {
        "frac_H1_rej": 0.5
    }
}