{
    "increase_prev": {
        "pcurve": {
            "prevdiff_exp": 0.20795943668049344,
            "prevdiff_hdi": [
                -0.23243154328784288,
                0.6238320269062566
            ],
            "prevdiff_prob": 0.8004,
            "powdiff_exp": 0.25892434165921213,
            "powdiff_hdi": [
                -0.060691210059522605,
                0.5560328548250958
            ],
            "powdiff_prob": 0.9332
        },
        "binom": {
            "prevdiff_exp": 0.198630845170522,
            "prevdiff_hdi": [
                -0.35708615240591746,
                0.7424931583026386
            ],
            "prevdiff_prob": 0.7498,
            "powdiff_exp": 0.20289068730660423,
            "powdiff_hdi": [
                -0.3435128745420697,
                0.6837769918460008
            ],
            "powdiff_prob": 0.7638
        },
        "pval_group": 0.001953125,
        "frac_H1_rej": 0.5172413793103449
    },
    "increase_pow": {
        "pcurve": {
            "prevdiff_exp": -0.0799877995888389,
            "prevdiff_hdi": [
                -0.5429976869731151,
                0.33876928628828457
            ],
            "prevdiff_prob": 0.3788,
            "powdiff_exp": 0.4305806445662724,
            "powdiff_hdi": [
                0.11192731327399874,
                0.7394205457662918
            ],
            "powdiff_prob": 0.9864
        },
        "binom": {
            "prevdiff_exp": 0.18062253881218956,
            "prevdiff_hdi": [
                -0.3789316948430904,
                0.7234811371995367
            ],
            "prevdiff_prob": 0.722,
            "powdiff_exp": 0.1801105926348034,
            "powdiff_hdi": [
                -0.411696681371733,
                0.6611925403527096
            ],
            "powdiff_prob": 0.7364
        },
        "pval_group": 0.013671875,
        "frac_H1_rej": 0.9333333333333333
    },
    "baseline": {
        "frac_H1_rej": 0.5555555555555556
    }
}