{
    "increase_prev": {
        "pcurve": {
            "prevdiff_exp": 0.2650560729997628,
            "prevdiff_hdi": [
                -0.08025040296972585,
                0.6683399680427127
            ],
            "prevdiff_prob": 0.9094,
            "powdiff_exp": 0.07590333843826422,
            "powdiff_hdi": [
                -0.24025249770125706,
                0.341992471716299
            ],
            "powdiff_prob": 0.7052
        },
        "binom": {
            "prevdiff_exp": 0.18876861378195248,
            "prevdiff_hdi": [
                -0.3601402524251879,
                0.7099454161478973
            ],
            "prevdiff_prob": 0.7384,
            "powdiff_exp": 0.19192551376798145,
            "powdiff_hdi": [
                -0.32054706837046865,
                0.6882465635812046
            ],
            "powdiff_prob": 0.758
        },
        "pval_group": 0.0244140625,
        "frac_H1_rej": 0.5517241379310345
    },
    "increase_pow": {
        "pcurve": {
            "prevdiff_exp": -0.13170501951518546,
            "prevdiff_hdi": [
                -0.581219772278448,
                0.29227423759731364
            ],
            "prevdiff_prob": 0.2792,
            "powdiff_exp": 0.20297427189545716,
            "powdiff_hdi": [
                -0.1870658338777914,
                0.559335764435165
            ],
            "powdiff_prob": 0.851
        },
        "binom": {
            "prevdiff_exp": 0.10831490789032648,
            "prevdiff_hdi": [
                -0.5019099045829167,
                0.6588128193176792
            ],
            "prevdiff_prob": 0.6384,
            "powdiff_exp": 0.09944761421936701,
            "powdiff_hdi": [
                -0.46053350532630905,
                0.6248992146799097
            ],
            "powdiff_prob": 0.6358
        },
        "pval_group": 0.66015625,
        "frac_H1_rej": 1.0
    },
    "baseline": {
        "frac_H1_rej": 0.47058823529411764
    }
}