{
    "increase_prev": {
        "pcurve": {
            "prevdiff_exp": 0.3401098515382879,
            "prevdiff_hdi": [
                -0.12021647244869127,
                0.791110260710476
            ],
            "prevdiff_prob": 0.8944,
            "powdiff_exp": 0.15583960724544954,
            "powdiff_hdi": [
                -0.26338744752351384,
                0.47397660106435846
            ],
            "powdiff_prob": 0.814
        },
        "binom": {
            "prevdiff_exp": 0.2003804512602575,
            "prevdiff_hdi": [
                -0.42096537519291255,
                0.751552573457396
            ],
            "prevdiff_prob": 0.7442,
            "powdiff_exp": 0.18001072523988026,
            "powdiff_hdi": [
                -0.3936470525743901,
                0.6977605694974172
            ],
            "powdiff_prob": 0.7366
        },
        "pval_group": 0.0595703125,
        "frac_H1_rej": 0.4642857142857143
    },
    "increase_pow": {
        "pcurve": {
            "prevdiff_exp": 0.012290491798814484,
            "prevdiff_hdi": [
                -0.49165188913765906,
                0.4799456042561692
            ],
            "prevdiff_prob": 0.5284,
            "powdiff_exp": 0.382949153686136,
            "powdiff_hdi": [
                -0.04060436636540388,
                0.7140443951869695
            ],
            "powdiff_prob": 0.9496
        },
        "binom": {
            "prevdiff_exp": 0.2003804512602575,
            "prevdiff_hdi": [
                -0.42096537519291255,
                0.751552573457396
            ],
            "prevdiff_prob": 0.7442,
            "powdiff_exp": 0.18001072523988026,
            "powdiff_hdi": [
                -0.3936470525743901,
                0.6977605694974172
            ],
            "powdiff_prob": 0.7366
        },
        "pval_group": 0.7919921875,
        "frac_H1_rej": 0.9285714285714286
    },
    "baseline": {
        "frac_H1_rej": 0.4
    }
}