{
    "increase_prev": {
        "pcurve": {
            "prevdiff_exp": 0.30345020659516114,
            "prevdiff_hdi": [
                -0.07959323522023831,
                0.6956036088649558
            ],
            "prevdiff_prob": 0.927,
            "powdiff_exp": 0.07022763246109587,
            "powdiff_hdi": [
                -0.1996137020001022,
                0.34887357309043177
            ],
            "powdiff_prob": 0.7168
        },
        "binom": {
            "prevdiff_exp": 0.13256621095620422,
            "prevdiff_hdi": [
                -0.5173907485098828,
                0.7875955509898785
            ],
            "prevdiff_prob": 0.6692,
            "powdiff_exp": 0.12808321473592701,
            "powdiff_hdi": [
                -0.48994352799983326,
                0.7603473497560782
            ],
            "powdiff_prob": 0.6664
        },
        "pval_group": 0.0234375,
        "frac_H1_rej": 0.32142857142857145
    },
    "increase_pow": {
        "pcurve": {
            "prevdiff_exp": 0.2613954648114933,
            "prevdiff_hdi": [
                -0.12598701429147363,
                0.6477616877037994
            ],
            "prevdiff_prob": 0.8856,
            "powdiff_exp": 0.3793285004222714,
            "powdiff_hdi": [
                0.0984692544744799,
                0.6506244372724597
            ],
            "powdiff_prob": 0.9868
        },
        "binom": {
            "prevdiff_exp": 0.37723056880571576,
            "prevdiff_hdi": [
                -0.19135458042020792,
                0.8564133944520281
            ],
            "prevdiff_prob": 0.8816,
            "powdiff_exp": 0.36401811023946373,
            "powdiff_hdi": [
                -0.16665481758781164,
                0.8362879644991684
            ],
            "powdiff_prob": 0.883
        },
        "pval_group": 0.0234375,
        "frac_H1_rej": 1.0
    },
    "baseline": {
        "frac_H1_rej": 0.23076923076923078
    }
}