{
    "increase_prev": {
        "pcurve": {
            "prevdiff_exp": 0.28869697942507383,
            "prevdiff_hdi": [
                -0.07257003127974126,
                0.6514016341720792
            ],
            "prevdiff_prob": 0.9316,
            "powdiff_exp": 0.15697300214625326,
            "powdiff_hdi": [
                -0.13701350971080323,
                0.45555475019106806
            ],
            "powdiff_prob": 0.8558
        },
        "binom": {
            "prevdiff_exp": 0.14965665711288625,
            "prevdiff_hdi": [
                -0.4163530545531227,
                0.6808775977880356
            ],
            "prevdiff_prob": 0.6946,
            "powdiff_exp": 0.15089786664808813,
            "powdiff_hdi": [
                -0.37586251276460314,
                0.6580555930080574
            ],
            "powdiff_prob": 0.7124
        },
        "pval_group": 0.0068359375,
        "frac_H1_rej": 0.5
    },
    "increase_pow": {
        "pcurve": {
            "prevdiff_exp": -0.2166278007368483,
            "prevdiff_hdi": [
                -0.6117637614539082,
                0.18248330504080668
            ],
            "prevdiff_prob": 0.1554,
            "powdiff_exp": 0.36623009103627485,
            "powdiff_hdi": [
                0.03896896260678595,
                0.6884188390377821
            ],
            "powdiff_prob": 0.9744
        },
        "binom": {
            "prevdiff_exp": 0.08416597694030455,
            "prevdiff_hdi": [
                -0.524650119485932,
                0.6720343787907468
            ],
            "prevdiff_prob": 0.6084,
            "powdiff_exp": 0.07251734820289443,
            "powdiff_hdi": [
                -0.4931761968061457,
                0.63541072855389
            ],
            "powdiff_prob": 0.5994
        },
        "pval_group": 0.9111328125,
        "frac_H1_rej": 1.0
    },
    "baseline": {
        "frac_H1_rej": 0.5384615384615384
    }
}