{
    "increase_prev": {
        "pcurve": {
            "prevdiff_exp": 0.4016555909284047,
            "prevdiff_hdi": [
                0.03273970990335784,
                0.7496339025626158
            ],
            "prevdiff_prob": 0.9752,
            "powdiff_exp": 0.07460135483801292,
            "powdiff_hdi": [
                -0.2715018646088799,
                0.4083760102321829
            ],
            "powdiff_prob": 0.6708
        },
        "binom": {
            "prevdiff_exp": 0.2318714790285736,
            "prevdiff_hdi": [
                -0.2844211942886189,
                0.7332259702947241
            ],
            "prevdiff_prob": 0.7816,
            "powdiff_exp": 0.22920894180149234,
            "powdiff_hdi": [
                -0.304989565225532,
                0.6604455880455685
            ],
            "powdiff_prob": 0.7906
        },
        "pval_group": 0.0029296875,
        "frac_H1_rej": 0.6206896551724138
    },
    "increase_pow": {
        "pcurve": {
            "prevdiff_exp": 0.08558872391724921,
            "prevdiff_hdi": [
                -0.3541115142418426,
                0.46101050633944113
            ],
            "prevdiff_prob": 0.663,
            "powdiff_exp": 0.18807906917921977,
            "powdiff_hdi": [
                -0.2247059403723104,
                0.5497277401188865
            ],
            "powdiff_prob": 0.824
        },
        "binom": {
            "prevdiff_exp": 0.14965665711288625,
            "prevdiff_hdi": [
                -0.4163530545531227,
                0.6808775977880356
            ],
            "prevdiff_prob": 0.6946,
            "powdiff_exp": 0.15089786664808813,
            "powdiff_hdi": [
                -0.37586251276460314,
                0.6580555930080574
            ],
            "powdiff_prob": 0.7124
        },
        "pval_group": 0.154296875,
        "frac_H1_rej": 1.0
    },
    "baseline": {
        "frac_H1_rej": 0.5
    }
}