{
    "increase_prev": {
        "pcurve": {
            "prevdiff_exp": 0.22652113370359667,
            "prevdiff_hdi": [
                -0.2701742111612193,
                0.6968355904457217
            ],
            "prevdiff_prob": 0.8032,
            "powdiff_exp": 0.030295951879270946,
            "powdiff_hdi": [
                -0.32167708308171294,
                0.33844477443524007
            ],
            "powdiff_prob": 0.61
        },
        "binom": {
            "prevdiff_exp": 0.03096588169930333,
            "prevdiff_hdi": [
                -0.6115719901199232,
                0.6944063694051532
            ],
            "prevdiff_prob": 0.5364,
            "powdiff_exp": 0.029212725986715236,
            "powdiff_hdi": [
                -0.5830651134751735,
                0.6429272617568595
            ],
            "powdiff_prob": 0.5434
        },
        "pval_group": 0.009765625,
        "frac_H1_rej": 0.2857142857142857
    },
    "increase_pow": {
        "pcurve": {
            "prevdiff_exp": -0.16857794752667168,
            "prevdiff_hdi": [
                -0.6132533702702442,
                0.28626997529857073
            ],
            "prevdiff_prob": 0.2412,
            "powdiff_exp": 0.41528710713447214,
            "powdiff_hdi": [
                0.06233556442544008,
                0.7672425596285838
            ],
            "powdiff_prob": 0.9746
        },
        "binom": {
            "prevdiff_exp": 0.0823756824917832,
            "prevdiff_hdi": [
                -0.551672919939673,
                0.6629496040432425
            ],
            "prevdiff_prob": 0.6132,
            "powdiff_exp": 0.08810240274190169,
            "powdiff_hdi": [
                -0.5108181897673101,
                0.6373444349495678
            ],
            "powdiff_prob": 0.6238
        },
        "pval_group": 0.6904296875,
        "frac_H1_rej": 1.0
    },
    "baseline": {
        "frac_H1_rej": 0.5
    }
}