{
    "increase_prev": {
        "pcurve": {
            "prevdiff_exp": 0.5845910405834602,
            "prevdiff_hdi": [
                0.11090024272155385,
                0.930596344730487
            ],
            "prevdiff_prob": 0.9816,
            "powdiff_exp": 0.024933542445136344,
            "powdiff_hdi": [
                -0.45037526526405575,
                0.4175631002243507
            ],
            "powdiff_prob": 0.5672
        },
        "binom": {
            "prevdiff_exp": 0.19220841154716706,
            "prevdiff_hdi": [
                -0.4019318782099181,
                0.8467984729501401
            ],
            "prevdiff_prob": 0.7244,
            "powdiff_exp": 0.16699813057867743,
            "powdiff_hdi": [
                -0.4660747850865876,
                0.7368521305563903
            ],
            "powdiff_prob": 0.716
        },
        "pval_group": 0.0078125,
        "frac_H1_rej": 0.4074074074074074
    },
    "increase_pow": {
        "pcurve": {
            "prevdiff_exp": 0.210557565049835,
            "prevdiff_hdi": [
                -0.30621570352046146,
                0.5950336876109488
            ],
            "prevdiff_prob": 0.8444,
            "powdiff_exp": 0.34736537294474373,
            "powdiff_hdi": [
                -0.13285088685861735,
                0.7820678160677472
            ],
            "powdiff_prob": 0.891
        },
        "binom": {
            "prevdiff_exp": 0.21635734249718902,
            "prevdiff_hdi": [
                -0.41850166710642706,
                0.7937426377387214
            ],
            "prevdiff_prob": 0.7456,
            "powdiff_exp": 0.19392839659515002,
            "powdiff_hdi": [
                -0.41134146749219225,
                0.7751400561832572
            ],
            "powdiff_prob": 0.741
        },
        "pval_group": 0.24609375,
        "frac_H1_rej": 0.8461538461538461
    },
    "baseline": {
        "frac_H1_rej": 0.2727272727272727
    }
}