{
    "increase_prev": {
        "pcurve": {
            "prevdiff_exp": 0.24275973456518987,
            "prevdiff_hdi": [
                -0.1827064385466125,
                0.6548923108055107
            ],
            "prevdiff_prob": 0.856,
            "powdiff_exp": 0.05525260672202844,
            "powdiff_hdi": [
                -0.3025665345748054,
                0.39256369928345336
            ],
            "powdiff_prob": 0.6228
        },
        "binom": {
            "prevdiff_exp": 0.07593831804030124,
            "prevdiff_hdi": [
                -0.4528953504873372,
                0.6392587784957917
            ],
            "prevdiff_prob": 0.6154,
            "powdiff_exp": 0.06771712207252378,
            "powdiff_hdi": [
                -0.4459913947960648,
                0.578103814261549
            ],
            "powdiff_prob": 0.6038
        },
        "pval_group": 0.03515625,
        "frac_H1_rej": 0.48148148148148145
    },
    "increase_pow": {
        "pcurve": {
            "prevdiff_exp": 0.05632040778387303,
            "prevdiff_hdi": [
                -0.35473820742221296,
                0.47164566779207134
            ],
            "prevdiff_prob": 0.609,
            "powdiff_exp": 0.272228572154933,
            "powdiff_hdi": [
                -0.0653074124172649,
                0.6306482279379904
            ],
            "powdiff_prob": 0.9262
        },
        "binom": {
            "prevdiff_exp": 0.07593831804030124,
            "prevdiff_hdi": [
                -0.4528953504873372,
                0.6392587784957917
            ],
            "prevdiff_prob": 0.6154,
            "powdiff_exp": 0.06771712207252378,
            "powdiff_hdi": [
                -0.4459913947960648,
                0.578103814261549
            ],
            "powdiff_prob": 0.6038
        },
        "pval_group": 0.4091796875,
        "frac_H1_rej": 0.9285714285714286
    },
    "baseline": {
        "frac_H1_rej": 0.6
    }
}