{
    "increase_prev": {
        "pcurve": {
            "prevdiff_exp": 0.16455670633921227,
            "prevdiff_hdi": [
                -0.2542432068265904,
                0.5750351093015023
            ],
            "prevdiff_prob": 0.7802,
            "powdiff_exp": 0.05243871126868147,
            "powdiff_hdi": [
                -0.31030920596219375,
                0.39229553138497775
            ],
            "powdiff_prob": 0.6306
        },
        "binom": {
            "prevdiff_exp": 0.0837911315409848,
            "prevdiff_hdi": [
                -0.4678493899759329,
                0.674501780275422
            ],
            "prevdiff_prob": 0.6114,
            "powdiff_exp": 0.06584518185922297,
            "powdiff_hdi": [
                -0.49862899932598376,
                0.599270978656073
            ],
            "powdiff_prob": 0.5892
        },
        "pval_group": 0.1591796875,
        "frac_H1_rej": 0.48
    },
    "increase_pow": {
        "pcurve": {
            "prevdiff_exp": -0.10720955240596376,
            "prevdiff_hdi": [
                -0.510348291783036,
                0.2700532560384157
            ],
            "prevdiff_prob": 0.3068,
            "powdiff_exp": 0.3514931804546399,
            "powdiff_hdi": [
                0.009159785561146938,
                0.68804964333485
            ],
            "powdiff_prob": 0.967
        },
        "binom": {
            "prevdiff_exp": 0.0837911315409848,
            "prevdiff_hdi": [
                -0.4678493899759329,
                0.674501780275422
            ],
            "prevdiff_prob": 0.6114,
            "powdiff_exp": 0.06584518185922297,
            "powdiff_hdi": [
                -0.49862899932598376,
                0.599270978656073
            ],
            "powdiff_prob": 0.5892
        },
        "pval_group": 0.6640625,
        "frac_H1_rej": 1.0
    },
    "baseline": {
        "frac_H1_rej": 0.7272727272727273
    }
}