{
    "increase_prev": {
        "pcurve": {
            "prevdiff_exp": 0.2095791343326354,
            "prevdiff_hdi": [
                -0.15139559021720062,
                0.5889496337044348
            ],
            "prevdiff_prob": 0.8618,
            "powdiff_exp": 0.1263526144537487,
            "powdiff_hdi": [
                -0.13799821634636034,
                0.3752696537113782
            ],
            "powdiff_prob": 0.8372
        },
        "binom": {
            "prevdiff_exp": 0.2226889895403626,
            "prevdiff_hdi": [
                -0.3605755328540975,
                0.7810150693148055
            ],
            "prevdiff_prob": 0.7698,
            "powdiff_exp": 0.20430179306025814,
            "powdiff_hdi": [
                -0.3659388742499372,
                0.7235969266582232
            ],
            "powdiff_prob": 0.7584
        },
        "pval_group": 0.017578125,
        "frac_H1_rej": 0.4827586206896552
    },
    "increase_pow": {
        "pcurve": {
            "prevdiff_exp": -0.26413615047051336,
            "prevdiff_hdi": [
                -0.6567431145684939,
                0.14890858726013823
            ],
            "prevdiff_prob": 0.1158,
            "powdiff_exp": 0.35905286427507943,
            "powdiff_hdi": [
                0.014083217811083681,
                0.6693611526926464
            ],
            "powdiff_prob": 0.9716
        },
        "binom": {
            "prevdiff_exp": 0.1571983093677809,
            "prevdiff_hdi": [
                -0.4867250936871952,
                0.7270621900660879
            ],
            "prevdiff_prob": 0.6946,
            "powdiff_exp": 0.12592127461506447,
            "powdiff_hdi": [
                -0.479039484569405,
                0.6889912720634819
            ],
            "powdiff_prob": 0.678
        },
        "pval_group": 0.8671875,
        "frac_H1_rej": 1.0
    },
    "baseline": {
        "frac_H1_rej": 0.3333333333333333
    }
}