{
    "increase_prev": {
        "pcurve": {
            "prevdiff_exp": 0.3038894358617783,
            "prevdiff_hdi": [
                -0.06707288339381878,
                0.6475968928407511
            ],
            "prevdiff_prob": 0.9398,
            "powdiff_exp": 0.07764821355534063,
            "powdiff_hdi": [
                -0.2560087457835429,
                0.38671674663580247
            ],
            "powdiff_prob": 0.675
        },
        "binom": {
            "prevdiff_exp": 0.11625516267873881,
            "prevdiff_hdi": [
                -0.423474866124348,
                0.6302312852007835
            ],
            "prevdiff_prob": 0.6606,
            "powdiff_exp": 0.11478828456470255,
            "powdiff_hdi": [
                -0.40506046247352656,
                0.5825808480598362
            ],
            "powdiff_prob": 0.6716
        },
        "pval_group": 0.0087890625,
        "frac_H1_rej": 0.5172413793103449
    },
    "increase_pow": {
        "pcurve": {
            "prevdiff_exp": 0.09301732020931414,
            "prevdiff_hdi": [
                -0.28582933917912,
                0.44697680097970843
            ],
            "prevdiff_prob": 0.6904,
            "powdiff_exp": 0.22637085103889232,
            "powdiff_hdi": [
                -0.09983317228925026,
                0.5482884495036376
            ],
            "powdiff_prob": 0.9042
        },
        "binom": {
            "prevdiff_exp": 0.15349483723069937,
            "prevdiff_hdi": [
                -0.3377191375091779,
                0.6601394171025773
            ],
            "prevdiff_prob": 0.7192,
            "powdiff_exp": 0.16013832835711073,
            "powdiff_hdi": [
                -0.28385538590413517,
                0.6555134794378505
            ],
            "powdiff_prob": 0.7288
        },
        "pval_group": 0.0166015625,
        "frac_H1_rej": 0.9444444444444444
    },
    "baseline": {
        "frac_H1_rej": 0.5714285714285714
    }
}