{
    "increase_prev": {
        "pcurve": {
            "prevdiff_exp": 0.2543003401072095,
            "prevdiff_hdi": [
                -0.1691845903021535,
                0.7412631288826861
            ],
            "prevdiff_prob": 0.8554,
            "powdiff_exp": 0.13628260495617606,
            "powdiff_hdi": [
                -0.1590458125865592,
                0.3983482318674203
            ],
            "powdiff_prob": 0.855
        },
        "binom": {
            "prevdiff_exp": 0.21635734249718902,
            "prevdiff_hdi": [
                -0.41850166710642706,
                0.7937426377387214
            ],
            "prevdiff_prob": 0.7456,
            "powdiff_exp": 0.19392839659515002,
            "powdiff_hdi": [
                -0.41134146749219225,
                0.7751400561832572
            ],
            "powdiff_prob": 0.741
        },
        "pval_group": 0.0068359375,
        "frac_H1_rej": 0.42857142857142855
    },
    "increase_pow": {
        "pcurve": {
            "prevdiff_exp": 0.05507815865910132,
            "prevdiff_hdi": [
                -0.37988989845740173,
                0.5370742003780251
            ],
            "prevdiff_prob": 0.5578,
            "powdiff_exp": 0.46171907620201935,
            "powdiff_hdi": [
                0.13710874908490112,
                0.7233499638753593
            ],
            "powdiff_prob": 0.9898
        },
        "binom": {
            "prevdiff_exp": 0.3399139136354361,
            "prevdiff_hdi": [
                -0.2301853465510041,
                0.8501400283154114
            ],
            "prevdiff_prob": 0.8524,
            "powdiff_exp": 0.3236897241772753,
            "powdiff_hdi": [
                -0.23752212552670582,
                0.8078895768154368
            ],
            "powdiff_prob": 0.8536
        },
        "pval_group": 0.001953125,
        "frac_H1_rej": 1.0
    },
    "baseline": {
        "frac_H1_rej": 0.36363636363636365
    }
}