{
    "increase_prev": {
        "pcurve": {
            "prevdiff_exp": 0.27140200037538986,
            "prevdiff_hdi": [
                -0.031035252381916845,
                0.5905955969992168
            ],
            "prevdiff_prob": 0.9538,
            "powdiff_exp": 0.1385256803211183,
            "powdiff_hdi": [
                -0.1526159440408421,
                0.39591487787871177
            ],
            "powdiff_prob": 0.8306
        },
        "binom": {
            "prevdiff_exp": 0.24466435784951154,
            "prevdiff_hdi": [
                -0.23836581196912698,
                0.7097502751335261
            ],
            "prevdiff_prob": 0.8076,
            "powdiff_exp": 0.2359348955035367,
            "powdiff_hdi": [
                -0.25233995838013124,
                0.6588590585937351
            ],
            "powdiff_prob": 0.8116
        },
        "pval_group": 0.115234375,
        "frac_H1_rej": 0.6785714285714286
    },
    "increase_pow": {
        "pcurve": {
            "prevdiff_exp": 0.006869274607802452,
            "prevdiff_hdi": [
                -0.40920138817652607,
                0.4358675201378175
            ],
            "prevdiff_prob": 0.5154,
            "powdiff_exp": 0.14421495496082687,
            "powdiff_hdi": [
                -0.2178324061102841,
                0.4721812807605369
            ],
            "powdiff_prob": 0.7762
        },
        "binom": {
            "prevdiff_exp": 0.10282434248343943,
            "prevdiff_hdi": [
                -0.46391285844393804,
                0.640850572071314
            ],
            "prevdiff_prob": 0.6488,
            "powdiff_exp": 0.0930043664675662,
            "powdiff_hdi": [
                -0.43314687785795697,
                0.619064719114842
            ],
            "powdiff_prob": 0.6322
        },
        "pval_group": 0.662109375,
        "frac_H1_rej": 1.0
    },
    "baseline": {
        "frac_H1_rej": 0.5333333333333333
    }
}