{
    "increase_prev": {
        "pcurve": {
            "prevdiff_exp": 0.49667921582301305,
            "prevdiff_hdi": [
                0.1301178336891975,
                0.8490197122854953
            ],
            "prevdiff_prob": 0.9876,
            "powdiff_exp": -0.08477252310628376,
            "powdiff_hdi": [
                -0.4915072300772616,
                0.25794661758904286
            ],
            "powdiff_prob": 0.3504
        },
        "binom": {
            "prevdiff_exp": 0.18134724031780283,
            "prevdiff_hdi": [
                -0.41085524822389996,
                0.7829015215454744
            ],
            "prevdiff_prob": 0.7148,
            "powdiff_exp": 0.15285154063153705,
            "powdiff_hdi": [
                -0.44046063338073094,
                0.694930345960663
            ],
            "powdiff_prob": 0.7082
        },
        "pval_group": 0.0087890625,
        "frac_H1_rej": 0.4
    },
    "increase_pow": {
        "pcurve": {
            "prevdiff_exp": 0.13582880299630842,
            "prevdiff_hdi": [
                -0.26908987783529925,
                0.508291329773014
            ],
            "prevdiff_prob": 0.751,
            "powdiff_exp": 0.24196870527960804,
            "powdiff_hdi": [
                -0.1543871679165172,
                0.6355154162990257
            ],
            "powdiff_prob": 0.8672
        },
        "binom": {
            "prevdiff_exp": 0.2226889895403626,
            "prevdiff_hdi": [
                -0.3605755328540975,
                0.7810150693148055
            ],
            "prevdiff_prob": 0.7698,
            "powdiff_exp": 0.20430179306025814,
            "powdiff_hdi": [
                -0.3659388742499372,
                0.7235969266582232
            ],
            "powdiff_prob": 0.7584
        },
        "pval_group": 0.3310546875,
        "frac_H1_rej": 1.0
    },
    "baseline": {
        "frac_H1_rej": 0.46153846153846156
    }
}