{
    "increase_prev": {
        "pcurve": {
            "prevdiff_exp": 0.4255933797642791,
            "prevdiff_hdi": [
                0.08277644577022636,
                0.7649608474965437
            ],
            "prevdiff_prob": 0.9852,
            "powdiff_exp": 0.05883848194532384,
            "powdiff_hdi": [
                -0.2808871367617955,
                0.3924818070767626
            ],
            "powdiff_prob": 0.6426
        },
        "binom": {
            "prevdiff_exp": 0.18038086167383757,
            "prevdiff_hdi": [
                -0.3461478898742931,
                0.6919228506700618
            ],
            "prevdiff_prob": 0.7328,
            "powdiff_exp": 0.18542557275215316,
            "powdiff_hdi": [
                -0.3247523544771336,
                0.6652507045765934
            ],
            "powdiff_prob": 0.7522
        },
        "pval_group": 0.001953125,
        "frac_H1_rej": 0.6296296296296297
    },
    "increase_pow": {
        "pcurve": {
            "prevdiff_exp": 0.11118294940002124,
            "prevdiff_hdi": [
                -0.22723541707446437,
                0.47318587008554125
            ],
            "prevdiff_prob": 0.7382,
            "powdiff_exp": 0.32378246046521525,
            "powdiff_hdi": [
                -0.011613901818579908,
                0.651882179264957
            ],
            "powdiff_prob": 0.9658
        },
        "binom": {
            "prevdiff_exp": 0.143141187121877,
            "prevdiff_hdi": [
                -0.38740471006485294,
                0.6710863002707265
            ],
            "prevdiff_prob": 0.6864,
            "powdiff_exp": 0.14007552895974498,
            "powdiff_hdi": [
                -0.39332672104633926,
                0.6305774621765518
            ],
            "powdiff_prob": 0.6988
        },
        "pval_group": 0.111328125,
        "frac_H1_rej": 1.0
    },
    "baseline": {
        "frac_H1_rej": 0.5833333333333334
    }
}