{
    "increase_prev": {
        "pcurve": {
            "prevdiff_exp": 0.36014278700413754,
            "prevdiff_hdi": [
                -0.02338530905510161,
                0.7380409549223558
            ],
            "prevdiff_prob": 0.9598,
            "powdiff_exp": 0.14650141451979226,
            "powdiff_hdi": [
                -0.1700855999173264,
                0.44697857340953523
            ],
            "powdiff_prob": 0.824
        },
        "binom": {
            "prevdiff_exp": 0.21973449548125581,
            "prevdiff_hdi": [
                -0.30980099292335084,
                0.7544558410625096
            ],
            "prevdiff_prob": 0.77,
            "powdiff_exp": 0.22113823975469668,
            "powdiff_hdi": [
                -0.30797679955732404,
                0.7019687913977307
            ],
            "powdiff_prob": 0.7838
        },
        "pval_group": 0.0029296875,
        "frac_H1_rej": 0.5333333333333333
    },
    "increase_pow": {
        "pcurve": {
            "prevdiff_exp": -0.03490427948046938,
            "prevdiff_hdi": [
                -0.4553731702860305,
                0.4036470980984035
            ],
            "prevdiff_prob": 0.4424,
            "powdiff_exp": 0.377189415421645,
            "powdiff_hdi": [
                0.009545613786516971,
                0.6939303752517788
            ],
            "powdiff_prob": 0.9694
        },
        "binom": {
            "prevdiff_exp": 0.18062253881218956,
            "prevdiff_hdi": [
                -0.3789316948430904,
                0.7234811371995367
            ],
            "prevdiff_prob": 0.722,
            "powdiff_exp": 0.1801105926348034,
            "powdiff_hdi": [
                -0.411696681371733,
                0.6611925403527096
            ],
            "powdiff_prob": 0.7364
        },
        "pval_group": 0.5859375,
        "frac_H1_rej": 0.9333333333333333
    },
    "baseline": {
        "frac_H1_rej": 0.5
    }
}