{
    "increase_prev": {
        "pcurve": {
            "prevdiff_exp": 0.27410685094308007,
            "prevdiff_hdi": [
                -0.11954810952897277,
                0.670890711961518
            ],
            "prevdiff_prob": 0.8938,
            "powdiff_exp": 0.18914728542961767,
            "powdiff_hdi": [
                -0.11516933890218461,
                0.4886600446664442
            ],
            "powdiff_prob": 0.8818
        },
        "binom": {
            "prevdiff_exp": 0.14965665711288625,
            "prevdiff_hdi": [
                -0.4163530545531227,
                0.6808775977880356
            ],
            "prevdiff_prob": 0.6946,
            "powdiff_exp": 0.15089786664808813,
            "powdiff_hdi": [
                -0.37586251276460314,
                0.6580555930080574
            ],
            "powdiff_prob": 0.7124
        },
        "pval_group": 0.00390625,
        "frac_H1_rej": 0.4827586206896552
    },
    "increase_pow": {
        "pcurve": {
            "prevdiff_exp": -0.14523567470461515,
            "prevdiff_hdi": [
                -0.5550109756372679,
                0.28270893347682036
            ],
            "prevdiff_prob": 0.2656,
            "powdiff_exp": 0.4282347994611626,
            "powdiff_hdi": [
                0.099432080725677,
                0.7279397320228376
            ],
            "powdiff_prob": 0.987
        },
        "binom": {
            "prevdiff_exp": 0.12734811883278113,
            "prevdiff_hdi": [
                -0.44697379344167426,
                0.6973820359212584
            ],
            "prevdiff_prob": 0.6726,
            "powdiff_exp": 0.12660679882771023,
            "powdiff_hdi": [
                -0.4375004499379109,
                0.6411227405304529
            ],
            "powdiff_prob": 0.6734
        },
        "pval_group": 0.275390625,
        "frac_H1_rej": 0.9230769230769231
    },
    "baseline": {
        "frac_H1_rej": 0.3333333333333333
    }
}