{
    "increase_prev": {
        "pcurve": {
            "prevdiff_exp": 0.5207213558035506,
            "prevdiff_hdi": [
                0.009234013234221461,
                0.9574103761874891
            ],
            "prevdiff_prob": 0.9562,
            "powdiff_exp": 0.22264380599354452,
            "powdiff_hdi": [
                -0.24036767994067837,
                0.5464124913140731
            ],
            "powdiff_prob": 0.8708
        },
        "binom": {
            "prevdiff_exp": 0.18062253881218956,
            "prevdiff_hdi": [
                -0.3789316948430904,
                0.7234811371995367
            ],
            "prevdiff_prob": 0.722,
            "powdiff_exp": 0.1801105926348034,
            "powdiff_hdi": [
                -0.411696681371733,
                0.6611925403527096
            ],
            "powdiff_prob": 0.7364
        },
        "pval_group": 0.0009765625,
        "frac_H1_rej": 0.4827586206896552
    },
    "increase_pow": {
        "pcurve": {
            "prevdiff_exp": 0.16831361302744569,
            "prevdiff_hdi": [
                -0.38202631595012965,
                0.6041625908555428
            ],
            "prevdiff_prob": 0.7524,
            "powdiff_exp": 0.44496605497179637,
            "powdiff_hdi": [
                0.0027630764829748022,
                0.8071572157732654
            ],
            "powdiff_prob": 0.9546
        },
        "binom": {
            "prevdiff_exp": 0.15831400053208444,
            "prevdiff_hdi": [
                -0.469517779582702,
                0.6818685071085399
            ],
            "prevdiff_prob": 0.7046,
            "powdiff_exp": 0.15581952481442546,
            "powdiff_hdi": [
                -0.43760014099573424,
                0.6699355663760868
            ],
            "powdiff_prob": 0.7052
        },
        "pval_group": 0.431640625,
        "frac_H1_rej": 1.0
    },
    "baseline": {
        "frac_H1_rej": 0.5454545454545454
    }
}