{
    "increase_prev": {
        "pcurve": {
            "prevdiff_exp": 0.5142518989278464,
            "prevdiff_hdi": [
                0.1441782039016366,
                0.8706334479970677
            ],
            "prevdiff_prob": 0.9876,
            "powdiff_exp": 0.018972211427027805,
            "powdiff_hdi": [
                -0.35740194060456404,
                0.3928178485484614
            ],
            "powdiff_prob": 0.5452
        },
        "binom": {
            "prevdiff_exp": 0.2003804512602575,
            "prevdiff_hdi": [
                -0.42096537519291255,
                0.751552573457396
            ],
            "prevdiff_prob": 0.7442,
            "powdiff_exp": 0.18001072523988026,
            "powdiff_hdi": [
                -0.3936470525743901,
                0.6977605694974172
            ],
            "powdiff_prob": 0.7366
        },
        "pval_group": 0.0078125,
        "frac_H1_rej": 0.4642857142857143
    },
    "increase_pow": {
        "pcurve": {
            "prevdiff_exp": 0.1560643280866093,
            "prevdiff_hdi": [
                -0.22862916281341222,
                0.5562095833418577
            ],
            "prevdiff_prob": 0.7884,
            "powdiff_exp": 0.3019295648959067,
            "powdiff_hdi": [
                -0.10195498138564663,
                0.6991467789013819
            ],
            "powdiff_prob": 0.9198
        },
        "binom": {
            "prevdiff_exp": 0.2226889895403626,
            "prevdiff_hdi": [
                -0.3605755328540975,
                0.7810150693148055
            ],
            "prevdiff_prob": 0.7698,
            "powdiff_exp": 0.20430179306025814,
            "powdiff_hdi": [
                -0.3659388742499372,
                0.7235969266582232
            ],
            "powdiff_prob": 0.7584
        },
        "pval_group": 0.0546875,
        "frac_H1_rej": 1.0
    },
    "baseline": {
        "frac_H1_rej": 0.36363636363636365
    }
}