{
    "increase_prev": {
        "pcurve": {
            "prevdiff_exp": 0.015378297684339319,
            "prevdiff_hdi": [
                -0.3565826336579393,
                0.4085677829809644
            ],
            "prevdiff_prob": 0.5148,
            "powdiff_exp": 0.13450036383100408,
            "powdiff_hdi": [
                -0.1258999447526437,
                0.404327952877515
            ],
            "powdiff_prob": 0.8528
        },
        "binom": {
            "prevdiff_exp": 0.0837911315409848,
            "prevdiff_hdi": [
                -0.4678493899759329,
                0.674501780275422
            ],
            "prevdiff_prob": 0.6114,
            "powdiff_exp": 0.06584518185922297,
            "powdiff_hdi": [
                -0.49862899932598376,
                0.599270978656073
            ],
            "powdiff_prob": 0.5892
        },
        "pval_group": 0.0126953125,
        "frac_H1_rej": 0.4444444444444444
    },
    "increase_pow": {
        "pcurve": {
            "prevdiff_exp": -0.2799006727226189,
            "prevdiff_hdi": [
                -0.5999244254025464,
                0.11008728592433703
            ],
            "prevdiff_prob": 0.0812,
            "powdiff_exp": 0.422252600204516,
            "powdiff_hdi": [
                0.13800831495536453,
                0.6705627515891255
            ],
            "powdiff_prob": 0.9958
        },
        "binom": {
            "prevdiff_exp": 0.10282434248343943,
            "prevdiff_hdi": [
                -0.46391285844393804,
                0.640850572071314
            ],
            "prevdiff_prob": 0.6488,
            "powdiff_exp": 0.0930043664675662,
            "powdiff_hdi": [
                -0.43314687785795697,
                0.619064719114842
            ],
            "powdiff_prob": 0.6322
        },
        "pval_group": 0.1865234375,
        "frac_H1_rej": 1.0
    },
    "baseline": {
        "frac_H1_rej": 0.5333333333333333
    }
}