{
    "increase_prev": {
        "pcurve": {
            "prevdiff_exp": 0.2641726844778744,
            "prevdiff_hdi": [
                -0.09485255082155508,
                0.6651051677952498
            ],
            "prevdiff_prob": 0.9124,
            "powdiff_exp": 0.19668454871451355,
            "powdiff_hdi": [
                -0.08562189118926355,
                0.4544806702703288
            ],
            "powdiff_prob": 0.9076
        },
        "binom": {
            "prevdiff_exp": 0.26180094620942884,
            "prevdiff_hdi": [
                -0.3047039655365804,
                0.7948452577293971
            ],
            "prevdiff_prob": 0.8082,
            "powdiff_exp": 0.24532944018015146,
            "powdiff_hdi": [
                -0.28797136276548246,
                0.7443072011273018
            ],
            "powdiff_prob": 0.8018
        },
        "pval_group": 0.0009765625,
        "frac_H1_rej": 0.5333333333333333
    },
    "increase_pow": {
        "pcurve": {
            "prevdiff_exp": -0.22488429430063825,
            "prevdiff_hdi": [
                -0.6229892874382061,
                0.2388323934552522
            ],
            "prevdiff_prob": 0.1828,
            "powdiff_exp": 0.38746658428552944,
            "powdiff_hdi": [
                0.03209983336455091,
                0.6833070632452085
            ],
            "powdiff_prob": 0.9746
        },
        "binom": {
            "prevdiff_exp": 0.2003804512602575,
            "prevdiff_hdi": [
                -0.42096537519291255,
                0.751552573457396
            ],
            "prevdiff_prob": 0.7442,
            "powdiff_exp": 0.18001072523988026,
            "powdiff_hdi": [
                -0.3936470525743901,
                0.6977605694974172
            ],
            "powdiff_prob": 0.7366
        },
        "pval_group": 0.6337890625,
        "frac_H1_rej": 1.0
    },
    "baseline": {
        "frac_H1_rej": 0.42857142857142855
    }
}