{
    "increase_prev": {
        "pcurve": {
            "prevdiff_exp": 0.42185674146092494,
            "prevdiff_hdi": [
                -0.00956801718283895,
                0.8280000436121526
            ],
            "prevdiff_prob": 0.9646,
            "powdiff_exp": 0.0733345538710976,
            "powdiff_hdi": [
                -0.29866850192133687,
                0.39958419961790664
            ],
            "powdiff_prob": 0.6882
        },
        "binom": {
            "prevdiff_exp": 0.24069729589869504,
            "prevdiff_hdi": [
                -0.3410728119937153,
                0.7668833485590058
            ],
            "prevdiff_prob": 0.7808,
            "powdiff_exp": 0.22708188773205903,
            "powdiff_hdi": [
                -0.3226554230284957,
                0.7416846982553135
            ],
            "powdiff_prob": 0.779
        },
        "pval_group": 0.0029296875,
        "frac_H1_rej": 0.5172413793103449
    },
    "increase_pow": {
        "pcurve": {
            "prevdiff_exp": 0.09846133186865777,
            "prevdiff_hdi": [
                -0.35075237132874487,
                0.5215092236016942
            ],
            "prevdiff_prob": 0.6802,
            "powdiff_exp": 0.3855209090812254,
            "powdiff_hdi": [
                0.028968419436930626,
                0.7274973702979584
            ],
            "powdiff_prob": 0.9684
        },
        "binom": {
            "prevdiff_exp": 0.24069729589869504,
            "prevdiff_hdi": [
                -0.3410728119937153,
                0.7668833485590058
            ],
            "prevdiff_prob": 0.7808,
            "powdiff_exp": 0.22708188773205903,
            "powdiff_hdi": [
                -0.3226554230284957,
                0.7416846982553135
            ],
            "powdiff_prob": 0.779
        },
        "pval_group": 0.3662109375,
        "frac_H1_rej": 0.9285714285714286
    },
    "baseline": {
        "frac_H1_rej": 0.36363636363636365
    }
}