{
    "increase_prev": {
        "pcurve": {
            "prevdiff_exp": 0.5636715992494559,
            "prevdiff_hdi": [
                0.20350672276852988,
                0.8781759915812197
            ],
            "prevdiff_prob": 0.9936,
            "powdiff_exp": 0.0280186238198386,
            "powdiff_hdi": [
                -0.32573873412956245,
                0.4206257141895643
            ],
            "powdiff_prob": 0.552
        },
        "binom": {
            "prevdiff_exp": 0.18062253881218956,
            "prevdiff_hdi": [
                -0.3789316948430904,
                0.7234811371995367
            ],
            "prevdiff_prob": 0.722,
            "powdiff_exp": 0.1801105926348034,
            "powdiff_hdi": [
                -0.411696681371733,
                0.6611925403527096
            ],
            "powdiff_prob": 0.7364
        },
        "pval_group": 0.0009765625,
        "frac_H1_rej": 0.4827586206896552
    },
    "increase_pow": {
        "pcurve": {
            "prevdiff_exp": 0.4136586191414055,
            "prevdiff_hdi": [
                0.024207345330982677,
                0.7816738697436814
            ],
            "prevdiff_prob": 0.9708,
            "powdiff_exp": 0.2290552217482593,
            "powdiff_hdi": [
                -0.14291763195804064,
                0.6373862406941424
            ],
            "powdiff_prob": 0.8712
        },
        "binom": {
            "prevdiff_exp": 0.2358705197224826,
            "prevdiff_hdi": [
                -0.31139585837079886,
                0.7326651693531159
            ],
            "prevdiff_prob": 0.79,
            "powdiff_exp": 0.24824073109901243,
            "powdiff_hdi": [
                -0.26538307971165576,
                0.7268303801501576
            ],
            "powdiff_prob": 0.812
        },
        "pval_group": 0.005859375,
        "frac_H1_rej": 0.9411764705882353
    },
    "baseline": {
        "frac_H1_rej": 0.6666666666666666
    }
}