{
    "increase_prev": {
        "pcurve": {
            "prevdiff_exp": 0.3141737750150057,
            "prevdiff_hdi": [
                -0.10971854884236387,
                0.7888575649346248
            ],
            "prevdiff_prob": 0.8928,
            "powdiff_exp": 0.2508464840566658,
            "powdiff_hdi": [
                -0.07626368497112956,
                0.5129161544281078
            ],
            "powdiff_prob": 0.9288
        },
        "binom": {
            "prevdiff_exp": 0.34557551055185315,
            "prevdiff_hdi": [
                -0.22744640639810565,
                0.8844880387889436
            ],
            "prevdiff_prob": 0.8626,
            "powdiff_exp": 0.32312427530923116,
            "powdiff_hdi": [
                -0.2530796701112116,
                0.8281476473565296
            ],
            "powdiff_prob": 0.8512
        },
        "pval_group": 0.0009765625,
        "frac_H1_rej": 0.5333333333333333
    },
    "increase_pow": {
        "pcurve": {
            "prevdiff_exp": -0.17997566439953253,
            "prevdiff_hdi": [
                -0.6921489703739829,
                0.3436021478767157
            ],
            "prevdiff_prob": 0.2782,
            "powdiff_exp": 0.4441987250422679,
            "powdiff_hdi": [
                0.02165403817460465,
                0.8037490593904199
            ],
            "powdiff_prob": 0.9698
        },
        "binom": {
            "prevdiff_exp": 0.1568068967699007,
            "prevdiff_hdi": [
                -0.5268161877866395,
                0.770298129656127
            ],
            "prevdiff_prob": 0.6932,
            "powdiff_exp": 0.13119876154124974,
            "powdiff_hdi": [
                -0.5113170268823861,
                0.7476349955695001
            ],
            "powdiff_prob": 0.6714
        },
        "pval_group": 0.8056640625,
        "frac_H1_rej": 0.8888888888888888
    },
    "baseline": {
        "frac_H1_rej": 0.2857142857142857
    }
}