{
    "increase_prev": {
        "pcurve": {
            "prevdiff_exp": 0.27549674666594604,
            "prevdiff_hdi": [
                -0.12217866802123623,
                0.7625666472158867
            ],
            "prevdiff_prob": 0.8744,
            "powdiff_exp": 0.29420359239859634,
            "powdiff_hdi": [
                0.012454197374873854,
                0.5597080023171258
            ],
            "powdiff_prob": 0.9644
        },
        "binom": {
            "prevdiff_exp": 0.3129470726300418,
            "prevdiff_hdi": [
                -0.2942382312327132,
                0.8330186748847063
            ],
            "prevdiff_prob": 0.835,
            "powdiff_exp": 0.3135087874880802,
            "powdiff_hdi": [
                -0.25540657363523656,
                0.8309854336949258
            ],
            "powdiff_prob": 0.8376
        },
        "pval_group": 0.0009765625,
        "frac_H1_rej": 0.5666666666666667
    },
    "increase_pow": {
        "pcurve": {
            "prevdiff_exp": -0.09549733506447813,
            "prevdiff_hdi": [
                -0.5771201711761631,
                0.38624045383777034
            ],
            "prevdiff_prob": 0.3522,
            "powdiff_exp": 0.3896330667836608,
            "powdiff_hdi": [
                0.03929843274721523,
                0.7093694486609861
            ],
            "powdiff_prob": 0.9738
        },
        "binom": {
            "prevdiff_exp": 0.21635734249718902,
            "prevdiff_hdi": [
                -0.41850166710642706,
                0.7937426377387214
            ],
            "prevdiff_prob": 0.7456,
            "powdiff_exp": 0.19392839659515002,
            "powdiff_hdi": [
                -0.41134146749219225,
                0.7751400561832572
            ],
            "powdiff_prob": 0.741
        },
        "pval_group": 0.5615234375,
        "frac_H1_rej": 0.9166666666666666
    },
    "baseline": {
        "frac_H1_rej": 0.3333333333333333
    }
}