{
    "increase_prev": {
        "pcurve": {
            "prevdiff_exp": 0.44988107859041765,
            "prevdiff_hdi": [
                0.02128193753499108,
                0.8381665502809874
            ],
            "prevdiff_prob": 0.9654,
            "powdiff_exp": 0.08452261390593424,
            "powdiff_hdi": [
                -0.316906511342233,
                0.426680711223322
            ],
            "powdiff_prob": 0.675
        },
        "binom": {
            "prevdiff_exp": 0.14965665711288625,
            "prevdiff_hdi": [
                -0.4163530545531227,
                0.6808775977880356
            ],
            "prevdiff_prob": 0.6946,
            "powdiff_exp": 0.15089786664808813,
            "powdiff_hdi": [
                -0.37586251276460314,
                0.6580555930080574
            ],
            "powdiff_prob": 0.7124
        },
        "pval_group": 0.001953125,
        "frac_H1_rej": 0.4827586206896552
    },
    "increase_pow": {
        "pcurve": {
            "prevdiff_exp": 0.1239431791263737,
            "prevdiff_hdi": [
                -0.37890970258936163,
                0.4962665289868005
            ],
            "prevdiff_prob": 0.7252,
            "powdiff_exp": 0.3449223135498736,
            "powdiff_hdi": [
                -0.05870051363269779,
                0.7296063050163648
            ],
            "powdiff_prob": 0.9344
        },
        "binom": {
            "prevdiff_exp": 0.1676649634712187,
            "prevdiff_hdi": [
                -0.40451892741105544,
                0.6857561374020695
            ],
            "prevdiff_prob": 0.7238,
            "powdiff_exp": 0.17367796131988902,
            "powdiff_hdi": [
                -0.33026957917358235,
                0.6876691878359391
            ],
            "powdiff_prob": 0.7338
        },
        "pval_group": 0.0322265625,
        "frac_H1_rej": 1.0
    },
    "baseline": {
        "frac_H1_rej": 0.6666666666666666
    }
}