{
    "increase_prev": {
        "pcurve": {
            "prevdiff_exp": 0.4432029711402159,
            "prevdiff_hdi": [
                -0.03381442927060152,
                0.9147905092655876
            ],
            "prevdiff_prob": 0.9412,
            "powdiff_exp": 0.21472909252061845,
            "powdiff_hdi": [
                -0.157801212874296,
                0.5082553059404724
            ],
            "powdiff_prob": 0.8938
        },
        "binom": {
            "prevdiff_exp": 0.30685920265672495,
            "prevdiff_hdi": [
                -0.33600748308298445,
                0.8967567591279123
            ],
            "prevdiff_prob": 0.8222,
            "powdiff_exp": 0.31348370757947946,
            "powdiff_hdi": [
                -0.27655249306430135,
                0.8843398513188392
            ],
            "powdiff_prob": 0.8394
        },
        "pval_group": 0.001953125,
        "frac_H1_rej": 0.4642857142857143
    },
    "increase_pow": {
        "pcurve": {
            "prevdiff_exp": 0.04791429832937346,
            "prevdiff_hdi": [
                -0.49665232065472553,
                0.5529972295168167
            ],
            "prevdiff_prob": 0.5858,
            "powdiff_exp": 0.4168443165719722,
            "powdiff_hdi": [
                0.01511169244931182,
                0.7734565110921781
            ],
            "powdiff_prob": 0.9628
        },
        "binom": {
            "prevdiff_exp": 0.2636770607642484,
            "prevdiff_hdi": [
                -0.41347269250330704,
                0.8760516499386957
            ],
            "prevdiff_prob": 0.7852,
            "powdiff_exp": 0.25939425695466367,
            "powdiff_hdi": [
                -0.36944970441701985,
                0.8602139424171138
            ],
            "powdiff_prob": 0.7954
        },
        "pval_group": 0.2705078125,
        "frac_H1_rej": 0.9166666666666666
    },
    "baseline": {
        "frac_H1_rej": 0.18181818181818182
    }
}