{
    "increase_prev": {
        "pcurve": {
            "prevdiff_exp": 0.3175679979178952,
            "prevdiff_hdi": [
                -0.11797024098148212,
                0.7448937057335467
            ],
            "prevdiff_prob": 0.9018,
            "powdiff_exp": 0.14840082227336512,
            "powdiff_hdi": [
                -0.16803018211600157,
                0.4473951184034211
            ],
            "powdiff_prob": 0.8436
        },
        "binom": {
            "prevdiff_exp": 0.15831400053208444,
            "prevdiff_hdi": [
                -0.469517779582702,
                0.6818685071085399
            ],
            "prevdiff_prob": 0.7046,
            "powdiff_exp": 0.15581952481442546,
            "powdiff_hdi": [
                -0.43760014099573424,
                0.6699355663760868
            ],
            "powdiff_prob": 0.7052
        },
        "pval_group": 0.0068359375,
        "frac_H1_rej": 0.4642857142857143
    },
    "increase_pow": {
        "pcurve": {
            "prevdiff_exp": -0.0071119054223167805,
            "prevdiff_hdi": [
                -0.45595690110963544,
                0.4417233845218831
            ],
            "prevdiff_prob": 0.4898,
            "powdiff_exp": 0.5062902493528807,
            "powdiff_hdi": [
                0.1874818089221023,
                0.7752641345085054
            ],
            "powdiff_prob": 0.9936
        },
        "binom": {
            "prevdiff_exp": 0.198630845170522,
            "prevdiff_hdi": [
                -0.35708615240591746,
                0.7424931583026386
            ],
            "prevdiff_prob": 0.7498,
            "powdiff_exp": 0.20289068730660423,
            "powdiff_hdi": [
                -0.3435128745420697,
                0.6837769918460008
            ],
            "powdiff_prob": 0.7638
        },
        "pval_group": 0.099609375,
        "frac_H1_rej": 1.0
    },
    "baseline": {
        "frac_H1_rej": 0.46153846153846156
    }
}