{
    "increase_prev": {
        "pcurve": {
            "prevdiff_exp": 0.31647095051951385,
            "prevdiff_hdi": [
                -0.1565970701295416,
                0.8281510216477316
            ],
            "prevdiff_prob": 0.8634,
            "powdiff_exp": 0.19946141020073035,
            "powdiff_hdi": [
                -0.14131177899693748,
                0.5113604966426659
            ],
            "powdiff_prob": 0.887
        },
        "binom": {
            "prevdiff_exp": 0.1676649634712187,
            "prevdiff_hdi": [
                -0.40451892741105544,
                0.6857561374020695
            ],
            "prevdiff_prob": 0.7238,
            "powdiff_exp": 0.17367796131988902,
            "powdiff_hdi": [
                -0.33026957917358235,
                0.6876691878359391
            ],
            "powdiff_prob": 0.7338
        },
        "pval_group": 0.0107421875,
        "frac_H1_rej": 0.5357142857142857
    },
    "increase_pow": {
        "pcurve": {
            "prevdiff_exp": -0.09932094327078946,
            "prevdiff_hdi": [
                -0.6035966178509535,
                0.38143296711396046
            ],
            "prevdiff_prob": 0.3714,
            "powdiff_exp": 0.4631082612316146,
            "powdiff_hdi": [
                0.10523497581569208,
                0.7994427287251376
            ],
            "powdiff_prob": 0.9806
        },
        "binom": {
            "prevdiff_exp": 0.08416597694030455,
            "prevdiff_hdi": [
                -0.524650119485932,
                0.6720343787907468
            ],
            "prevdiff_prob": 0.6084,
            "powdiff_exp": 0.07251734820289443,
            "powdiff_hdi": [
                -0.4931761968061457,
                0.63541072855389
            ],
            "powdiff_prob": 0.5994
        },
        "pval_group": 0.2548828125,
        "frac_H1_rej": 1.0
    },
    "baseline": {
        "frac_H1_rej": 0.5
    }
}