{
    "increase_prev": {
        "pcurve": {
            "prevdiff_exp": 0.48927461415660084,
            "prevdiff_hdi": [
                0.10352081275851233,
                0.8242019359678817
            ],
            "prevdiff_prob": 0.988,
            "powdiff_exp": -0.051467665171934615,
            "powdiff_hdi": [
                -0.4419407780336613,
                0.3179142092222402
            ],
            "powdiff_prob": 0.4188
        },
        "binom": {
            "prevdiff_exp": 0.13928078958962978,
            "prevdiff_hdi": [
                -0.43925150533188306,
                0.7378011009685618
            ],
            "prevdiff_prob": 0.6808,
            "powdiff_exp": 0.12866034020608225,
            "powdiff_hdi": [
                -0.43529067522658765,
                0.6778648915381699
            ],
            "powdiff_prob": 0.68
        },
        "pval_group": 0.01953125,
        "frac_H1_rej": 0.4444444444444444
    },
    "increase_pow": {
        "pcurve": {
            "prevdiff_exp": 0.21413330395417515,
            "prevdiff_hdi": [
                -0.18704983824686316,
                0.6365227432315794
            ],
            "prevdiff_prob": 0.842,
            "powdiff_exp": 0.16036412935480548,
            "powdiff_hdi": [
                -0.2837608785616436,
                0.5832306228639207
            ],
            "powdiff_prob": 0.7578
        },
        "binom": {
            "prevdiff_exp": 0.13928078958962978,
            "prevdiff_hdi": [
                -0.43925150533188306,
                0.7378011009685618
            ],
            "prevdiff_prob": 0.6808,
            "powdiff_exp": 0.12866034020608225,
            "powdiff_hdi": [
                -0.43529067522658765,
                0.6778648915381699
            ],
            "powdiff_prob": 0.68
        },
        "pval_group": 0.1611328125,
        "frac_H1_rej": 0.8571428571428571
    },
    "baseline": {
        "frac_H1_rej": 0.5454545454545454
    }
}