{
    "increase_prev": {
        "pcurve": {
            "prevdiff_exp": 0.07525222704152977,
            "prevdiff_hdi": [
                -0.2534172358928909,
                0.4285958244283982
            ],
            "prevdiff_prob": 0.668,
            "powdiff_exp": 0.16245419565518518,
            "powdiff_hdi": [
                -0.06856038459313474,
                0.40280635428249306
            ],
            "powdiff_prob": 0.9142
        },
        "binom": {
            "prevdiff_exp": 0.14965665711288625,
            "prevdiff_hdi": [
                -0.4163530545531227,
                0.6808775977880356
            ],
            "prevdiff_prob": 0.6946,
            "powdiff_exp": 0.15089786664808813,
            "powdiff_hdi": [
                -0.37586251276460314,
                0.6580555930080574
            ],
            "powdiff_prob": 0.7124
        },
        "pval_group": 0.123046875,
        "frac_H1_rej": 0.5
    },
    "increase_pow": {
        "pcurve": {
            "prevdiff_exp": -0.21315230529973522,
            "prevdiff_hdi": [
                -0.5083828062046254,
                0.168842389131188
            ],
            "prevdiff_prob": 0.1234,
            "powdiff_exp": 0.3927091183455896,
            "powdiff_hdi": [
                0.1440589250863662,
                0.6308681605314115
            ],
            "powdiff_prob": 0.997
        },
        "binom": {
            "prevdiff_exp": 0.1676649634712187,
            "prevdiff_hdi": [
                -0.40451892741105544,
                0.6857561374020695
            ],
            "prevdiff_prob": 0.7238,
            "powdiff_exp": 0.17367796131988902,
            "powdiff_hdi": [
                -0.33026957917358235,
                0.6876691878359391
            ],
            "powdiff_prob": 0.7338
        },
        "pval_group": 0.412109375,
        "frac_H1_rej": 0.9333333333333333
    },
    "baseline": {
        "frac_H1_rej": 0.35
    }
}