{
    "increase_prev": {
        "pcurve": {
            "prevdiff_exp": 0.2854051118025871,
            "prevdiff_hdi": [
                -0.08478918787510026,
                0.6950591490018145
            ],
            "prevdiff_prob": 0.9156,
            "powdiff_exp": 0.1607838463369599,
            "powdiff_hdi": [
                -0.13105061380893068,
                0.465010083611084
            ],
            "powdiff_prob": 0.8544
        },
        "binom": {
            "prevdiff_exp": 0.26180094620942884,
            "prevdiff_hdi": [
                -0.3047039655365804,
                0.7948452577293971
            ],
            "prevdiff_prob": 0.8082,
            "powdiff_exp": 0.24532944018015146,
            "powdiff_hdi": [
                -0.28797136276548246,
                0.7443072011273018
            ],
            "powdiff_prob": 0.8018
        },
        "pval_group": 0.015625,
        "frac_H1_rej": 0.5517241379310345
    },
    "increase_pow": {
        "pcurve": {
            "prevdiff_exp": -0.24565891245106022,
            "prevdiff_hdi": [
                -0.6319250883179124,
                0.17048754478906064
            ],
            "prevdiff_prob": 0.1364,
            "powdiff_exp": 0.46178701012938883,
            "powdiff_hdi": [
                0.13590471626721767,
                0.7417719497978377
            ],
            "powdiff_prob": 0.9894
        },
        "binom": {
            "prevdiff_exp": 0.1571983093677809,
            "prevdiff_hdi": [
                -0.4867250936871952,
                0.7270621900660879
            ],
            "prevdiff_prob": 0.6946,
            "powdiff_exp": 0.12592127461506447,
            "powdiff_hdi": [
                -0.479039484569405,
                0.6889912720634819
            ],
            "powdiff_prob": 0.678
        },
        "pval_group": 0.9970703125,
        "frac_H1_rej": 1.0
    },
    "baseline": {
        "frac_H1_rej": 0.375
    }
}