{
    "increase_prev": {
        "pcurve": {
            "prevdiff_exp": 0.29022256947706343,
            "prevdiff_hdi": [
                -0.14576431243865173,
                0.6778565083223496
            ],
            "prevdiff_prob": 0.893,
            "powdiff_exp": 0.1497706978861028,
            "powdiff_hdi": [
                -0.19280568666302877,
                0.47652611994431365
            ],
            "powdiff_prob": 0.8106
        },
        "binom": {
            "prevdiff_exp": 0.18876861378195248,
            "prevdiff_hdi": [
                -0.3601402524251879,
                0.7099454161478973
            ],
            "prevdiff_prob": 0.7384,
            "powdiff_exp": 0.19192551376798145,
            "powdiff_hdi": [
                -0.32054706837046865,
                0.6882465635812046
            ],
            "powdiff_prob": 0.758
        },
        "pval_group": 0.01171875,
        "frac_H1_rej": 0.5769230769230769
    },
    "increase_pow": {
        "pcurve": {
            "prevdiff_exp": -0.1682441364404361,
            "prevdiff_hdi": [
                -0.5887734187050742,
                0.24354825810561112
            ],
            "prevdiff_prob": 0.2278,
            "powdiff_exp": 0.416770490846952,
            "powdiff_hdi": [
                0.05707550339817036,
                0.7367521329527857
            ],
            "powdiff_prob": 0.9804
        },
        "binom": {
            "prevdiff_exp": 0.08416597694030455,
            "prevdiff_hdi": [
                -0.524650119485932,
                0.6720343787907468
            ],
            "prevdiff_prob": 0.6084,
            "powdiff_exp": 0.07251734820289443,
            "powdiff_hdi": [
                -0.4931761968061457,
                0.63541072855389
            ],
            "powdiff_prob": 0.5994
        },
        "pval_group": 0.8955078125,
        "frac_H1_rej": 1.0
    },
    "baseline": {
        "frac_H1_rej": 0.5
    }
}