{
    "increase_prev": {
        "pcurve": {
            "prevdiff_exp": 0.28480518841175634,
            "prevdiff_hdi": [
                -0.10089067088448622,
                0.682938990323473
            ],
            "prevdiff_prob": 0.9118,
            "powdiff_exp": 0.08761033383478846,
            "powdiff_hdi": [
                -0.23598500817342954,
                0.3454019466640749
            ],
            "powdiff_prob": 0.7452
        },
        "binom": {
            "prevdiff_exp": 0.12734811883278113,
            "prevdiff_hdi": [
                -0.44697379344167426,
                0.6973820359212584
            ],
            "prevdiff_prob": 0.6726,
            "powdiff_exp": 0.12660679882771023,
            "powdiff_hdi": [
                -0.4375004499379109,
                0.6411227405304529
            ],
            "powdiff_prob": 0.6734
        },
        "pval_group": 0.0146484375,
        "frac_H1_rej": 0.4642857142857143
    },
    "increase_pow": {
        "pcurve": {
            "prevdiff_exp": 0.02244537650656365,
            "prevdiff_hdi": [
                -0.3869072996001993,
                0.4615272394563455
            ],
            "prevdiff_prob": 0.539,
            "powdiff_exp": 0.36167549346762734,
            "powdiff_hdi": [
                0.04415568213025922,
                0.6695229138980137
            ],
            "powdiff_prob": 0.9762
        },
        "binom": {
            "prevdiff_exp": 0.1676649634712187,
            "prevdiff_hdi": [
                -0.40451892741105544,
                0.6857561374020695
            ],
            "prevdiff_prob": 0.7238,
            "powdiff_exp": 0.17367796131988902,
            "powdiff_hdi": [
                -0.33026957917358235,
                0.6876691878359391
            ],
            "powdiff_prob": 0.7338
        },
        "pval_group": 0.04296875,
        "frac_H1_rej": 0.9333333333333333
    },
    "baseline": {
        "frac_H1_rej": 0.5714285714285714
    }
}