{
    "increase_prev": {
        "pcurve": {
            "prevdiff_exp": 0.1755501249152266,
            "prevdiff_hdi": [
                -0.171583044517299,
                0.5056747119976528
            ],
            "prevdiff_prob": 0.8562,
            "powdiff_exp": -0.06427710490839605,
            "powdiff_hdi": [
                -0.3092373114254553,
                0.18150244804236537
            ],
            "powdiff_prob": 0.3146
        },
        "binom": {
            "prevdiff_exp": -0.05690510709784661,
            "prevdiff_hdi": [
                -0.5896036613956648,
                0.5448465811941846
            ],
            "prevdiff_prob": 0.4188,
            "powdiff_exp": -0.04055793746418056,
            "powdiff_hdi": [
                -0.5745010533922283,
                0.4870286760239793
            ],
            "powdiff_prob": 0.4422
        },
        "pval_group": 0.162109375,
        "frac_H1_rej": 0.3448275862068966
    },
    "increase_pow": {
        "pcurve": {
            "prevdiff_exp": -0.11887358936946328,
            "prevdiff_hdi": [
                -0.45929843117271285,
                0.275900687799401
            ],
            "prevdiff_prob": 0.262,
            "powdiff_exp": 0.2600786726561588,
            "powdiff_hdi": [
                -0.03955919597659929,
                0.5721980258969496
            ],
            "powdiff_prob": 0.9442
        },
        "binom": {
            "prevdiff_exp": 0.041341749222559766,
            "prevdiff_hdi": [
                -0.4561787873567843,
                0.5647413772415522
            ],
            "prevdiff_prob": 0.5554,
            "powdiff_exp": 0.051450252428721116,
            "powdiff_hdi": [
                -0.4298789160850238,
                0.5250132433872526
            ],
            "powdiff_prob": 0.579
        },
        "pval_group": 0.740234375,
        "frac_H1_rej": 0.9285714285714286
    },
    "baseline": {
        "frac_H1_rej": 0.6666666666666666
    }
}