{
    "increase_prev": {
        "pcurve": {
            "prevdiff_exp": 0.232617994174635,
            "prevdiff_hdi": [
                -0.2170729238160859,
                0.6363692416586999
            ],
            "prevdiff_prob": 0.8514,
            "powdiff_exp": 0.06890500459600361,
            "powdiff_hdi": [
                -0.2529174537481683,
                0.3295906470519978
            ],
            "powdiff_prob": 0.7148
        },
        "binom": {
            "prevdiff_exp": 0.09755610877681803,
            "prevdiff_hdi": [
                -0.5251801550218109,
                0.7635827897139151
            ],
            "prevdiff_prob": 0.6222,
            "powdiff_exp": 0.08700635877231405,
            "powdiff_hdi": [
                -0.5204209004219931,
                0.7062424616109438
            ],
            "powdiff_prob": 0.6196
        },
        "pval_group": 0.041015625,
        "frac_H1_rej": 0.32142857142857145
    },
    "increase_pow": {
        "pcurve": {
            "prevdiff_exp": -0.18469783687958952,
            "prevdiff_hdi": [
                -0.6121247337057387,
                0.24206570778802106
            ],
            "prevdiff_prob": 0.2142,
            "powdiff_exp": 0.4653972845160388,
            "powdiff_hdi": [
                0.11866868360902971,
                0.7522827632196469
            ],
            "powdiff_prob": 0.9892
        },
        "binom": {
            "prevdiff_exp": 0.18134724031780283,
            "prevdiff_hdi": [
                -0.41085524822389996,
                0.7829015215454744
            ],
            "prevdiff_prob": 0.7148,
            "powdiff_exp": 0.15285154063153705,
            "powdiff_hdi": [
                -0.44046063338073094,
                0.694930345960663
            ],
            "powdiff_prob": 0.7082
        },
        "pval_group": 0.19140625,
        "frac_H1_rej": 1.0
    },
    "baseline": {
        "frac_H1_rej": 0.38461538461538464
    }
}