{
    "increase_prev": {
        "pcurve": {
            "prevdiff_exp": 0.20099070583099787,
            "prevdiff_hdi": [
                -0.22201796624957904,
                0.6366397580270597
            ],
            "prevdiff_prob": 0.8046,
            "powdiff_exp": 0.2037628322594192,
            "powdiff_hdi": [
                -0.07124417125201071,
                0.453416437561999
            ],
            "powdiff_prob": 0.931
        },
        "binom": {
            "prevdiff_exp": 0.25769909171974875,
            "prevdiff_hdi": [
                -0.37303199111269214,
                0.8166293287071859
            ],
            "prevdiff_prob": 0.7928,
            "powdiff_exp": 0.2453786490238711,
            "powdiff_hdi": [
                -0.34456291192190425,
                0.771228693050741
            ],
            "powdiff_prob": 0.7932
        },
        "pval_group": 0.001953125,
        "frac_H1_rej": 0.4827586206896552
    },
    "increase_pow": {
        "pcurve": {
            "prevdiff_exp": -0.0683586110818803,
            "prevdiff_hdi": [
                -0.49309513569240676,
                0.3498601945381925
            ],
            "prevdiff_prob": 0.3672,
            "powdiff_exp": 0.5158326165894448,
            "powdiff_hdi": [
                0.24660877498053613,
                0.7505224135245281
            ],
            "powdiff_prob": 0.9974
        },
        "binom": {
            "prevdiff_exp": 0.3129470726300418,
            "prevdiff_hdi": [
                -0.2942382312327132,
                0.8330186748847063
            ],
            "prevdiff_prob": 0.835,
            "powdiff_exp": 0.3135087874880802,
            "powdiff_hdi": [
                -0.25540657363523656,
                0.8309854336949258
            ],
            "powdiff_prob": 0.8376
        },
        "pval_group": 0.0107421875,
        "frac_H1_rej": 1.0
    },
    "baseline": {
        "frac_H1_rej": 0.35714285714285715
    }
}