{
    "increase_prev": {
        "pcurve": {
            "prevdiff_exp": 0.298421041166729,
            "prevdiff_hdi": [
                -0.1624516942025479,
                0.7773509555494684
            ],
            "prevdiff_prob": 0.8764,
            "powdiff_exp": 0.15065786357542457,
            "powdiff_hdi": [
                -0.2254878333287227,
                0.4726712818712404
            ],
            "powdiff_prob": 0.824
        },
        "binom": {
            "prevdiff_exp": 0.25769909171974875,
            "prevdiff_hdi": [
                -0.37303199111269214,
                0.8166293287071859
            ],
            "prevdiff_prob": 0.7928,
            "powdiff_exp": 0.2453786490238711,
            "powdiff_hdi": [
                -0.34456291192190425,
                0.771228693050741
            ],
            "powdiff_prob": 0.7932
        },
        "pval_group": 0.0029296875,
        "frac_H1_rej": 0.5
    },
    "increase_pow": {
        "pcurve": {
            "prevdiff_exp": 0.15416819488747568,
            "prevdiff_hdi": [
                -0.274630373160353,
                0.6554953588176994
            ],
            "prevdiff_prob": 0.7048,
            "powdiff_exp": 0.4050490865405348,
            "powdiff_hdi": [
                0.04109513539115128,
                0.7220211558161773
            ],
            "powdiff_prob": 0.9672
        },
        "binom": {
            "prevdiff_exp": 0.37723056880571576,
            "prevdiff_hdi": [
                -0.19135458042020792,
                0.8564133944520281
            ],
            "prevdiff_prob": 0.8816,
            "powdiff_exp": 0.36401811023946373,
            "powdiff_hdi": [
                -0.16665481758781164,
                0.8362879644991684
            ],
            "powdiff_prob": 0.883
        },
        "pval_group": 0.12109375,
        "frac_H1_rej": 1.0
    },
    "baseline": {
        "frac_H1_rej": 0.45454545454545453
    }
}