{
    "increase_prev": {
        "pcurve": {
            "prevdiff_exp": 0.2300040458144106,
            "prevdiff_hdi": [
                -0.1618325715819573,
                0.6125121222964031
            ],
            "prevdiff_prob": 0.865,
            "powdiff_exp": 0.126165770938192,
            "powdiff_hdi": [
                -0.17053151904644293,
                0.40124833559678813
            ],
            "powdiff_prob": 0.8012
        },
        "binom": {
            "prevdiff_exp": 0.08416597694030455,
            "prevdiff_hdi": [
                -0.524650119485932,
                0.6720343787907468
            ],
            "prevdiff_prob": 0.6084,
            "powdiff_exp": 0.07251734820289443,
            "powdiff_hdi": [
                -0.4931761968061457,
                0.63541072855389
            ],
            "powdiff_prob": 0.5994
        },
        "pval_group": 0.021484375,
        "frac_H1_rej": 0.35714285714285715
    },
    "increase_pow": {
        "pcurve": {
            "prevdiff_exp": 0.16149787508112223,
            "prevdiff_hdi": [
                -0.21663322279726438,
                0.5324364587707182
            ],
            "prevdiff_prob": 0.77,
            "powdiff_exp": 0.4152484221124552,
            "powdiff_hdi": [
                0.13387808438598048,
                0.673283567425842
            ],
            "powdiff_prob": 0.9948
        },
        "binom": {
            "prevdiff_exp": 0.2957796837086331,
            "prevdiff_hdi": [
                -0.1926934384711102,
                0.7594365521186014
            ],
            "prevdiff_prob": 0.8532,
            "powdiff_exp": 0.2826722670293569,
            "powdiff_hdi": [
                -0.18140233283370255,
                0.7214774851344363
            ],
            "powdiff_prob": 0.8492
        },
        "pval_group": 0.001953125,
        "frac_H1_rej": 0.9523809523809523
    },
    "baseline": {
        "frac_H1_rej": 0.4117647058823529
    }
}