{
    "increase_prev": {
        "pcurve": {
            "prevdiff_exp": 0.2559252025195394,
            "prevdiff_hdi": [
                -0.1410692600660569,
                0.6557245159189597
            ],
            "prevdiff_prob": 0.8868,
            "powdiff_exp": 0.21555481840098972,
            "powdiff_hdi": [
                -0.06914461381231918,
                0.4866614735139219
            ],
            "powdiff_prob": 0.9226
        },
        "binom": {
            "prevdiff_exp": 0.18038086167383757,
            "prevdiff_hdi": [
                -0.3461478898742931,
                0.6919228506700618
            ],
            "prevdiff_prob": 0.7328,
            "powdiff_exp": 0.18542557275215316,
            "powdiff_hdi": [
                -0.3247523544771336,
                0.6652507045765934
            ],
            "powdiff_prob": 0.7522
        },
        "pval_group": 0.0009765625,
        "frac_H1_rej": 0.5666666666666667
    },
    "increase_pow": {
        "pcurve": {
            "prevdiff_exp": 0.01887139981715557,
            "prevdiff_hdi": [
                -0.38271071053842587,
                0.4753166603704497
            ],
            "prevdiff_prob": 0.516,
            "powdiff_exp": 0.3940975747278566,
            "powdiff_hdi": [
                0.07666693766049604,
                0.6715106580914554
            ],
            "powdiff_prob": 0.9862
        },
        "binom": {
            "prevdiff_exp": 0.1642448374326108,
            "prevdiff_hdi": [
                -0.3787641881454532,
                0.6650928293874636
            ],
            "prevdiff_prob": 0.718,
            "powdiff_exp": 0.15832308140783743,
            "powdiff_hdi": [
                -0.3787338833513173,
                0.6140403466343308
            ],
            "powdiff_prob": 0.717
        },
        "pval_group": 0.02734375,
        "frac_H1_rej": 0.8823529411764706
    },
    "baseline": {
        "frac_H1_rej": 0.5
    }
}