{
    "increase_prev": {
        "pcurve": {
            "prevdiff_exp": 0.5025640141222386,
            "prevdiff_hdi": [
                0.11575415408570111,
                0.8435011814838937
            ],
            "prevdiff_prob": 0.9888,
            "powdiff_exp": 0.07757941809736071,
            "powdiff_hdi": [
                -0.28933714248830544,
                0.4413275592430093
            ],
            "powdiff_prob": 0.6578
        },
        "binom": {
            "prevdiff_exp": 0.198630845170522,
            "prevdiff_hdi": [
                -0.35708615240591746,
                0.7424931583026386
            ],
            "prevdiff_prob": 0.7498,
            "powdiff_exp": 0.20289068730660423,
            "powdiff_hdi": [
                -0.3435128745420697,
                0.6837769918460008
            ],
            "powdiff_prob": 0.7638
        },
        "pval_group": 0.0029296875,
        "frac_H1_rej": 0.5
    },
    "increase_pow": {
        "pcurve": {
            "prevdiff_exp": 0.05967145041271409,
            "prevdiff_hdi": [
                -0.3800822307841653,
                0.44410249959551484
            ],
            "prevdiff_prob": 0.6354,
            "powdiff_exp": 0.27349313220398735,
            "powdiff_hdi": [
                -0.13838245264399446,
                0.6651182821388775
            ],
            "powdiff_prob": 0.8886
        },
        "binom": {
            "prevdiff_exp": 0.15831400053208444,
            "prevdiff_hdi": [
                -0.469517779582702,
                0.6818685071085399
            ],
            "prevdiff_prob": 0.7046,
            "powdiff_exp": 0.15581952481442546,
            "powdiff_hdi": [
                -0.43760014099573424,
                0.6699355663760868
            ],
            "powdiff_prob": 0.7052
        },
        "pval_group": 0.5908203125,
        "frac_H1_rej": 0.9230769230769231
    },
    "baseline": {
        "frac_H1_rej": 0.5
    }
}