{
    "increase_prev": {
        "pcurve": {
            "prevdiff_exp": 0.43585448734405546,
            "prevdiff_hdi": [
                -0.04222025325362044,
                0.9369952659468327
            ],
            "prevdiff_prob": 0.9354,
            "powdiff_exp": 0.3352707576259074,
            "powdiff_hdi": [
                0.0719026094171708,
                0.5616099835884322
            ],
            "powdiff_prob": 0.9702
        },
        "binom": {
            "prevdiff_exp": 0.3575871836765752,
            "prevdiff_hdi": [
                -0.28295792497722305,
                0.9385905753082191
            ],
            "prevdiff_prob": 0.8438,
            "powdiff_exp": 0.43973190605908313,
            "powdiff_hdi": [
                -0.15780212883976752,
                0.9404974190968399
            ],
            "powdiff_prob": 0.9086
        },
        "pval_group": 0.0009765625,
        "frac_H1_rej": 0.5
    },
    "increase_pow": {
        "pcurve": {
            "prevdiff_exp": 0.20824742922136283,
            "prevdiff_hdi": [
                -0.3547999564199561,
                0.7573188276498725
            ],
            "prevdiff_prob": 0.7162,
            "powdiff_exp": 0.4575387358553405,
            "powdiff_hdi": [
                0.14983502250724257,
                0.7539870206924393
            ],
            "powdiff_prob": 0.9784
        },
        "binom": {
            "prevdiff_exp": 0.3575871836765752,
            "prevdiff_hdi": [
                -0.28295792497722305,
                0.9385905753082191
            ],
            "prevdiff_prob": 0.8438,
            "powdiff_exp": 0.43973190605908313,
            "powdiff_hdi": [
                -0.15780212883976752,
                0.9404974190968399
            ],
            "powdiff_prob": 0.9086
        },
        "pval_group": 0.009765625,
        "frac_H1_rej": 0.8666666666666667
    },
    "baseline": {
        "frac_H1_rej": 0.125
    }
}