{
    "increase_prev": {
        "pcurve": {
            "prevdiff_exp": 0.3200451148443067,
            "prevdiff_hdi": [
                -0.06249929758066741,
                0.7113654055416159
            ],
            "prevdiff_prob": 0.9366,
            "powdiff_exp": 0.1665023942938245,
            "powdiff_hdi": [
                -0.13511795951453265,
                0.4471936381820434
            ],
            "powdiff_prob": 0.8608
        },
        "binom": {
            "prevdiff_exp": 0.24069729589869504,
            "prevdiff_hdi": [
                -0.3410728119937153,
                0.7668833485590058
            ],
            "prevdiff_prob": 0.7808,
            "powdiff_exp": 0.22708188773205903,
            "powdiff_hdi": [
                -0.3226554230284957,
                0.7416846982553135
            ],
            "powdiff_prob": 0.779
        },
        "pval_group": 0.001953125,
        "frac_H1_rej": 0.5
    },
    "increase_pow": {
        "pcurve": {
            "prevdiff_exp": -0.03161157159349202,
            "prevdiff_hdi": [
                -0.4646995400644061,
                0.4017739760899382
            ],
            "prevdiff_prob": 0.4496,
            "powdiff_exp": 0.3384203036571622,
            "powdiff_hdi": [
                0.0023527341768712073,
                0.669459978494223
            ],
            "powdiff_prob": 0.965
        },
        "binom": {
            "prevdiff_exp": 0.2003804512602575,
            "prevdiff_hdi": [
                -0.42096537519291255,
                0.751552573457396
            ],
            "prevdiff_prob": 0.7442,
            "powdiff_exp": 0.18001072523988026,
            "powdiff_hdi": [
                -0.3936470525743901,
                0.6977605694974172
            ],
            "powdiff_prob": 0.7366
        },
        "pval_group": 0.236328125,
        "frac_H1_rej": 1.0
    },
    "baseline": {
        "frac_H1_rej": 0.38461538461538464
    }
}