{
    "increase_prev": {
        "pcurve": {
            "prevdiff_exp": 0.1761406145538559,
            "prevdiff_hdi": [
                -0.2514320625825901,
                0.5970561596901292
            ],
            "prevdiff_prob": 0.7738,
            "powdiff_exp": 0.12564395835261258,
            "powdiff_hdi": [
                -0.1674988040545769,
                0.40289209703142104
            ],
            "powdiff_prob": 0.8276
        },
        "binom": {
            "prevdiff_exp": 0.2226889895403626,
            "prevdiff_hdi": [
                -0.3605755328540975,
                0.7810150693148055
            ],
            "prevdiff_prob": 0.7698,
            "powdiff_exp": 0.20430179306025814,
            "powdiff_hdi": [
                -0.3659388742499372,
                0.7235969266582232
            ],
            "powdiff_prob": 0.7584
        },
        "pval_group": 0.0029296875,
        "frac_H1_rej": 0.4827586206896552
    },
    "increase_pow": {
        "pcurve": {
            "prevdiff_exp": -0.12556233444812723,
            "prevdiff_hdi": [
                -0.5162967191391656,
                0.2931660491961781
            ],
            "prevdiff_prob": 0.2844,
            "powdiff_exp": 0.48416848952831854,
            "powdiff_hdi": [
                0.18875411508659024,
                0.7212941946545599
            ],
            "powdiff_prob": 0.9958
        },
        "binom": {
            "prevdiff_exp": 0.26180094620942884,
            "prevdiff_hdi": [
                -0.3047039655365804,
                0.7948452577293971
            ],
            "prevdiff_prob": 0.8082,
            "powdiff_exp": 0.24532944018015146,
            "powdiff_hdi": [
                -0.28797136276548246,
                0.7443072011273018
            ],
            "powdiff_prob": 0.8018
        },
        "pval_group": 0.0107421875,
        "frac_H1_rej": 1.0
    },
    "baseline": {
        "frac_H1_rej": 0.29411764705882354
    }
}