{
    "increase_prev": {
        "pcurve": {
            "prevdiff_exp": 0.16314403893388055,
            "prevdiff_hdi": [
                -0.22939414392185387,
                0.6123358026119461
            ],
            "prevdiff_prob": 0.7732,
            "powdiff_exp": 0.23582035320427966,
            "powdiff_hdi": [
                0.0018882416915311229,
                0.4570129272553547
            ],
            "powdiff_prob": 0.9692
        },
        "binom": {
            "prevdiff_exp": 0.23539055343964366,
            "prevdiff_hdi": [
                -0.3895634657335083,
                0.8322231647154883
            ],
            "prevdiff_prob": 0.7636,
            "powdiff_exp": 0.2210875812034932,
            "powdiff_hdi": [
                -0.39070904803429296,
                0.7636319710329034
            ],
            "powdiff_prob": 0.7692
        },
        "pval_group": 0.0048828125,
        "frac_H1_rej": 0.43333333333333335
    },
    "increase_pow": {
        "pcurve": {
            "prevdiff_exp": -0.08761403399857869,
            "prevdiff_hdi": [
                -0.5295657481766909,
                0.4003451356456664
            ],
            "prevdiff_prob": 0.3328,
            "powdiff_exp": 0.3203988188662421,
            "powdiff_hdi": [
                0.03746574187849472,
                0.6037609618913988
            ],
            "powdiff_prob": 0.9792
        },
        "binom": {
            "prevdiff_exp": 0.21635734249718902,
            "prevdiff_hdi": [
                -0.41850166710642706,
                0.7937426377387214
            ],
            "prevdiff_prob": 0.7456,
            "powdiff_exp": 0.19392839659515002,
            "powdiff_hdi": [
                -0.41134146749219225,
                0.7751400561832572
            ],
            "powdiff_prob": 0.741
        },
        "pval_group": 0.5712890625,
        "frac_H1_rej": 0.9166666666666666
    },
    "baseline": {
        "frac_H1_rej": 0.29411764705882354
    }
}