{
    "increase_prev": {
        "pcurve": {
            "prevdiff_exp": 0.3980023420062414,
            "prevdiff_hdi": [
                0.0427192280354316,
                0.7177554038222105
            ],
            "prevdiff_prob": 0.978,
            "powdiff_exp": -0.17649717616434446,
            "powdiff_hdi": [
                -0.4884559844725671,
                0.15377552426880325
            ],
            "powdiff_prob": 0.1536
        },
        "binom": {
            "prevdiff_exp": -0.03275617614782467,
            "prevdiff_hdi": [
                -0.58470651030441,
                0.5494100435902691
            ],
            "prevdiff_prob": 0.4542,
            "powdiff_exp": -0.013627671447707984,
            "powdiff_hdi": [
                -0.5550508367352915,
                0.519616394713682
            ],
            "powdiff_prob": 0.4734
        },
        "pval_group": 0.1640625,
        "frac_H1_rej": 0.35714285714285715
    },
    "increase_pow": {
        "pcurve": {
            "prevdiff_exp": 0.18623740241265982,
            "prevdiff_hdi": [
                -0.1786223186513204,
                0.5250270711354167
            ],
            "prevdiff_prob": 0.851,
            "powdiff_exp": 0.17928558946403128,
            "powdiff_hdi": [
                -0.1652574972001879,
                0.5119360850933746
            ],
            "powdiff_prob": 0.853
        },
        "binom": {
            "prevdiff_exp": 0.14770550208826908,
            "prevdiff_hdi": [
                -0.33817950754790715,
                0.6119480965121217
            ],
            "prevdiff_prob": 0.7062,
            "powdiff_exp": 0.15669159359859788,
            "powdiff_hdi": [
                -0.28209000656053795,
                0.6119216495375974
            ],
            "powdiff_prob": 0.7362
        },
        "pval_group": 0.2080078125,
        "frac_H1_rej": 1.0
    },
    "baseline": {
        "frac_H1_rej": 0.7142857142857143
    }
}