{
    "increase_prev": {
        "pcurve": {
            "prevdiff_exp": 0.23285888894163817,
            "prevdiff_hdi": [
                -0.26425565964927,
                0.716750841675079
            ],
            "prevdiff_prob": 0.7962,
            "powdiff_exp": 0.24409199750982224,
            "powdiff_hdi": [
                -0.11224195050559688,
                0.5780325686294023
            ],
            "powdiff_prob": 0.9112
        },
        "binom": {
            "prevdiff_exp": 0.2757073980780812,
            "prevdiff_hdi": [
                -0.3467688247133779,
                0.8035521512511697
            ],
            "prevdiff_prob": 0.8018,
            "powdiff_exp": 0.268158743695672,
            "powdiff_hdi": [
                -0.30109507152523607,
                0.807761469069551
            ],
            "powdiff_prob": 0.8074
        },
        "pval_group": 0.0009765625,
        "frac_H1_rej": 0.5769230769230769
    },
    "increase_pow": {
        "pcurve": {
            "prevdiff_exp": -0.049665756206774346,
            "prevdiff_hdi": [
                -0.5356850403060026,
                0.415877941774054
            ],
            "prevdiff_prob": 0.4382,
            "powdiff_exp": 0.49172895592240967,
            "powdiff_hdi": [
                0.12302864553411619,
                0.7894628589421451
            ],
            "powdiff_prob": 0.9868
        },
        "binom": {
            "prevdiff_exp": 0.21635734249718902,
            "prevdiff_hdi": [
                -0.41850166710642706,
                0.7937426377387214
            ],
            "prevdiff_prob": 0.7456,
            "powdiff_exp": 0.19392839659515002,
            "powdiff_hdi": [
                -0.41134146749219225,
                0.7751400561832572
            ],
            "powdiff_prob": 0.741
        },
        "pval_group": 0.033203125,
        "frac_H1_rej": 1.0
    },
    "baseline": {
        "frac_H1_rej": 0.5
    }
}