{
    "increase_prev": {
        "pcurve": {
            "prevdiff_exp": 0.16752540102164631,
            "prevdiff_hdi": [
                -0.25316921620910005,
                0.5930174046309304
            ],
            "prevdiff_prob": 0.7648,
            "powdiff_exp": 0.037733177442986654,
            "powdiff_hdi": [
                -0.30269484132117896,
                0.363477728022321
            ],
            "powdiff_prob": 0.6284
        },
        "binom": {
            "prevdiff_exp": 0.10831490789032648,
            "prevdiff_hdi": [
                -0.5019099045829167,
                0.6588128193176792
            ],
            "prevdiff_prob": 0.6384,
            "powdiff_exp": 0.09944761421936701,
            "powdiff_hdi": [
                -0.46053350532630905,
                0.6248992146799097
            ],
            "powdiff_prob": 0.6358
        },
        "pval_group": 0.046875,
        "frac_H1_rej": 0.46153846153846156
    },
    "increase_pow": {
        "pcurve": {
            "prevdiff_exp": -0.01931015438434195,
            "prevdiff_hdi": [
                -0.421179342269488,
                0.4025750028603223
            ],
            "prevdiff_prob": 0.477,
            "powdiff_exp": 0.3654503189991865,
            "powdiff_hdi": [
                0.04001583120226371,
                0.6722718748521188
            ],
            "powdiff_prob": 0.973
        },
        "binom": {
            "prevdiff_exp": 0.2318714790285736,
            "prevdiff_hdi": [
                -0.2844211942886189,
                0.7332259702947241
            ],
            "prevdiff_prob": 0.7816,
            "powdiff_exp": 0.22920894180149234,
            "powdiff_hdi": [
                -0.304989565225532,
                0.6604455880455685
            ],
            "powdiff_prob": 0.7906
        },
        "pval_group": 0.533203125,
        "frac_H1_rej": 1.0
    },
    "baseline": {
        "frac_H1_rej": 0.5454545454545454
    }
}