{
    "increase_prev": {
        "pcurve": {
            "prevdiff_exp": 0.5167690600402697,
            "prevdiff_hdi": [
                0.15754420630695176,
                0.8396371210299359
            ],
            "prevdiff_prob": 0.9936,
            "powdiff_exp": 0.021682491714055403,
            "powdiff_hdi": [
                -0.35317366244660137,
                0.37571402832138395
            ],
            "powdiff_prob": 0.547
        },
        "binom": {
            "prevdiff_exp": 0.14965665711288625,
            "prevdiff_hdi": [
                -0.4163530545531227,
                0.6808775977880356
            ],
            "prevdiff_prob": 0.6946,
            "powdiff_exp": 0.15089786664808813,
            "powdiff_hdi": [
                -0.37586251276460314,
                0.6580555930080574
            ],
            "powdiff_prob": 0.7124
        },
        "pval_group": 0.0048828125,
        "frac_H1_rej": 0.4827586206896552
    },
    "increase_pow": {
        "pcurve": {
            "prevdiff_exp": 0.16479434166185042,
            "prevdiff_hdi": [
                -0.21940223421560445,
                0.5283340967439941
            ],
            "prevdiff_prob": 0.8178,
            "powdiff_exp": 0.2530090658190945,
            "powdiff_hdi": [
                -0.14964746343246926,
                0.6320609512642239
            ],
            "powdiff_prob": 0.8808
        },
        "binom": {
            "prevdiff_exp": 0.1676649634712187,
            "prevdiff_hdi": [
                -0.40451892741105544,
                0.6857561374020695
            ],
            "prevdiff_prob": 0.7238,
            "powdiff_exp": 0.17367796131988902,
            "powdiff_hdi": [
                -0.33026957917358235,
                0.6876691878359391
            ],
            "powdiff_prob": 0.7338
        },
        "pval_group": 0.0869140625,
        "frac_H1_rej": 0.9285714285714286
    },
    "baseline": {
        "frac_H1_rej": 0.5
    }
}