{
    "increase_prev": {
        "pcurve": {
            "prevdiff_exp": 0.42882948447499813,
            "prevdiff_hdi": [
                -0.002320955400682001,
                0.8332244092772698
            ],
            "prevdiff_prob": 0.969,
            "powdiff_exp": 0.18799138276028188,
            "powdiff_hdi": [
                -0.15901263312772246,
                0.46693198632563726
            ],
            "powdiff_prob": 0.8698
        },
        "binom": {
            "prevdiff_exp": 0.12513288076354456,
            "prevdiff_hdi": [
                -0.42172648575651617,
                0.6718849915044207
            ],
            "prevdiff_prob": 0.665,
            "powdiff_exp": 0.11729543428794409,
            "powdiff_hdi": [
                -0.413050403286488,
                0.620603806694966
            ],
            "powdiff_prob": 0.6636
        },
        "pval_group": 0.0009765625,
        "frac_H1_rej": 0.4827586206896552
    },
    "increase_pow": {
        "pcurve": {
            "prevdiff_exp": -0.03439749845607495,
            "prevdiff_hdi": [
                -0.5167520876757592,
                0.43104848274275864
            ],
            "prevdiff_prob": 0.4646,
            "powdiff_exp": 0.38197851062914834,
            "powdiff_hdi": [
                0.001548882838368626,
                0.7576115309395735
            ],
            "powdiff_prob": 0.9596
        },
        "binom": {
            "prevdiff_exp": 0.0837911315409848,
            "prevdiff_hdi": [
                -0.4678493899759329,
                0.674501780275422
            ],
            "prevdiff_prob": 0.6114,
            "powdiff_exp": 0.06584518185922297,
            "powdiff_hdi": [
                -0.49862899932598376,
                0.599270978656073
            ],
            "powdiff_prob": 0.5892
        },
        "pval_group": 0.9912109375,
        "frac_H1_rej": 1.0
    },
    "baseline": {
        "frac_H1_rej": 0.7
    }
}