{
    "increase_prev": {
        "pcurve": {
            "prevdiff_exp": 0.3620570861692846,
            "prevdiff_hdi": [
                -0.07018787056143827,
                0.7630968242096022
            ],
            "prevdiff_prob": 0.9434,
            "powdiff_exp": 0.12478057728123194,
            "powdiff_hdi": [
                -0.2219349936515967,
                0.41768563154640376
            ],
            "powdiff_prob": 0.7782
        },
        "binom": {
            "prevdiff_exp": 0.10831490789032648,
            "prevdiff_hdi": [
                -0.5019099045829167,
                0.6588128193176792
            ],
            "prevdiff_prob": 0.6384,
            "powdiff_exp": 0.09944761421936701,
            "powdiff_hdi": [
                -0.46053350532630905,
                0.6248992146799097
            ],
            "powdiff_prob": 0.6358
        },
        "pval_group": 0.0107421875,
        "frac_H1_rej": 0.42857142857142855
    },
    "increase_pow": {
        "pcurve": {
            "prevdiff_exp": 0.17764528318639863,
            "prevdiff_hdi": [
                -0.26359889258690283,
                0.609244482304686
            ],
            "prevdiff_prob": 0.7734,
            "powdiff_exp": 0.3322159856970052,
            "powdiff_hdi": [
                -0.005039880108741457,
                0.6680334427495919
            ],
            "powdiff_prob": 0.9554
        },
        "binom": {
            "prevdiff_exp": 0.18876861378195248,
            "prevdiff_hdi": [
                -0.3601402524251879,
                0.7099454161478973
            ],
            "prevdiff_prob": 0.7384,
            "powdiff_exp": 0.19192551376798145,
            "powdiff_hdi": [
                -0.32054706837046865,
                0.6882465635812046
            ],
            "powdiff_prob": 0.758
        },
        "pval_group": 0.1435546875,
        "frac_H1_rej": 0.875
    },
    "baseline": {
        "frac_H1_rej": 0.4666666666666667
    }
}