{
    "increase_prev": {
        "pcurve": {
            "prevdiff_exp": 0.5285185671256081,
            "prevdiff_hdi": [
                0.13903705546563527,
                0.8754757869072172
            ],
            "prevdiff_prob": 0.9854,
            "powdiff_exp": 0.021879524767476708,
            "powdiff_hdi": [
                -0.3827952560928944,
                0.4052837253874024
            ],
            "powdiff_prob": 0.5542
        },
        "binom": {
            "prevdiff_exp": 0.24069729589869504,
            "prevdiff_hdi": [
                -0.3410728119937153,
                0.7668833485590058
            ],
            "prevdiff_prob": 0.7808,
            "powdiff_exp": 0.22708188773205903,
            "powdiff_hdi": [
                -0.3226554230284957,
                0.7416846982553135
            ],
            "powdiff_prob": 0.779
        },
        "pval_group": 0.0166015625,
        "frac_H1_rej": 0.5185185185185185
    },
    "increase_pow": {
        "pcurve": {
            "prevdiff_exp": 0.12118523763767441,
            "prevdiff_hdi": [
                -0.32980221893909334,
                0.5043617029927043
            ],
            "prevdiff_prob": 0.749,
            "powdiff_exp": 0.2489248726537163,
            "powdiff_hdi": [
                -0.16851942779954843,
                0.6564519818796032
            ],
            "powdiff_prob": 0.8566
        },
        "binom": {
            "prevdiff_exp": 0.24069729589869504,
            "prevdiff_hdi": [
                -0.3410728119937153,
                0.7668833485590058
            ],
            "prevdiff_prob": 0.7808,
            "powdiff_exp": 0.22708188773205903,
            "powdiff_hdi": [
                -0.3226554230284957,
                0.7416846982553135
            ],
            "powdiff_prob": 0.779
        },
        "pval_group": 0.876953125,
        "frac_H1_rej": 1.0
    },
    "baseline": {
        "frac_H1_rej": 0.5
    }
}