{
    "increase_prev": {
        "pcurve": {
            "prevdiff_exp": 0.12029499496145722,
            "prevdiff_hdi": [
                -0.34175438194946084,
                0.6310027873724633
            ],
            "prevdiff_prob": 0.6746,
            "powdiff_exp": 0.1766273495943716,
            "powdiff_hdi": [
                -0.03438333712314129,
                0.4157168400605919
            ],
            "powdiff_prob": 0.9406
        },
        "binom": {
            "prevdiff_exp": 0.1568068967699007,
            "prevdiff_hdi": [
                -0.5268161877866395,
                0.770298129656127
            ],
            "prevdiff_prob": 0.6932,
            "powdiff_exp": 0.13119876154124974,
            "powdiff_hdi": [
                -0.5113170268823861,
                0.7476349955695001
            ],
            "powdiff_prob": 0.6714
        },
        "pval_group": 0.0029296875,
        "frac_H1_rej": 0.2857142857142857
    },
    "increase_pow": {
        "pcurve": {
            "prevdiff_exp": -0.24968905892088647,
            "prevdiff_hdi": [
                -0.6383077922420921,
                0.24449947827189594
            ],
            "prevdiff_prob": 0.1534,
            "powdiff_exp": 0.5952088297338974,
            "powdiff_hdi": [
                0.3536363088914385,
                0.8014643345548871
            ],
            "powdiff_prob": 0.9994
        },
        "binom": {
            "prevdiff_exp": 0.3064635538827869,
            "prevdiff_hdi": [
                -0.2926156947245093,
                0.88378821185497
            ],
            "prevdiff_prob": 0.8314,
            "powdiff_exp": 0.28209662818933784,
            "powdiff_hdi": [
                -0.31577931243627455,
                0.8185412216143229
            ],
            "powdiff_prob": 0.8182
        },
        "pval_group": 0.0478515625,
        "frac_H1_rej": 1.0
    },
    "baseline": {
        "frac_H1_rej": 0.36363636363636365
    }
}