{
    "increase_prev": {
        "pcurve": {
            "prevdiff_exp": 0.07050697421084673,
            "prevdiff_hdi": [
                -0.29741728046957105,
                0.45579256419235537
            ],
            "prevdiff_prob": 0.6208,
            "powdiff_exp": 0.19289131003329027,
            "powdiff_hdi": [
                -0.08460887720831278,
                0.4475401534692674
            ],
            "powdiff_prob": 0.9144
        },
        "binom": {
            "prevdiff_exp": 0.143141187121877,
            "prevdiff_hdi": [
                -0.38740471006485294,
                0.6710863002707265
            ],
            "prevdiff_prob": 0.6864,
            "powdiff_exp": 0.14007552895974498,
            "powdiff_hdi": [
                -0.39332672104633926,
                0.6305774621765518
            ],
            "powdiff_prob": 0.6988
        },
        "pval_group": 0.2998046875,
        "frac_H1_rej": 0.5769230769230769
    },
    "increase_pow": {
        "pcurve": {
            "prevdiff_exp": -0.1974277970447098,
            "prevdiff_hdi": [
                -0.5778814916897526,
                0.18750448236193457
            ],
            "prevdiff_prob": 0.1708,
            "powdiff_exp": 0.314805559512496,
            "powdiff_hdi": [
                0.0031989643866031092,
                0.615194488586756
            ],
            "powdiff_prob": 0.9692
        },
        "binom": {
            "prevdiff_exp": 0.10282434248343943,
            "prevdiff_hdi": [
                -0.46391285844393804,
                0.640850572071314
            ],
            "prevdiff_prob": 0.6488,
            "powdiff_exp": 0.0930043664675662,
            "powdiff_hdi": [
                -0.43314687785795697,
                0.619064719114842
            ],
            "powdiff_prob": 0.6322
        },
        "pval_group": 0.6103515625,
        "frac_H1_rej": 1.0
    },
    "baseline": {
        "frac_H1_rej": 0.4444444444444444
    }
}