{
    "increase_prev": {
        "pcurve": {
            "prevdiff_exp": 0.2104236251799375,
            "prevdiff_hdi": [
                -0.14195453481898523,
                0.6753087144815513
            ],
            "prevdiff_prob": 0.8406,
            "powdiff_exp": 0.2605226380162063,
            "powdiff_hdi": [
                0.027953617776839856,
                0.4902760511633394
            ],
            "powdiff_prob": 0.9704
        },
        "binom": {
            "prevdiff_exp": 0.3064635538827869,
            "prevdiff_hdi": [
                -0.2926156947245093,
                0.88378821185497
            ],
            "prevdiff_prob": 0.8314,
            "powdiff_exp": 0.28209662818933784,
            "powdiff_hdi": [
                -0.31577931243627455,
                0.8185412216143229
            ],
            "powdiff_prob": 0.8182
        },
        "pval_group": 0.0009765625,
        "frac_H1_rej": 0.4666666666666667
    },
    "increase_pow": {
        "pcurve": {
            "prevdiff_exp": -0.14609463645210602,
            "prevdiff_hdi": [
                -0.5559022743253175,
                0.33127824491552593
            ],
            "prevdiff_prob": 0.26,
            "powdiff_exp": 0.4622201427528913,
            "powdiff_hdi": [
                0.17616073960444906,
                0.7291756419153042
            ],
            "powdiff_prob": 0.9938
        },
        "binom": {
            "prevdiff_exp": 0.28415501560268175,
            "prevdiff_hdi": [
                -0.3418700184273562,
                0.8740334268642953
            ],
            "prevdiff_prob": 0.8142,
            "powdiff_exp": 0.25780556036895996,
            "powdiff_hdi": [
                -0.32330480728412214,
                0.836248841650578
            ],
            "powdiff_prob": 0.7996
        },
        "pval_group": 0.61328125,
        "frac_H1_rej": 0.9230769230769231
    },
    "baseline": {
        "frac_H1_rej": 0.3333333333333333
    }
}