{
    "increase_prev": {
        "pcurve": {
            "prevdiff_exp": 0.17341071528887758,
            "prevdiff_hdi": [
                -0.13087849246020444,
                0.5662458187295983
            ],
            "prevdiff_prob": 0.8316,
            "powdiff_exp": 0.23408609355959628,
            "powdiff_hdi": [
                0.01603310002469316,
                0.45122283358616705
            ],
            "powdiff_prob": 0.9708
        },
        "binom": {
            "prevdiff_exp": 0.18134724031780283,
            "prevdiff_hdi": [
                -0.41085524822389996,
                0.7829015215454744
            ],
            "prevdiff_prob": 0.7148,
            "powdiff_exp": 0.15285154063153705,
            "powdiff_hdi": [
                -0.44046063338073094,
                0.694930345960663
            ],
            "powdiff_prob": 0.7082
        },
        "pval_group": 0.0205078125,
        "frac_H1_rej": 0.41379310344827586
    },
    "increase_pow": {
        "pcurve": {
            "prevdiff_exp": -0.14300483071255782,
            "prevdiff_hdi": [
                -0.5389489438171027,
                0.2926817208335962
            ],
            "prevdiff_prob": 0.2406,
            "powdiff_exp": 0.4338853297359038,
            "powdiff_hdi": [
                0.14993327808297618,
                0.7092753773882807
            ],
            "powdiff_prob": 0.9964
        },
        "binom": {
            "prevdiff_exp": 0.2226889895403626,
            "prevdiff_hdi": [
                -0.3605755328540975,
                0.7810150693148055
            ],
            "prevdiff_prob": 0.7698,
            "powdiff_exp": 0.20430179306025814,
            "powdiff_hdi": [
                -0.3659388742499372,
                0.7235969266582232
            ],
            "powdiff_prob": 0.7584
        },
        "pval_group": 0.220703125,
        "frac_H1_rej": 1.0
    },
    "baseline": {
        "frac_H1_rej": 0.3333333333333333
    }
}