{
    "increase_prev": {
        "pcurve": {
            "prevdiff_exp": 0.23260981094841732,
            "prevdiff_hdi": [
                -0.2786786039847157,
                0.7345283982695129
            ],
            "prevdiff_prob": 0.7964,
            "powdiff_exp": 0.10227122066747668,
            "powdiff_hdi": [
                -0.33407004658438066,
                0.47018665105813406
            ],
            "powdiff_prob": 0.7196
        },
        "binom": {
            "prevdiff_exp": 0.12444213321995623,
            "prevdiff_hdi": [
                -0.4981916736341053,
                0.7353036702573679
            ],
            "prevdiff_prob": 0.6566,
            "powdiff_exp": 0.11229360316735647,
            "powdiff_hdi": [
                -0.47725614413824463,
                0.6833486727929745
            ],
            "powdiff_prob": 0.6448
        },
        "pval_group": 0.0107421875,
        "frac_H1_rej": 0.38461538461538464
    },
    "increase_pow": {
        "pcurve": {
            "prevdiff_exp": 0.014597552627864586,
            "prevdiff_hdi": [
                -0.5222461654082153,
                0.4798265535295705
            ],
            "prevdiff_prob": 0.5352,
            "powdiff_exp": 0.238086719031828,
            "powdiff_hdi": [
                -0.1999396207819718,
                0.6476036396568097
            ],
            "powdiff_prob": 0.8526
        },
        "binom": {
            "prevdiff_exp": 0.1571983093677809,
            "prevdiff_hdi": [
                -0.4867250936871952,
                0.7270621900660879
            ],
            "prevdiff_prob": 0.6946,
            "powdiff_exp": 0.12592127461506447,
            "powdiff_hdi": [
                -0.479039484569405,
                0.6889912720634819
            ],
            "powdiff_prob": 0.678
        },
        "pval_group": 0.646484375,
        "frac_H1_rej": 1.0
    },
    "baseline": {
        "frac_H1_rej": 0.3076923076923077
    }
}