{
    "increase_prev": {
        "pcurve": {
            "prevdiff_exp": 0.3688200556526475,
            "prevdiff_hdi": [
                -0.14366705837668525,
                0.8210673203884665
            ],
            "prevdiff_prob": 0.9026,
            "powdiff_exp": 0.20115323600254853,
            "powdiff_hdi": [
                -0.23709331507675901,
                0.5577392776883884
            ],
            "powdiff_prob": 0.8418
        },
        "binom": {
            "prevdiff_exp": 0.3064635538827869,
            "prevdiff_hdi": [
                -0.2926156947245093,
                0.88378821185497
            ],
            "prevdiff_prob": 0.8314,
            "powdiff_exp": 0.28209662818933784,
            "powdiff_hdi": [
                -0.31577931243627455,
                0.8185412216143229
            ],
            "powdiff_prob": 0.8182
        },
        "pval_group": 0.0009765625,
        "frac_H1_rej": 0.4666666666666667
    },
    "increase_pow": {
        "pcurve": {
            "prevdiff_exp": 0.14636494481594223,
            "prevdiff_hdi": [
                -0.41186419707570954,
                0.6315801078895608
            ],
            "prevdiff_prob": 0.706,
            "powdiff_exp": 0.32048285849074337,
            "powdiff_hdi": [
                -0.13273930092222258,
                0.7239441558323685
            ],
            "powdiff_prob": 0.9066
        },
        "binom": {
            "prevdiff_exp": 0.3064635538827869,
            "prevdiff_hdi": [
                -0.2926156947245093,
                0.88378821185497
            ],
            "prevdiff_prob": 0.8314,
            "powdiff_exp": 0.28209662818933784,
            "powdiff_hdi": [
                -0.31577931243627455,
                0.8185412216143229
            ],
            "powdiff_prob": 0.8182
        },
        "pval_group": 0.0478515625,
        "frac_H1_rej": 0.9333333333333333
    },
    "baseline": {
        "frac_H1_rej": 0.3333333333333333
    }
}