{
    "increase_prev": {
        "pcurve": {
            "prevdiff_exp": 0.5321540362025223,
            "prevdiff_hdi": [
                0.13510196066938263,
                0.8665945710884602
            ],
            "prevdiff_prob": 0.9886,
            "powdiff_exp": -0.06414834543407202,
            "powdiff_hdi": [
                -0.47191640099418886,
                0.3269707647824157
            ],
            "powdiff_prob": 0.3924
        },
        "binom": {
            "prevdiff_exp": 0.11513185863960784,
            "prevdiff_hdi": [
                -0.5019513351207843,
                0.6834897525314664
            ],
            "prevdiff_prob": 0.6508,
            "powdiff_exp": 0.10173007418960968,
            "powdiff_hdi": [
                -0.48776414028681725,
                0.6403295760368541
            ],
            "powdiff_prob": 0.642
        },
        "pval_group": 0.0234375,
        "frac_H1_rej": 0.4074074074074074
    },
    "increase_pow": {
        "pcurve": {
            "prevdiff_exp": 0.31125479325732003,
            "prevdiff_hdi": [
                -0.07831608813184776,
                0.667049111568863
            ],
            "prevdiff_prob": 0.9316,
            "powdiff_exp": 0.2878354177355183,
            "powdiff_hdi": [
                -0.10969432202419449,
                0.6973138027056129
            ],
            "powdiff_prob": 0.8984
        },
        "binom": {
            "prevdiff_exp": 0.2358705197224826,
            "prevdiff_hdi": [
                -0.31139585837079886,
                0.7326651693531159
            ],
            "prevdiff_prob": 0.79,
            "powdiff_exp": 0.24824073109901243,
            "powdiff_hdi": [
                -0.26538307971165576,
                0.7268303801501576
            ],
            "powdiff_prob": 0.812
        },
        "pval_group": 0.4853515625,
        "frac_H1_rej": 1.0
    },
    "baseline": {
        "frac_H1_rej": 0.46153846153846156
    }
}