{
    "increase_prev": {
        "pcurve": {
            "prevdiff_exp": 0.3247349343162248,
            "prevdiff_hdi": [
                -0.04504321493572361,
                0.6680377086627463
            ],
            "prevdiff_prob": 0.9538,
            "powdiff_exp": -0.048879662517335894,
            "powdiff_hdi": [
                -0.3460250041887811,
                0.2498737820732156
            ],
            "powdiff_prob": 0.3812
        },
        "binom": {
            "prevdiff_exp": 0.0837911315409848,
            "prevdiff_hdi": [
                -0.4678493899759329,
                0.674501780275422
            ],
            "prevdiff_prob": 0.6114,
            "powdiff_exp": 0.06584518185922297,
            "powdiff_hdi": [
                -0.49862899932598376,
                0.599270978656073
            ],
            "powdiff_prob": 0.5892
        },
        "pval_group": 0.0185546875,
        "frac_H1_rej": 0.4
    },
    "increase_pow": {
        "pcurve": {
            "prevdiff_exp": -0.0271149838641428,
            "prevdiff_hdi": [
                -0.39565751250180836,
                0.35349283139765947
            ],
            "prevdiff_prob": 0.4582,
            "powdiff_exp": 0.3357422585747096,
            "powdiff_hdi": [
                0.025870340493063526,
                0.6441062213054702
            ],
            "powdiff_prob": 0.978
        },
        "binom": {
            "prevdiff_exp": 0.1642448374326108,
            "prevdiff_hdi": [
                -0.3787641881454532,
                0.6650928293874636
            ],
            "prevdiff_prob": 0.718,
            "powdiff_exp": 0.15832308140783743,
            "powdiff_hdi": [
                -0.3787338833513173,
                0.6140403466343308
            ],
            "powdiff_prob": 0.717
        },
        "pval_group": 0.25390625,
        "frac_H1_rej": 1.0
    },
    "baseline": {
        "frac_H1_rej": 0.5
    }
}