{
    "increase_prev": {
        "pcurve": {
            "prevdiff_exp": 0.6075591009008964,
            "prevdiff_hdi": [
                0.12694644616836415,
                0.9543683614506211
            ],
            "prevdiff_prob": 0.9858,
            "powdiff_exp": 0.25296626283493506,
            "powdiff_hdi": [
                -0.2107323302726587,
                0.6192592291287417
            ],
            "powdiff_prob": 0.8396
        },
        "binom": {
            "prevdiff_exp": 0.37723056880571576,
            "prevdiff_hdi": [
                -0.19135458042020792,
                0.8564133944520281
            ],
            "prevdiff_prob": 0.8816,
            "powdiff_exp": 0.36401811023946373,
            "powdiff_hdi": [
                -0.16665481758781164,
                0.8362879644991684
            ],
            "powdiff_prob": 0.883
        },
        "pval_group": 0.0009765625,
        "frac_H1_rej": 0.6666666666666666
    },
    "increase_pow": {
        "pcurve": {
            "prevdiff_exp": 0.16967759416986564,
            "prevdiff_hdi": [
                -0.3924580630611677,
                0.5867551691261114
            ],
            "prevdiff_prob": 0.7814,
            "powdiff_exp": 0.3132450535737442,
            "powdiff_hdi": [
                -0.20301237799403493,
                0.7516206366499985
            ],
            "powdiff_prob": 0.865
        },
        "binom": {
            "prevdiff_exp": 0.23539055343964366,
            "prevdiff_hdi": [
                -0.3895634657335083,
                0.8322231647154883
            ],
            "prevdiff_prob": 0.7636,
            "powdiff_exp": 0.2210875812034932,
            "powdiff_hdi": [
                -0.39070904803429296,
                0.7636319710329034
            ],
            "powdiff_prob": 0.7692
        },
        "pval_group": 0.8232421875,
        "frac_H1_rej": 1.0
    },
    "baseline": {
        "frac_H1_rej": 0.5
    }
}