{
    "increase_prev": {
        "pcurve": {
            "prevdiff_exp": 0.24773198657692275,
            "prevdiff_hdi": [
                -0.16603505371241112,
                0.6419054562249258
            ],
            "prevdiff_prob": 0.873,
            "powdiff_exp": 0.1125514349481709,
            "powdiff_hdi": [
                -0.185737910714724,
                0.43120260996143805
            ],
            "powdiff_prob": 0.7612
        },
        "binom": {
            "prevdiff_exp": 0.12734811883278113,
            "prevdiff_hdi": [
                -0.44697379344167426,
                0.6973820359212584
            ],
            "prevdiff_prob": 0.6726,
            "powdiff_exp": 0.12660679882771023,
            "powdiff_hdi": [
                -0.4375004499379109,
                0.6411227405304529
            ],
            "powdiff_prob": 0.6734
        },
        "pval_group": 0.1865234375,
        "frac_H1_rej": 0.48148148148148145
    },
    "increase_pow": {
        "pcurve": {
            "prevdiff_exp": 0.1091587357258024,
            "prevdiff_hdi": [
                -0.33434687930329066,
                0.5334617686384406
            ],
            "prevdiff_prob": 0.6898,
            "powdiff_exp": 0.28425224138792676,
            "powdiff_hdi": [
                -0.07546358798824815,
                0.6149868188496052
            ],
            "powdiff_prob": 0.9346
        },
        "binom": {
            "prevdiff_exp": 0.1676649634712187,
            "prevdiff_hdi": [
                -0.40451892741105544,
                0.6857561374020695
            ],
            "prevdiff_prob": 0.7238,
            "powdiff_exp": 0.17367796131988902,
            "powdiff_hdi": [
                -0.33026957917358235,
                0.6876691878359391
            ],
            "powdiff_prob": 0.7338
        },
        "pval_group": 0.802734375,
        "frac_H1_rej": 1.0
    },
    "baseline": {
        "frac_H1_rej": 0.5333333333333333
    }
}