{
    "increase_prev": {
        "pcurve": {
            "prevdiff_exp": 0.3511956506360642,
            "prevdiff_hdi": [
                -0.031900644868139705,
                0.6633046142065399
            ],
            "prevdiff_prob": 0.9688,
            "powdiff_exp": -0.09352659881005305,
            "powdiff_hdi": [
                -0.39906411227664884,
                0.2050755565051524
            ],
            "powdiff_prob": 0.2858
        },
        "binom": {
            "prevdiff_exp": 0.059642200590962854,
            "prevdiff_hdi": [
                -0.5372476920602589,
                0.6438613336255519
            ],
            "prevdiff_prob": 0.5774,
            "powdiff_exp": 0.038914915842750405,
            "powdiff_hdi": [
                -0.53679028020581,
                0.5702679956246971
            ],
            "powdiff_prob": 0.5574
        },
        "pval_group": 0.0517578125,
        "frac_H1_rej": 0.3793103448275862
    },
    "increase_pow": {
        "pcurve": {
            "prevdiff_exp": -0.05181402591400267,
            "prevdiff_hdi": [
                -0.4677156475142629,
                0.34921292467379494
            ],
            "prevdiff_prob": 0.4068,
            "powdiff_exp": 0.18173600430247827,
            "powdiff_hdi": [
                -0.2111536600229671,
                0.5291889951495241
            ],
            "powdiff_prob": 0.8224
        },
        "binom": {
            "prevdiff_exp": 0.059642200590962854,
            "prevdiff_hdi": [
                -0.5372476920602589,
                0.6438613336255519
            ],
            "prevdiff_prob": 0.5774,
            "powdiff_exp": 0.038914915842750405,
            "powdiff_hdi": [
                -0.53679028020581,
                0.5702679956246971
            ],
            "powdiff_prob": 0.5574
        },
        "pval_group": 0.4931640625,
        "frac_H1_rej": 1.0
    },
    "baseline": {
        "frac_H1_rej": 0.6666666666666666
    }
}