{
    "increase_prev": {
        "pcurve": {
            "prevdiff_exp": 0.12355909454944158,
            "prevdiff_hdi": [
                -0.15798977562619376,
                0.4368645691557569
            ],
            "prevdiff_prob": 0.801,
            "powdiff_exp": 0.05107820948363572,
            "powdiff_hdi": [
                -0.19570732533255597,
                0.2767750319933295
            ],
            "powdiff_prob": 0.6704
        },
        "binom": {
            "prevdiff_exp": 0.10282434248343943,
            "prevdiff_hdi": [
                -0.46391285844393804,
                0.640850572071314
            ],
            "prevdiff_prob": 0.6488,
            "powdiff_exp": 0.0930043664675662,
            "powdiff_hdi": [
                -0.43314687785795697,
                0.619064719114842
            ],
            "powdiff_prob": 0.6322
        },
        "pval_group": 0.005859375,
        "frac_H1_rej": 0.43333333333333335
    },
    "increase_pow": {
        "pcurve": {
            "prevdiff_exp": -0.35521658699829245,
            "prevdiff_hdi": [
                -0.6764073619761624,
                -0.018454452468936733
            ],
            "prevdiff_prob": 0.0302,
            "powdiff_exp": 0.37692196668337397,
            "powdiff_hdi": [
                0.06340546143179115,
                0.649817362203956
            ],
            "powdiff_prob": 0.9852
        },
        "binom": {
            "prevdiff_exp": 0.059642200590962854,
            "prevdiff_hdi": [
                -0.5372476920602589,
                0.6438613336255519
            ],
            "prevdiff_prob": 0.5774,
            "powdiff_exp": 0.038914915842750405,
            "powdiff_hdi": [
                -0.53679028020581,
                0.5702679956246971
            ],
            "powdiff_prob": 0.5574
        },
        "pval_group": 0.568359375,
        "frac_H1_rej": 1.0
    },
    "baseline": {
        "frac_H1_rej": 0.5454545454545454
    }
}