{
    "increase_prev": {
        "pcurve": {
            "prevdiff_exp": 0.31056043679802103,
            "prevdiff_hdi": [
                -0.08604631311577982,
                0.6923629480890847
            ],
            "prevdiff_prob": 0.923,
            "powdiff_exp": 0.07989389071095057,
            "powdiff_hdi": [
                -0.2433293806224035,
                0.35646228269336877
            ],
            "powdiff_prob": 0.7096
        },
        "binom": {
            "prevdiff_exp": 0.12734811883278113,
            "prevdiff_hdi": [
                -0.44697379344167426,
                0.6973820359212584
            ],
            "prevdiff_prob": 0.6726,
            "powdiff_exp": 0.12660679882771023,
            "powdiff_hdi": [
                -0.4375004499379109,
                0.6411227405304529
            ],
            "powdiff_prob": 0.6734
        },
        "pval_group": 0.107421875,
        "frac_H1_rej": 0.4482758620689655
    },
    "increase_pow": {
        "pcurve": {
            "prevdiff_exp": -0.044144611785969484,
            "prevdiff_hdi": [
                -0.4578817779780685,
                0.34441802714415
            ],
            "prevdiff_prob": 0.4328,
            "powdiff_exp": 0.46798781626292585,
            "powdiff_hdi": [
                0.14346037322920357,
                0.7346458879126172
            ],
            "powdiff_prob": 0.9954
        },
        "binom": {
            "prevdiff_exp": 0.18876861378195248,
            "prevdiff_hdi": [
                -0.3601402524251879,
                0.7099454161478973
            ],
            "prevdiff_prob": 0.7384,
            "powdiff_exp": 0.19192551376798145,
            "powdiff_hdi": [
                -0.32054706837046865,
                0.6882465635812046
            ],
            "powdiff_prob": 0.758
        },
        "pval_group": 0.13671875,
        "frac_H1_rej": 1.0
    },
    "baseline": {
        "frac_H1_rej": 0.5714285714285714
    }
}