{
    "increase_prev": {
        "pcurve": {
            "prevdiff_exp": 0.30135761393705734,
            "prevdiff_hdi": [
                -0.10062995873871594,
                0.7135473806705915
            ],
            "prevdiff_prob": 0.9118,
            "powdiff_exp": 0.011636203221745516,
            "powdiff_hdi": [
                -0.31927441173561355,
                0.2939848474272125
            ],
            "powdiff_prob": 0.5656
        },
        "binom": {
            "prevdiff_exp": 0.05140980079247987,
            "prevdiff_hdi": [
                -0.588132083993707,
                0.6287080382787518
            ],
            "prevdiff_prob": 0.5716,
            "powdiff_exp": 0.05888967675518645,
            "powdiff_hdi": [
                -0.5132947018203338,
                0.6198919754732876
            ],
            "powdiff_prob": 0.587
        },
        "pval_group": 0.0126953125,
        "frac_H1_rej": 0.3448275862068966
    },
    "increase_pow": {
        "pcurve": {
            "prevdiff_exp": -0.1516843364756817,
            "prevdiff_hdi": [
                -0.5750580774807104,
                0.24896340301228514
            ],
            "prevdiff_prob": 0.2572,
            "powdiff_exp": 0.4434487530332026,
            "powdiff_hdi": [
                0.10010525509149992,
                0.7310499270143809
            ],
            "powdiff_prob": 0.9894
        },
        "binom": {
            "prevdiff_exp": 0.12734811883278113,
            "prevdiff_hdi": [
                -0.44697379344167426,
                0.6973820359212584
            ],
            "prevdiff_prob": 0.6726,
            "powdiff_exp": 0.12660679882771023,
            "powdiff_hdi": [
                -0.4375004499379109,
                0.6411227405304529
            ],
            "powdiff_prob": 0.6734
        },
        "pval_group": 0.1015625,
        "frac_H1_rej": 1.0
    },
    "baseline": {
        "frac_H1_rej": 0.46153846153846156
    }
}