{
    "increase_prev": {
        "pcurve": {
            "prevdiff_exp": 0.23550187435426534,
            "prevdiff_hdi": [
                -0.17007969130693767,
                0.6945787719862959
            ],
            "prevdiff_prob": 0.8316,
            "powdiff_exp": 0.239363754964357,
            "powdiff_hdi": [
                -0.03111837942444895,
                0.48144012511594125
            ],
            "powdiff_prob": 0.9486
        },
        "binom": {
            "prevdiff_exp": 0.25769909171974875,
            "prevdiff_hdi": [
                -0.37303199111269214,
                0.8166293287071859
            ],
            "prevdiff_prob": 0.7928,
            "powdiff_exp": 0.2453786490238711,
            "powdiff_hdi": [
                -0.34456291192190425,
                0.771228693050741
            ],
            "powdiff_prob": 0.7932
        },
        "pval_group": 0.0009765625,
        "frac_H1_rej": 0.5
    },
    "increase_pow": {
        "pcurve": {
            "prevdiff_exp": 0.02520651833378845,
            "prevdiff_hdi": [
                -0.430464177198412,
                0.5264605285664322
            ],
            "prevdiff_prob": 0.5178,
            "powdiff_exp": 0.39058684013071543,
            "powdiff_hdi": [
                0.10749477886574799,
                0.6885268777401794
            ],
            "powdiff_prob": 0.985
        },
        "binom": {
            "prevdiff_exp": 0.296811048388815,
            "prevdiff_hdi": [
                -0.30393763894889625,
                0.8116745479373222
            ],
            "prevdiff_prob": 0.8226,
            "powdiff_exp": 0.28640629614376445,
            "powdiff_hdi": [
                -0.3029142041077365,
                0.7849565289772671
            ],
            "powdiff_prob": 0.8232
        },
        "pval_group": 0.3623046875,
        "frac_H1_rej": 0.9375
    },
    "baseline": {
        "frac_H1_rej": 0.5555555555555556
    }
}