{
    "increase_prev": {
        "pcurve": {
            "prevdiff_exp": 0.3728151431805626,
            "prevdiff_hdi": [
                -0.022401708465193737,
                0.7368464293265659
            ],
            "prevdiff_prob": 0.959,
            "powdiff_exp": 0.09455220979101862,
            "powdiff_hdi": [
                -0.20965032355178148,
                0.3923812096548649
            ],
            "powdiff_prob": 0.7306
        },
        "binom": {
            "prevdiff_exp": 0.18134724031780283,
            "prevdiff_hdi": [
                -0.41085524822389996,
                0.7829015215454744
            ],
            "prevdiff_prob": 0.7148,
            "powdiff_exp": 0.15285154063153705,
            "powdiff_hdi": [
                -0.44046063338073094,
                0.694930345960663
            ],
            "powdiff_prob": 0.7082
        },
        "pval_group": 0.0126953125,
        "frac_H1_rej": 0.42857142857142855
    },
    "increase_pow": {
        "pcurve": {
            "prevdiff_exp": 0.14071593999201762,
            "prevdiff_hdi": [
                -0.28352198292250996,
                0.49457325311637834
            ],
            "prevdiff_prob": 0.766,
            "powdiff_exp": 0.4779301415368602,
            "powdiff_hdi": [
                0.18784166476091524,
                0.7583761178061297
            ],
            "powdiff_prob": 0.9978
        },
        "binom": {
            "prevdiff_exp": 0.3201000266991769,
            "prevdiff_hdi": [
                -0.23757695654519417,
                0.7905448828012667
            ],
            "prevdiff_prob": 0.8534,
            "powdiff_exp": 0.30991105447326817,
            "powdiff_hdi": [
                -0.23391885736499873,
                0.756715307015676
            ],
            "powdiff_prob": 0.8596
        },
        "pval_group": 0.0146484375,
        "frac_H1_rej": 1.0
    },
    "baseline": {
        "frac_H1_rej": 0.3333333333333333
    }
}