{
    "increase_prev": {
        "pcurve": {
            "prevdiff_exp": 0.4207373219792653,
            "prevdiff_hdi": [
                -0.07458848284509678,
                0.8465272584746746
            ],
            "prevdiff_prob": 0.9346,
            "powdiff_exp": 0.2693439590429296,
            "powdiff_hdi": [
                -0.16575544796258296,
                0.590411530380889
            ],
            "powdiff_prob": 0.8876
        },
        "binom": {
            "prevdiff_exp": 0.21973449548125581,
            "prevdiff_hdi": [
                -0.30980099292335084,
                0.7544558410625096
            ],
            "prevdiff_prob": 0.77,
            "powdiff_exp": 0.22113823975469668,
            "powdiff_hdi": [
                -0.30797679955732404,
                0.7019687913977307
            ],
            "powdiff_prob": 0.7838
        },
        "pval_group": 0.0029296875,
        "frac_H1_rej": 0.5925925925925926
    },
    "increase_pow": {
        "pcurve": {
            "prevdiff_exp": 0.0823232320058677,
            "prevdiff_hdi": [
                -0.4430855964425359,
                0.5199001403479365
            ],
            "prevdiff_prob": 0.637,
            "powdiff_exp": 0.44782583042953883,
            "powdiff_hdi": [
                0.0231792288081778,
                0.7860192748462537
            ],
            "powdiff_prob": 0.9612
        },
        "binom": {
            "prevdiff_exp": 0.18062253881218956,
            "prevdiff_hdi": [
                -0.3789316948430904,
                0.7234811371995367
            ],
            "prevdiff_prob": 0.722,
            "powdiff_exp": 0.1801105926348034,
            "powdiff_hdi": [
                -0.411696681371733,
                0.6611925403527096
            ],
            "powdiff_prob": 0.7364
        },
        "pval_group": 0.056640625,
        "frac_H1_rej": 1.0
    },
    "baseline": {
        "frac_H1_rej": 0.6666666666666666
    }
}