{
    "increase_prev": {
        "pcurve": {
            "prevdiff_exp": 0.4721389326441378,
            "prevdiff_hdi": [
                -0.027281544442030015,
                0.9401571070762366
            ],
            "prevdiff_prob": 0.954,
            "powdiff_exp": 0.37211969477309176,
            "powdiff_hdi": [
                0.11896496002572193,
                0.6016746578902308
            ],
            "powdiff_prob": 0.9752
        },
        "binom": {
            "prevdiff_exp": 0.37669585271524464,
            "prevdiff_hdi": [
                -0.2586132225082255,
                0.9113791205354644
            ],
            "prevdiff_prob": 0.8644,
            "powdiff_exp": 0.41051981741200805,
            "powdiff_hdi": [
                -0.1875608430555032,
                0.9201203806954704
            ],
            "powdiff_prob": 0.8922
        },
        "pval_group": 0.0009765625,
        "frac_H1_rej": 0.5
    },
    "increase_pow": {
        "pcurve": {
            "prevdiff_exp": 0.10403465200022972,
            "prevdiff_hdi": [
                -0.47110306793448853,
                0.6246282090243813
            ],
            "prevdiff_prob": 0.6166,
            "powdiff_exp": 0.5152646016474551,
            "powdiff_hdi": [
                0.1835690227931832,
                0.7917721892364493
            ],
            "powdiff_prob": 0.9842
        },
        "binom": {
            "prevdiff_exp": 0.37669585271524464,
            "prevdiff_hdi": [
                -0.2586132225082255,
                0.9113791205354644
            ],
            "prevdiff_prob": 0.8644,
            "powdiff_exp": 0.41051981741200805,
            "powdiff_hdi": [
                -0.1875608430555032,
                0.9201203806954704
            ],
            "powdiff_prob": 0.8922
        },
        "pval_group": 0.0537109375,
        "frac_H1_rej": 0.9333333333333333
    },
    "baseline": {
        "frac_H1_rej": 0.08333333333333333
    }
}