{
    "increase_prev": {
        "pcurve": {
            "prevdiff_exp": 0.3188080956408918,
            "prevdiff_hdi": [
                -0.10671767927538856,
                0.7652893140044273
            ],
            "prevdiff_prob": 0.9058,
            "powdiff_exp": 0.06260130399540155,
            "powdiff_hdi": [
                -0.2706716598210324,
                0.3268736908749631
            ],
            "powdiff_prob": 0.7128
        },
        "binom": {
            "prevdiff_exp": 0.13256621095620422,
            "prevdiff_hdi": [
                -0.5173907485098828,
                0.7875955509898785
            ],
            "prevdiff_prob": 0.6692,
            "powdiff_exp": 0.12808321473592701,
            "powdiff_hdi": [
                -0.48994352799983326,
                0.7603473497560782
            ],
            "powdiff_prob": 0.6664
        },
        "pval_group": 0.0546875,
        "frac_H1_rej": 0.3076923076923077
    },
    "increase_pow": {
        "pcurve": {
            "prevdiff_exp": -0.022982581356668978,
            "prevdiff_hdi": [
                -0.5069035737609969,
                0.4929748574875713
            ],
            "prevdiff_prob": 0.455,
            "powdiff_exp": 0.3256920000334996,
            "powdiff_hdi": [
                -0.06707606954113765,
                0.6819907821340775
            ],
            "powdiff_prob": 0.9398
        },
        "binom": {
            "prevdiff_exp": 0.23539055343964366,
            "prevdiff_hdi": [
                -0.3895634657335083,
                0.8322231647154883
            ],
            "prevdiff_prob": 0.7636,
            "powdiff_exp": 0.2210875812034932,
            "powdiff_hdi": [
                -0.39070904803429296,
                0.7636319710329034
            ],
            "powdiff_prob": 0.7692
        },
        "pval_group": 0.107421875,
        "frac_H1_rej": 1.0
    },
    "baseline": {
        "frac_H1_rej": 0.3333333333333333
    }
}