{
    "increase_prev": {
        "pcurve": {
            "prevdiff_exp": 0.17335982554554435,
            "prevdiff_hdi": [
                -0.22735293728116412,
                0.5588297627282104
            ],
            "prevdiff_prob": 0.779,
            "powdiff_exp": 0.16547053115226973,
            "powdiff_hdi": [
                -0.14270727993680876,
                0.4529787536507223
            ],
            "powdiff_prob": 0.8538
        },
        "binom": {
            "prevdiff_exp": 0.12734811883278113,
            "prevdiff_hdi": [
                -0.44697379344167426,
                0.6973820359212584
            ],
            "prevdiff_prob": 0.6726,
            "powdiff_exp": 0.12660679882771023,
            "powdiff_hdi": [
                -0.4375004499379109,
                0.6411227405304529
            ],
            "powdiff_prob": 0.6734
        },
        "pval_group": 0.0205078125,
        "frac_H1_rej": 0.4642857142857143
    },
    "increase_pow": {
        "pcurve": {
            "prevdiff_exp": -0.02073773304477754,
            "prevdiff_hdi": [
                -0.4923317698354684,
                0.4438032965006914
            ],
            "prevdiff_prob": 0.4578,
            "powdiff_exp": 0.26656245329816436,
            "powdiff_hdi": [
                -0.09938743215332546,
                0.6099891701018254
            ],
            "powdiff_prob": 0.9136
        },
        "binom": {
            "prevdiff_exp": 0.10831490789032648,
            "prevdiff_hdi": [
                -0.5019099045829167,
                0.6588128193176792
            ],
            "prevdiff_prob": 0.6384,
            "powdiff_exp": 0.09944761421936701,
            "powdiff_hdi": [
                -0.46053350532630905,
                0.6248992146799097
            ],
            "powdiff_prob": 0.6358
        },
        "pval_group": 0.7802734375,
        "frac_H1_rej": 1.0
    },
    "baseline": {
        "frac_H1_rej": 0.4375
    }
}