{
    "increase_prev": {
        "pcurve": {
            "prevdiff_exp": 0.5505597071549644,
            "prevdiff_hdi": [
                0.15404119220200385,
                0.9052985687310529
            ],
            "prevdiff_prob": 0.9862,
            "powdiff_exp": 0.01599807146169115,
            "powdiff_hdi": [
                -0.4459310148513091,
                0.42876572588721795
            ],
            "powdiff_prob": 0.5558
        },
        "binom": {
            "prevdiff_exp": 0.21635734249718902,
            "prevdiff_hdi": [
                -0.41850166710642706,
                0.7937426377387214
            ],
            "prevdiff_prob": 0.7456,
            "powdiff_exp": 0.19392839659515002,
            "powdiff_hdi": [
                -0.41134146749219225,
                0.7751400561832572
            ],
            "powdiff_prob": 0.741
        },
        "pval_group": 0.001953125,
        "frac_H1_rej": 0.41379310344827586
    },
    "increase_pow": {
        "pcurve": {
            "prevdiff_exp": 0.250308949453276,
            "prevdiff_hdi": [
                -0.14764851260511314,
                0.6450388679766957
            ],
            "prevdiff_prob": 0.8868,
            "powdiff_exp": 0.2977776745656639,
            "powdiff_hdi": [
                -0.14087717039438474,
                0.7433753326708079
            ],
            "powdiff_prob": 0.882
        },
        "binom": {
            "prevdiff_exp": 0.25769909171974875,
            "prevdiff_hdi": [
                -0.37303199111269214,
                0.8166293287071859
            ],
            "prevdiff_prob": 0.7928,
            "powdiff_exp": 0.2453786490238711,
            "powdiff_hdi": [
                -0.34456291192190425,
                0.771228693050741
            ],
            "powdiff_prob": 0.7932
        },
        "pval_group": 0.0771484375,
        "frac_H1_rej": 1.0
    },
    "baseline": {
        "frac_H1_rej": 0.5555555555555556
    }
}