{
    "increase_prev": {
        "pcurve": {
            "prevdiff_exp": 0.32022138483273505,
            "prevdiff_hdi": [
                -0.20927388940051095,
                0.862308596796805
            ],
            "prevdiff_prob": 0.8384,
            "powdiff_exp": 0.36635851439659184,
            "powdiff_hdi": [
                0.014456948858882879,
                0.7247247635645881
            ],
            "powdiff_prob": 0.9592
        },
        "binom": {
            "prevdiff_exp": 0.37669585271524464,
            "prevdiff_hdi": [
                -0.2586132225082255,
                0.9113791205354644
            ],
            "prevdiff_prob": 0.8644,
            "powdiff_exp": 0.41051981741200805,
            "powdiff_hdi": [
                -0.1875608430555032,
                0.9201203806954704
            ],
            "powdiff_prob": 0.8922
        },
        "pval_group": 0.0048828125,
        "frac_H1_rej": 0.5185185185185185
    },
    "increase_pow": {
        "pcurve": {
            "prevdiff_exp": -0.04038313211930156,
            "prevdiff_hdi": [
                -0.5958713624104157,
                0.4457512859194972
            ],
            "prevdiff_prob": 0.4778,
            "powdiff_exp": 0.5046359049495264,
            "powdiff_hdi": [
                0.0994971722709504,
                0.8311071628585361
            ],
            "powdiff_prob": 0.9782
        },
        "binom": {
            "prevdiff_exp": 0.23355466559336766,
            "prevdiff_hdi": [
                -0.4412264245004171,
                0.9105687335401838
            ],
            "prevdiff_prob": 0.7578,
            "powdiff_exp": 0.2704442884522631,
            "powdiff_hdi": [
                -0.4072399112172676,
                0.8946568903442308
            ],
            "powdiff_prob": 0.8028
        },
        "pval_group": 0.794921875,
        "frac_H1_rej": 1.0
    },
    "baseline": {
        "frac_H1_rej": 0.2
    }
}