{
    "increase_prev": {
        "pcurve": {
            "prevdiff_exp": 0.4210323835900488,
            "prevdiff_hdi": [
                -0.04837203827616732,
                0.8634261075929338
            ],
            "prevdiff_prob": 0.9542,
            "powdiff_exp": 0.21551198062068597,
            "powdiff_hdi": [
                -0.09952116071911843,
                0.4830592590335172
            ],
            "powdiff_prob": 0.9168
        },
        "binom": {
            "prevdiff_exp": 0.2878259917142703,
            "prevdiff_hdi": [
                -0.4014558182959421,
                0.8700002324922181
            ],
            "prevdiff_prob": 0.8054,
            "powdiff_exp": 0.28632452297113625,
            "powdiff_hdi": [
                -0.31719943399925055,
                0.8784749939768535
            ],
            "powdiff_prob": 0.8136
        },
        "pval_group": 0.0009765625,
        "frac_H1_rej": 0.4
    },
    "increase_pow": {
        "pcurve": {
            "prevdiff_exp": 0.10071063095051483,
            "prevdiff_hdi": [
                -0.3899362717185877,
                0.6060304499755861
            ],
            "prevdiff_prob": 0.645,
            "powdiff_exp": 0.3928232755540494,
            "powdiff_hdi": [
                0.04362802625735296,
                0.7262961046857707
            ],
            "powdiff_prob": 0.9696
        },
        "binom": {
            "prevdiff_exp": 0.30685920265672495,
            "prevdiff_hdi": [
                -0.33600748308298445,
                0.8967567591279123
            ],
            "prevdiff_prob": 0.8222,
            "powdiff_exp": 0.31348370757947946,
            "powdiff_hdi": [
                -0.27655249306430135,
                0.8843398513188392
            ],
            "powdiff_prob": 0.8394
        },
        "pval_group": 0.982421875,
        "frac_H1_rej": 0.9090909090909091
    },
    "baseline": {
        "frac_H1_rej": 0.2727272727272727
    }
}