{
    "increase_prev": {
        "pcurve": {
            "prevdiff_exp": 0.06199501126471049,
            "prevdiff_hdi": [
                -0.4118892361388471,
                0.5597193902583976
            ],
            "prevdiff_prob": 0.597,
            "powdiff_exp": 0.04421763098391612,
            "powdiff_hdi": [
                -0.30592501381824566,
                0.3819529242257592
            ],
            "powdiff_prob": 0.6176
        },
        "binom": {
            "prevdiff_exp": 0.0823756824917832,
            "prevdiff_hdi": [
                -0.551672919939673,
                0.6629496040432425
            ],
            "prevdiff_prob": 0.6132,
            "powdiff_exp": 0.08810240274190169,
            "powdiff_hdi": [
                -0.5108181897673101,
                0.6373444349495678
            ],
            "powdiff_prob": 0.6238
        },
        "pval_group": 0.0634765625,
        "frac_H1_rej": 0.35714285714285715
    },
    "increase_pow": {
        "pcurve": {
            "prevdiff_exp": -0.12883033016561576,
            "prevdiff_hdi": [
                -0.5385718748804796,
                0.28084203683984027
            ],
            "prevdiff_prob": 0.2862,
            "powdiff_exp": 0.38914431223179025,
            "powdiff_hdi": [
                0.066384496997554,
                0.6831710983191138
            ],
            "powdiff_prob": 0.986
        },
        "binom": {
            "prevdiff_exp": 0.15831400053208444,
            "prevdiff_hdi": [
                -0.469517779582702,
                0.6818685071085399
            ],
            "prevdiff_prob": 0.7046,
            "powdiff_exp": 0.15581952481442546,
            "powdiff_hdi": [
                -0.43760014099573424,
                0.6699355663760868
            ],
            "powdiff_prob": 0.7052
        },
        "pval_group": 0.1259765625,
        "frac_H1_rej": 1.0
    },
    "baseline": {
        "frac_H1_rej": 0.375
    }
}