{
    "increase_prev": {
        "pcurve": {
            "prevdiff_exp": 0.23801861933816357,
            "prevdiff_hdi": [
                -0.11988263604632299,
                0.5659342662696206
            ],
            "prevdiff_prob": 0.9086,
            "powdiff_exp": -0.020503612596361888,
            "powdiff_hdi": [
                -0.3082138812359574,
                0.26700747234996447
            ],
            "powdiff_prob": 0.4574
        },
        "binom": {
            "prevdiff_exp": 0.03275617614782467,
            "prevdiff_hdi": [
                -0.5494100435902691,
                0.58470651030441
            ],
            "prevdiff_prob": 0.5458,
            "powdiff_exp": 0.013627671447707984,
            "powdiff_hdi": [
                -0.519616394713682,
                0.5550508367352915
            ],
            "powdiff_prob": 0.5266
        },
        "pval_group": 0.25,
        "frac_H1_rej": 0.39285714285714285
    },
    "increase_pow": {
        "pcurve": {
            "prevdiff_exp": -0.05162627419090154,
            "prevdiff_hdi": [
                -0.39257485847260004,
                0.2992701982426646
            ],
            "prevdiff_prob": 0.3862,
            "powdiff_exp": 0.32512311326676646,
            "powdiff_hdi": [
                0.041525466764126606,
                0.6210065736898674
            ],
            "powdiff_prob": 0.9812
        },
        "binom": {
            "prevdiff_exp": 0.11625516267873881,
            "prevdiff_hdi": [
                -0.423474866124348,
                0.6302312852007835
            ],
            "prevdiff_prob": 0.6606,
            "powdiff_exp": 0.11478828456470255,
            "powdiff_hdi": [
                -0.40506046247352656,
                0.5825808480598362
            ],
            "powdiff_prob": 0.6716
        },
        "pval_group": 0.7412109375,
        "frac_H1_rej": 1.0
    },
    "baseline": {
        "frac_H1_rej": 0.5
    }
}