{
    "increase_prev": {
        "pcurve": {
            "prevdiff_exp": 0.3471753113947342,
            "prevdiff_hdi": [
                -0.0500836817965139,
                0.7307817759224204
            ],
            "prevdiff_prob": 0.9428,
            "powdiff_exp": 0.12210015652335815,
            "powdiff_hdi": [
                -0.23616264248717533,
                0.45583905555351995
            ],
            "powdiff_prob": 0.7508
        },
        "binom": {
            "prevdiff_exp": 0.198630845170522,
            "prevdiff_hdi": [
                -0.35708615240591746,
                0.7424931583026386
            ],
            "prevdiff_prob": 0.7498,
            "powdiff_exp": 0.20289068730660423,
            "powdiff_hdi": [
                -0.3435128745420697,
                0.6837769918460008
            ],
            "powdiff_prob": 0.7638
        },
        "pval_group": 0.0224609375,
        "frac_H1_rej": 0.5172413793103449
    },
    "increase_pow": {
        "pcurve": {
            "prevdiff_exp": -0.17271253622740546,
            "prevdiff_hdi": [
                -0.5953241269858054,
                0.23134690654350398
            ],
            "prevdiff_prob": 0.2046,
            "powdiff_exp": 0.2461046468653125,
            "powdiff_hdi": [
                -0.19652802961760896,
                0.6459942429213534
            ],
            "powdiff_prob": 0.8626
        },
        "binom": {
            "prevdiff_exp": 0.03096588169930333,
            "prevdiff_hdi": [
                -0.6115719901199232,
                0.6944063694051532
            ],
            "prevdiff_prob": 0.5364,
            "powdiff_exp": 0.029212725986715236,
            "powdiff_hdi": [
                -0.5830651134751735,
                0.6429272617568595
            ],
            "powdiff_prob": 0.5434
        },
        "pval_group": 0.861328125,
        "frac_H1_rej": 1.0
    },
    "baseline": {
        "frac_H1_rej": 0.4666666666666667
    }
}