{
    "increase_prev": {
        "pcurve": {
            "prevdiff_exp": 0.3933220635633984,
            "prevdiff_hdi": [
                -0.10637862021846456,
                0.8440246789318048
            ],
            "prevdiff_prob": 0.923,
            "powdiff_exp": 0.15016081674990578,
            "powdiff_hdi": [
                -0.22664175725319907,
                0.4352678510939282
            ],
            "powdiff_prob": 0.83
        },
        "binom": {
            "prevdiff_exp": 0.26512180466022717,
            "prevdiff_hdi": [
                -0.3541130910737406,
                0.8587765663240259
            ],
            "prevdiff_prob": 0.7864,
            "powdiff_exp": 0.23064637576061672,
            "powdiff_hdi": [
                -0.36055373579773875,
                0.80859936979514
            ],
            "powdiff_prob": 0.7714
        },
        "pval_group": 0.0029296875,
        "frac_H1_rej": 0.41379310344827586
    },
    "increase_pow": {
        "pcurve": {
            "prevdiff_exp": 0.10223100910237654,
            "prevdiff_hdi": [
                -0.4002445863978773,
                0.5865676463838259
            ],
            "prevdiff_prob": 0.6466,
            "powdiff_exp": 0.44907056108173377,
            "powdiff_hdi": [
                0.07228339009435691,
                0.7796496703855162
            ],
            "powdiff_prob": 0.9766
        },
        "binom": {
            "prevdiff_exp": 0.3064635538827869,
            "prevdiff_hdi": [
                -0.2926156947245093,
                0.88378821185497
            ],
            "prevdiff_prob": 0.8314,
            "powdiff_exp": 0.28209662818933784,
            "powdiff_hdi": [
                -0.31577931243627455,
                0.8185412216143229
            ],
            "powdiff_prob": 0.8182
        },
        "pval_group": 0.0234375,
        "frac_H1_rej": 1.0
    },
    "baseline": {
        "frac_H1_rej": 0.4444444444444444
    }
}