{
    "increase_prev": {
        "pcurve": {
            "prevdiff_exp": 0.27995317277077636,
            "prevdiff_hdi": [
                -0.07799035776755558,
                0.707956234148447
            ],
            "prevdiff_prob": 0.9162,
            "powdiff_exp": 0.2826089263845566,
            "powdiff_hdi": [
                0.03471223216892816,
                0.5135481772607817
            ],
            "powdiff_prob": 0.9766
        },
        "binom": {
            "prevdiff_exp": 0.296811048388815,
            "prevdiff_hdi": [
                -0.30393763894889625,
                0.8116745479373222
            ],
            "prevdiff_prob": 0.8226,
            "powdiff_exp": 0.28640629614376445,
            "powdiff_hdi": [
                -0.3029142041077365,
                0.7849565289772671
            ],
            "powdiff_prob": 0.8232
        },
        "pval_group": 0.0009765625,
        "frac_H1_rej": 0.5517241379310345
    },
    "increase_pow": {
        "pcurve": {
            "prevdiff_exp": -0.17067456914011744,
            "prevdiff_hdi": [
                -0.5803090347164443,
                0.2946185131157444
            ],
            "prevdiff_prob": 0.2396,
            "powdiff_exp": 0.4802532160713909,
            "powdiff_hdi": [
                0.1864344580922349,
                0.7548497867567401
            ],
            "powdiff_prob": 0.9972
        },
        "binom": {
            "prevdiff_exp": 0.23539055343964366,
            "prevdiff_hdi": [
                -0.3895634657335083,
                0.8322231647154883
            ],
            "prevdiff_prob": 0.7636,
            "powdiff_exp": 0.2210875812034932,
            "powdiff_hdi": [
                -0.39070904803429296,
                0.7636319710329034
            ],
            "powdiff_prob": 0.7692
        },
        "pval_group": 0.1171875,
        "frac_H1_rej": 1.0
    },
    "baseline": {
        "frac_H1_rej": 0.15384615384615385
    }
}