{
    "increase_prev": {
        "pcurve": {
            "prevdiff_exp": 0.3531288129057956,
            "prevdiff_hdi": [
                -0.023677676954382054,
                0.6994460355938006
            ],
            "prevdiff_prob": 0.965,
            "powdiff_exp": 0.009667053994964404,
            "powdiff_hdi": [
                -0.2926643728341856,
                0.30675715877112186
            ],
            "powdiff_prob": 0.5496
        },
        "binom": {
            "prevdiff_exp": 0.02452377634934167,
            "prevdiff_hdi": [
                -0.5849800262113836,
                0.6351628926091069
            ],
            "prevdiff_prob": 0.5358,
            "powdiff_exp": 0.03360243236014403,
            "powdiff_hdi": [
                -0.5689434114861476,
                0.6196204902599365
            ],
            "powdiff_prob": 0.5512
        },
        "pval_group": 0.11328125,
        "frac_H1_rej": 0.3
    },
    "increase_pow": {
        "pcurve": {
            "prevdiff_exp": -0.041027268900924,
            "prevdiff_hdi": [
                -0.42164357767746063,
                0.34652542043177353
            ],
            "prevdiff_prob": 0.4292,
            "powdiff_exp": 0.39863172791193635,
            "powdiff_hdi": [
                0.09260197808898818,
                0.6892885518941212
            ],
            "powdiff_prob": 0.99
        },
        "binom": {
            "prevdiff_exp": 0.1676649634712187,
            "prevdiff_hdi": [
                -0.40451892741105544,
                0.6857561374020695
            ],
            "prevdiff_prob": 0.7238,
            "powdiff_exp": 0.17367796131988902,
            "powdiff_hdi": [
                -0.33026957917358235,
                0.6876691878359391
            ],
            "powdiff_prob": 0.7338
        },
        "pval_group": 0.6923828125,
        "frac_H1_rej": 1.0
    },
    "baseline": {
        "frac_H1_rej": 0.4444444444444444
    }
}