{
    "increase_prev": {
        "pcurve": {
            "prevdiff_exp": 0.3007590709318829,
            "prevdiff_hdi": [
                -0.13524356692442163,
                0.7479369106977248
            ],
            "prevdiff_prob": 0.889,
            "powdiff_exp": 0.26432018867107493,
            "powdiff_hdi": [
                -0.054378537195381826,
                0.5356205561932292
            ],
            "powdiff_prob": 0.9442
        },
        "binom": {
            "prevdiff_exp": 0.24069729589869504,
            "prevdiff_hdi": [
                -0.3410728119937153,
                0.7668833485590058
            ],
            "prevdiff_prob": 0.7808,
            "powdiff_exp": 0.22708188773205903,
            "powdiff_hdi": [
                -0.3226554230284957,
                0.7416846982553135
            ],
            "powdiff_prob": 0.779
        },
        "pval_group": 0.0009765625,
        "frac_H1_rej": 0.5172413793103449
    },
    "increase_pow": {
        "pcurve": {
            "prevdiff_exp": -0.15507353536121188,
            "prevdiff_hdi": [
                -0.6047027135283071,
                0.32586496818110516
            ],
            "prevdiff_prob": 0.2696,
            "powdiff_exp": 0.489105549070511,
            "powdiff_hdi": [
                0.123960117678447,
                0.8051430298263711
            ],
            "powdiff_prob": 0.9878
        },
        "binom": {
            "prevdiff_exp": 0.1571983093677809,
            "prevdiff_hdi": [
                -0.4867250936871952,
                0.7270621900660879
            ],
            "prevdiff_prob": 0.6946,
            "powdiff_exp": 0.12592127461506447,
            "powdiff_hdi": [
                -0.479039484569405,
                0.6889912720634819
            ],
            "powdiff_prob": 0.678
        },
        "pval_group": 0.8056640625,
        "frac_H1_rej": 1.0
    },
    "baseline": {
        "frac_H1_rej": 0.4
    }
}