{
    "increase_prev": {
        "pcurve": {
            "prevdiff_exp": 0.2686558317892212,
            "prevdiff_hdi": [
                -0.22403766235070022,
                0.7544112098175217
            ],
            "prevdiff_prob": 0.8386,
            "powdiff_exp": 0.042385874505604694,
            "powdiff_hdi": [
                -0.3142602273740893,
                0.3415160852764782
            ],
            "powdiff_prob": 0.6604
        },
        "binom": {
            "prevdiff_exp": 0.09755610877681803,
            "prevdiff_hdi": [
                -0.5251801550218109,
                0.7635827897139151
            ],
            "prevdiff_prob": 0.6222,
            "powdiff_exp": 0.08700635877231405,
            "powdiff_hdi": [
                -0.5204209004219931,
                0.7062424616109438
            ],
            "powdiff_prob": 0.6196
        },
        "pval_group": 0.009765625,
        "frac_H1_rej": 0.32142857142857145
    },
    "increase_pow": {
        "pcurve": {
            "prevdiff_exp": -0.015977594078534253,
            "prevdiff_hdi": [
                -0.4615011892598264,
                0.4819642077971183
            ],
            "prevdiff_prob": 0.4814,
            "powdiff_exp": 0.4530383747743679,
            "powdiff_hdi": [
                0.07904594855797209,
                0.751148027996766
            ],
            "powdiff_prob": 0.9808
        },
        "binom": {
            "prevdiff_exp": 0.2226889895403626,
            "prevdiff_hdi": [
                -0.3605755328540975,
                0.7810150693148055
            ],
            "prevdiff_prob": 0.7698,
            "powdiff_exp": 0.20430179306025814,
            "powdiff_hdi": [
                -0.3659388742499372,
                0.7235969266582232
            ],
            "powdiff_prob": 0.7584
        },
        "pval_group": 0.69921875,
        "frac_H1_rej": 0.9230769230769231
    },
    "baseline": {
        "frac_H1_rej": 0.42857142857142855
    }
}