{
    "increase_prev": {
        "pcurve": {
            "prevdiff_exp": 0.2727996369412457,
            "prevdiff_hdi": [
                -0.13740944685096523,
                0.7443534389731459
            ],
            "prevdiff_prob": 0.867,
            "powdiff_exp": 0.22602437329723166,
            "powdiff_hdi": [
                -0.03333717567092165,
                0.49460668395958646
            ],
            "powdiff_prob": 0.9418
        },
        "binom": {
            "prevdiff_exp": 0.15831400053208444,
            "prevdiff_hdi": [
                -0.469517779582702,
                0.6818685071085399
            ],
            "prevdiff_prob": 0.7046,
            "powdiff_exp": 0.15581952481442546,
            "powdiff_hdi": [
                -0.43760014099573424,
                0.6699355663760868
            ],
            "powdiff_prob": 0.7052
        },
        "pval_group": 0.0009765625,
        "frac_H1_rej": 0.4444444444444444
    },
    "increase_pow": {
        "pcurve": {
            "prevdiff_exp": -0.07231989488541604,
            "prevdiff_hdi": [
                -0.4966887879112116,
                0.4244239815600266
            ],
            "prevdiff_prob": 0.38,
            "powdiff_exp": 0.5454377462313246,
            "powdiff_hdi": [
                0.29004375431693585,
                0.7950412618337583
            ],
            "powdiff_prob": 0.9976
        },
        "binom": {
            "prevdiff_exp": 0.21973449548125581,
            "prevdiff_hdi": [
                -0.30980099292335084,
                0.7544558410625096
            ],
            "prevdiff_prob": 0.77,
            "powdiff_exp": 0.22113823975469668,
            "powdiff_hdi": [
                -0.30797679955732404,
                0.7019687913977307
            ],
            "powdiff_prob": 0.7838
        },
        "pval_group": 0.005859375,
        "frac_H1_rej": 0.9411764705882353
    },
    "baseline": {
        "frac_H1_rej": 0.5555555555555556
    }
}