{
    "increase_prev": {
        "pcurve": {
            "prevdiff_exp": 0.2479190509767328,
            "prevdiff_hdi": [
                -0.15082299947580902,
                0.5970219234988347
            ],
            "prevdiff_prob": 0.8904,
            "powdiff_exp": -0.09962091392595342,
            "powdiff_hdi": [
                -0.41037021902330395,
                0.18504900146994274
            ],
            "powdiff_prob": 0.2584
        },
        "binom": {
            "prevdiff_exp": 0.0,
            "prevdiff_hdi": [
                0.0,
                0.0
            ],
            "prevdiff_prob": 0.0,
            "powdiff_exp": 0.0,
            "powdiff_hdi": [
                0.0,
                0.0
            ],
            "powdiff_prob": 0.0
        },
        "pval_group": 0.078125,
        "frac_H1_rej": 0.36666666666666664
    },
    "increase_pow": {
        "pcurve": {
            "prevdiff_exp": -0.08019895365352389,
            "prevdiff_hdi": [
                -0.4570744950800756,
                0.27175455058490877
            ],
            "prevdiff_prob": 0.3436,
            "powdiff_exp": 0.2440349184275911,
            "powdiff_hdi": [
                -0.08953586978369038,
                0.596151922031835
            ],
            "powdiff_prob": 0.9098
        },
        "binom": {
            "prevdiff_exp": 0.024148930950021942,
            "prevdiff_hdi": [
                -0.5210848114995688,
                0.5660792557036248
            ],
            "prevdiff_prob": 0.5428,
            "powdiff_exp": 0.026930266016472575,
            "powdiff_hdi": [
                -0.4887095847927414,
                0.5493228865594512
            ],
            "powdiff_prob": 0.5352
        },
        "pval_group": 0.4189453125,
        "frac_H1_rej": 1.0
    },
    "baseline": {
        "frac_H1_rej": 0.625
    }
}