{
    "increase_prev": {
        "pcurve": {
            "prevdiff_exp": 0.16624046869138484,
            "prevdiff_hdi": [
                -0.2684829828590455,
                0.6215311481824486
            ],
            "prevdiff_prob": 0.7324,
            "powdiff_exp": 0.22551569652035924,
            "powdiff_hdi": [
                -0.06369738224027865,
                0.5031696173210389
            ],
            "powdiff_prob": 0.925
        },
        "binom": {
            "prevdiff_exp": 0.18062253881218956,
            "prevdiff_hdi": [
                -0.3789316948430904,
                0.7234811371995367
            ],
            "prevdiff_prob": 0.722,
            "powdiff_exp": 0.1801105926348034,
            "powdiff_hdi": [
                -0.411696681371733,
                0.6611925403527096
            ],
            "powdiff_prob": 0.7364
        },
        "pval_group": 0.001953125,
        "frac_H1_rej": 0.5384615384615384
    },
    "increase_pow": {
        "pcurve": {
            "prevdiff_exp": 0.041322645911867,
            "prevdiff_hdi": [
                -0.40970438541756937,
                0.48710460900691693
            ],
            "prevdiff_prob": 0.5484,
            "powdiff_exp": 0.4216539994870351,
            "powdiff_hdi": [
                0.11013289077901023,
                0.698090692031432
            ],
            "powdiff_prob": 0.9904
        },
        "binom": {
            "prevdiff_exp": 0.21973449548125581,
            "prevdiff_hdi": [
                -0.30980099292335084,
                0.7544558410625096
            ],
            "prevdiff_prob": 0.77,
            "powdiff_exp": 0.22113823975469668,
            "powdiff_hdi": [
                -0.30797679955732404,
                0.7019687913977307
            ],
            "powdiff_prob": 0.7838
        },
        "pval_group": 0.09765625,
        "frac_H1_rej": 1.0
    },
    "baseline": {
        "frac_H1_rej": 0.5
    }
}