{
    "increase_prev": {
        "pcurve": {
            "prevdiff_exp": 0.21829290436175441,
            "prevdiff_hdi": [
                -0.21540190345770815,
                0.621803881738008
            ],
            "prevdiff_prob": 0.8244,
            "powdiff_exp": 0.2238482273516277,
            "powdiff_hdi": [
                -0.10698845464654205,
                0.4973426438538548
            ],
            "powdiff_prob": 0.9166
        },
        "binom": {
            "prevdiff_exp": 0.18062253881218956,
            "prevdiff_hdi": [
                -0.3789316948430904,
                0.7234811371995367
            ],
            "prevdiff_prob": 0.722,
            "powdiff_exp": 0.1801105926348034,
            "powdiff_hdi": [
                -0.411696681371733,
                0.6611925403527096
            ],
            "powdiff_prob": 0.7364
        },
        "pval_group": 0.001953125,
        "frac_H1_rej": 0.4827586206896552
    },
    "increase_pow": {
        "pcurve": {
            "prevdiff_exp": 0.12967239598431624,
            "prevdiff_hdi": [
                -0.3113449886629327,
                0.5258171683697679
            ],
            "prevdiff_prob": 0.706,
            "powdiff_exp": 0.3805317291600287,
            "powdiff_hdi": [
                0.08896487376625284,
                0.6707684346994176
            ],
            "powdiff_prob": 0.9862
        },
        "binom": {
            "prevdiff_exp": 0.26283736072787695,
            "prevdiff_hdi": [
                -0.2882583031759345,
                0.7353424429797546
            ],
            "prevdiff_prob": 0.8166,
            "powdiff_exp": 0.2584216677882076,
            "powdiff_hdi": [
                -0.22983240770080904,
                0.7310518251192848
            ],
            "powdiff_prob": 0.8218
        },
        "pval_group": 0.1025390625,
        "frac_H1_rej": 1.0
    },
    "baseline": {
        "frac_H1_rej": 0.5833333333333334
    }
}