{
    "increase_prev": {
        "pcurve": {
            "prevdiff_exp": 0.25703062908754776,
            "prevdiff_hdi": [
                -0.2176958998232078,
                0.6931142779609065
            ],
            "prevdiff_prob": 0.8404,
            "powdiff_exp": 0.10256717384629542,
            "powdiff_hdi": [
                -0.2699717116011225,
                0.4900556777083682
            ],
            "powdiff_prob": 0.7014
        },
        "binom": {
            "prevdiff_exp": 0.1676649634712187,
            "prevdiff_hdi": [
                -0.40451892741105544,
                0.6857561374020695
            ],
            "prevdiff_prob": 0.7238,
            "powdiff_exp": 0.17367796131988902,
            "powdiff_hdi": [
                -0.33026957917358235,
                0.6876691878359391
            ],
            "powdiff_prob": 0.7338
        },
        "pval_group": 0.0224609375,
        "frac_H1_rej": 0.5357142857142857
    },
    "increase_pow": {
        "pcurve": {
            "prevdiff_exp": -0.16960926686402714,
            "prevdiff_hdi": [
                -0.6317809578305573,
                0.25681358085266964
            ],
            "prevdiff_prob": 0.2604,
            "powdiff_exp": 0.28637864679977065,
            "powdiff_hdi": [
                -0.13466974609272148,
                0.7137619747750139
            ],
            "powdiff_prob": 0.8904
        },
        "binom": {
            "prevdiff_exp": 0.05140980079247987,
            "prevdiff_hdi": [
                -0.588132083993707,
                0.6287080382787518
            ],
            "prevdiff_prob": 0.5716,
            "powdiff_exp": 0.05888967675518645,
            "powdiff_hdi": [
                -0.5132947018203338,
                0.6198919754732876
            ],
            "powdiff_prob": 0.587
        },
        "pval_group": 0.91015625,
        "frac_H1_rej": 0.8888888888888888
    },
    "baseline": {
        "frac_H1_rej": 0.5714285714285714
    }
}