{
    "increase_prev": {
        "pcurve": {
            "prevdiff_exp": 0.657529482640437,
            "prevdiff_hdi": [
                0.34465874044668465,
                0.9052462892406947
            ],
            "prevdiff_prob": 0.9974,
            "powdiff_exp": -0.14748667104055416,
            "powdiff_hdi": [
                -0.5418512839461826,
                0.294332776091945
            ],
            "powdiff_prob": 0.2532
        },
        "binom": {
            "prevdiff_exp": 0.1571983093677809,
            "prevdiff_hdi": [
                -0.4867250936871952,
                0.7270621900660879
            ],
            "prevdiff_prob": 0.6946,
            "powdiff_exp": 0.12592127461506447,
            "powdiff_hdi": [
                -0.479039484569405,
                0.6889912720634819
            ],
            "powdiff_prob": 0.678
        },
        "pval_group": 0.0107421875,
        "frac_H1_rej": 0.39285714285714285
    },
    "increase_pow": {
        "pcurve": {
            "prevdiff_exp": 0.2702615239156732,
            "prevdiff_hdi": [
                -0.06803973692283649,
                0.5965195237370875
            ],
            "prevdiff_prob": 0.9406,
            "powdiff_exp": 0.1770923235316591,
            "powdiff_hdi": [
                -0.24591135420702304,
                0.638711404683868
            ],
            "powdiff_prob": 0.7712
        },
        "binom": {
            "prevdiff_exp": 0.26180094620942884,
            "prevdiff_hdi": [
                -0.3047039655365804,
                0.7948452577293971
            ],
            "prevdiff_prob": 0.8082,
            "powdiff_exp": 0.24532944018015146,
            "powdiff_hdi": [
                -0.28797136276548246,
                0.7443072011273018
            ],
            "powdiff_prob": 0.8018
        },
        "pval_group": 0.033203125,
        "frac_H1_rej": 1.0
    },
    "baseline": {
        "frac_H1_rej": 0.6666666666666666
    }
}