{
    "increase_prev": {
        "pcurve": {
            "prevdiff_exp": 0.16088358049928397,
            "prevdiff_hdi": [
                -0.2332374580697525,
                0.6055300582639669
            ],
            "prevdiff_prob": 0.756,
            "powdiff_exp": 0.17383645522891078,
            "powdiff_hdi": [
                -0.1234076592452919,
                0.4522984706267193
            ],
            "powdiff_prob": 0.8788
        },
        "binom": {
            "prevdiff_exp": 0.21973449548125581,
            "prevdiff_hdi": [
                -0.30980099292335084,
                0.7544558410625096
            ],
            "prevdiff_prob": 0.77,
            "powdiff_exp": 0.22113823975469668,
            "powdiff_hdi": [
                -0.30797679955732404,
                0.7019687913977307
            ],
            "powdiff_prob": 0.7838
        },
        "pval_group": 0.0068359375,
        "frac_H1_rej": 0.5517241379310345
    },
    "increase_pow": {
        "pcurve": {
            "prevdiff_exp": -0.1413145558905846,
            "prevdiff_hdi": [
                -0.5444417938181443,
                0.2671785432098398
            ],
            "prevdiff_prob": 0.264,
            "powdiff_exp": 0.4574779393846666,
            "powdiff_hdi": [
                0.1575079475437211,
                0.7112326528580475
            ],
            "powdiff_prob": 0.994
        },
        "binom": {
            "prevdiff_exp": 0.198630845170522,
            "prevdiff_hdi": [
                -0.35708615240591746,
                0.7424931583026386
            ],
            "prevdiff_prob": 0.7498,
            "powdiff_exp": 0.20289068730660423,
            "powdiff_hdi": [
                -0.3435128745420697,
                0.6837769918460008
            ],
            "powdiff_prob": 0.7638
        },
        "pval_group": 0.1728515625,
        "frac_H1_rej": 1.0
    },
    "baseline": {
        "frac_H1_rej": 0.46153846153846156
    }
}