{
    "increase_prev": {
        "pcurve": {
            "prevdiff_exp": 0.532527773807388,
            "prevdiff_hdi": [
                0.10763029903140209,
                0.8788517706560001
            ],
            "prevdiff_prob": 0.9824,
            "powdiff_exp": 0.02653738798720608,
            "powdiff_hdi": [
                -0.3829038688101142,
                0.44974776642091724
            ],
            "powdiff_prob": 0.548
        },
        "binom": {
            "prevdiff_exp": 0.2779369704506556,
            "prevdiff_hdi": [
                -0.2737774460728357,
                0.8092702994395001
            ],
            "prevdiff_prob": 0.817,
            "powdiff_exp": 0.2724319315244672,
            "powdiff_hdi": [
                -0.28101156148382767,
                0.7540020273771277
            ],
            "powdiff_prob": 0.8242
        },
        "pval_group": 0.005859375,
        "frac_H1_rej": 0.5862068965517241
    },
    "increase_pow": {
        "pcurve": {
            "prevdiff_exp": 0.15365548523658,
            "prevdiff_hdi": [
                -0.332564045024378,
                0.4977095697544839
            ],
            "prevdiff_prob": 0.79,
            "powdiff_exp": 0.28338337004821806,
            "powdiff_hdi": [
                -0.14703795566282396,
                0.7044207708980326
            ],
            "powdiff_prob": 0.87
        },
        "binom": {
            "prevdiff_exp": 0.24069729589869504,
            "prevdiff_hdi": [
                -0.3410728119937153,
                0.7668833485590058
            ],
            "prevdiff_prob": 0.7808,
            "powdiff_exp": 0.22708188773205903,
            "powdiff_hdi": [
                -0.3226554230284957,
                0.7416846982553135
            ],
            "powdiff_prob": 0.779
        },
        "pval_group": 0.8515625,
        "frac_H1_rej": 1.0
    },
    "baseline": {
        "frac_H1_rej": 0.38461538461538464
    }
}