{
    "increase_prev": {
        "pcurve": {
            "prevdiff_exp": 0.16551715966245953,
            "prevdiff_hdi": [
                -0.16054527713360944,
                0.5628661613523184
            ],
            "prevdiff_prob": 0.7836,
            "powdiff_exp": 0.35495983811121185,
            "powdiff_hdi": [
                0.12203898312485362,
                0.5849698206712388
            ],
            "powdiff_prob": 0.9918
        },
        "binom": {
            "prevdiff_exp": 0.34222046662632966,
            "prevdiff_hdi": [
                -0.18904787736612827,
                0.8159634310143895
            ],
            "prevdiff_prob": 0.8672,
            "powdiff_exp": 0.32294125427585074,
            "powdiff_hdi": [
                -0.19423074264723006,
                0.7798522514122804
            ],
            "powdiff_prob": 0.8648
        },
        "pval_group": 0.0009765625,
        "frac_H1_rej": 0.6896551724137931
    },
    "increase_pow": {
        "pcurve": {
            "prevdiff_exp": -0.23822511282674605,
            "prevdiff_hdi": [
                -0.6510279410419223,
                0.2029622726812108
            ],
            "prevdiff_prob": 0.158,
            "powdiff_exp": 0.399237996479722,
            "powdiff_hdi": [
                0.08706456872712853,
                0.7060504592358092
            ],
            "powdiff_prob": 0.9866
        },
        "binom": {
            "prevdiff_exp": 0.1571983093677809,
            "prevdiff_hdi": [
                -0.4867250936871952,
                0.7270621900660879
            ],
            "prevdiff_prob": 0.6946,
            "powdiff_exp": 0.12592127461506447,
            "powdiff_hdi": [
                -0.479039484569405,
                0.6889912720634819
            ],
            "powdiff_prob": 0.678
        },
        "pval_group": 0.833984375,
        "frac_H1_rej": 0.9
    },
    "baseline": {
        "frac_H1_rej": 0.23076923076923078
    }
}