{
    "increase_prev": {
        "pcurve": {
            "prevdiff_exp": 0.1595204932086573,
            "prevdiff_hdi": [
                -0.24415385024718184,
                0.5916559930931056
            ],
            "prevdiff_prob": 0.7642,
            "powdiff_exp": 0.06547384316207443,
            "powdiff_hdi": [
                -0.2172404134978163,
                0.33558999973772297
            ],
            "powdiff_prob": 0.706
        },
        "binom": {
            "prevdiff_exp": 0.1571983093677809,
            "prevdiff_hdi": [
                -0.4867250936871952,
                0.7270621900660879
            ],
            "prevdiff_prob": 0.6946,
            "powdiff_exp": 0.12592127461506447,
            "powdiff_hdi": [
                -0.479039484569405,
                0.6889912720634819
            ],
            "powdiff_prob": 0.678
        },
        "pval_group": 0.0205078125,
        "frac_H1_rej": 0.4074074074074074
    },
    "increase_pow": {
        "pcurve": {
            "prevdiff_exp": -0.049370490636137666,
            "prevdiff_hdi": [
                -0.501338673456758,
                0.38009479483471764
            ],
            "prevdiff_prob": 0.3998,
            "powdiff_exp": 0.31673934211270244,
            "powdiff_hdi": [
                0.00785594449930832,
                0.6407899918810231
            ],
            "powdiff_prob": 0.964
        },
        "binom": {
            "prevdiff_exp": 0.2003804512602575,
            "prevdiff_hdi": [
                -0.42096537519291255,
                0.751552573457396
            ],
            "prevdiff_prob": 0.7442,
            "powdiff_exp": 0.18001072523988026,
            "powdiff_hdi": [
                -0.3936470525743901,
                0.6977605694974172
            ],
            "powdiff_prob": 0.7366
        },
        "pval_group": 0.326171875,
        "frac_H1_rej": 0.9285714285714286
    },
    "baseline": {
        "frac_H1_rej": 0.3333333333333333
    }
}