{
    "increase_prev": {
        "pcurve": {
            "prevdiff_exp": 0.3316705673274517,
            "prevdiff_hdi": [
                -0.06824807920767129,
                0.7044577101589111
            ],
            "prevdiff_prob": 0.9384,
            "powdiff_exp": 0.11647987283912575,
            "powdiff_hdi": [
                -0.2045363825126686,
                0.46027359966872416
            ],
            "powdiff_prob": 0.7572
        },
        "binom": {
            "prevdiff_exp": 0.14965665711288625,
            "prevdiff_hdi": [
                -0.4163530545531227,
                0.6808775977880356
            ],
            "prevdiff_prob": 0.6946,
            "powdiff_exp": 0.15089786664808813,
            "powdiff_hdi": [
                -0.37586251276460314,
                0.6580555930080574
            ],
            "powdiff_prob": 0.7124
        },
        "pval_group": 0.03125,
        "frac_H1_rej": 0.4827586206896552
    },
    "increase_pow": {
        "pcurve": {
            "prevdiff_exp": -0.010571613641127868,
            "prevdiff_hdi": [
                -0.4522251028603625,
                0.36475797639642643
            ],
            "prevdiff_prob": 0.4968,
            "powdiff_exp": 0.35755698546076226,
            "powdiff_hdi": [
                -0.01007269889279716,
                0.6684952890947959
            ],
            "powdiff_prob": 0.9654
        },
        "binom": {
            "prevdiff_exp": 0.1676649634712187,
            "prevdiff_hdi": [
                -0.40451892741105544,
                0.6857561374020695
            ],
            "prevdiff_prob": 0.7238,
            "powdiff_exp": 0.17367796131988902,
            "powdiff_hdi": [
                -0.33026957917358235,
                0.6876691878359391
            ],
            "powdiff_prob": 0.7338
        },
        "pval_group": 0.890625,
        "frac_H1_rej": 1.0
    },
    "baseline": {
        "frac_H1_rej": 0.4117647058823529
    }
}