{
    "increase_prev": {
        "pcurve": {
            "prevdiff_exp": 0.41303839456929836,
            "prevdiff_hdi": [
                0.0016151885570784286,
                0.7518391913172087
            ],
            "prevdiff_prob": 0.9718,
            "powdiff_exp": 0.06183047080248719,
            "powdiff_hdi": [
                -0.3030687950132178,
                0.3972847248292963
            ],
            "powdiff_prob": 0.6408
        },
        "binom": {
            "prevdiff_exp": 0.13928078958962978,
            "prevdiff_hdi": [
                -0.43925150533188306,
                0.7378011009685618
            ],
            "prevdiff_prob": 0.6808,
            "powdiff_exp": 0.12866034020608225,
            "powdiff_hdi": [
                -0.43529067522658765,
                0.6778648915381699
            ],
            "powdiff_prob": 0.68
        },
        "pval_group": 0.0087890625,
        "frac_H1_rej": 0.4
    },
    "increase_pow": {
        "pcurve": {
            "prevdiff_exp": -0.0026206431772741253,
            "prevdiff_hdi": [
                -0.45694758003962344,
                0.38583568643997296
            ],
            "prevdiff_prob": 0.5068,
            "powdiff_exp": 0.26277316920689575,
            "powdiff_hdi": [
                -0.14632889650581998,
                0.6423052835474741
            ],
            "powdiff_prob": 0.8918
        },
        "binom": {
            "prevdiff_exp": 0.11513185863960784,
            "prevdiff_hdi": [
                -0.5019513351207843,
                0.6834897525314664
            ],
            "prevdiff_prob": 0.6508,
            "powdiff_exp": 0.10173007418960968,
            "powdiff_hdi": [
                -0.48776414028681725,
                0.6403295760368541
            ],
            "powdiff_prob": 0.642
        },
        "pval_group": 0.8759765625,
        "frac_H1_rej": 0.9090909090909091
    },
    "baseline": {
        "frac_H1_rej": 0.5
    }
}