{
    "increase_prev": {
        "pcurve": {
            "prevdiff_exp": 0.5023234998021108,
            "prevdiff_hdi": [
                0.020242562223762972,
                0.9268690700691707
            ],
            "prevdiff_prob": 0.9702,
            "powdiff_exp": 0.1620662264503428,
            "powdiff_hdi": [
                -0.25682416080714954,
                0.49119245254992183
            ],
            "powdiff_prob": 0.8184
        },
        "binom": {
            "prevdiff_exp": 0.2636770607642484,
            "prevdiff_hdi": [
                -0.41347269250330704,
                0.8760516499386957
            ],
            "prevdiff_prob": 0.7852,
            "powdiff_exp": 0.25939425695466367,
            "powdiff_hdi": [
                -0.36944970441701985,
                0.8602139424171138
            ],
            "powdiff_prob": 0.7954
        },
        "pval_group": 0.0009765625,
        "frac_H1_rej": 0.3793103448275862
    },
    "increase_pow": {
        "pcurve": {
            "prevdiff_exp": 0.049094360917783075,
            "prevdiff_hdi": [
                -0.5080731031072678,
                0.5665932827406307
            ],
            "prevdiff_prob": 0.587,
            "powdiff_exp": 0.30720880382396354,
            "powdiff_hdi": [
                -0.17143485685725873,
                0.7072947889279161
            ],
            "powdiff_prob": 0.8924
        },
        "binom": {
            "prevdiff_exp": 0.2636770607642484,
            "prevdiff_hdi": [
                -0.41347269250330704,
                0.8760516499386957
            ],
            "prevdiff_prob": 0.7852,
            "powdiff_exp": 0.25939425695466367,
            "powdiff_hdi": [
                -0.36944970441701985,
                0.8602139424171138
            ],
            "powdiff_prob": 0.7954
        },
        "pval_group": 0.16015625,
        "frac_H1_rej": 0.9166666666666666
    },
    "baseline": {
        "frac_H1_rej": 0.25
    }
}