{
    "increase_prev": {
        "pcurve": {
            "prevdiff_exp": 0.29108214014215655,
            "prevdiff_hdi": [
                -0.023240863431591596,
                0.6105254786829195
            ],
            "prevdiff_prob": 0.9588,
            "powdiff_exp": -0.040537008262770895,
            "powdiff_hdi": [
                -0.31055628589761913,
                0.235500708782999
            ],
            "powdiff_prob": 0.3916
        },
        "binom": {
            "prevdiff_exp": 0.14965665711288625,
            "prevdiff_hdi": [
                -0.4163530545531227,
                0.6808775977880356
            ],
            "prevdiff_prob": 0.6946,
            "powdiff_exp": 0.15089786664808813,
            "powdiff_hdi": [
                -0.37586251276460314,
                0.6580555930080574
            ],
            "powdiff_prob": 0.7124
        },
        "pval_group": 0.0146484375,
        "frac_H1_rej": 0.4827586206896552
    },
    "increase_pow": {
        "pcurve": {
            "prevdiff_exp": 0.0206389540897126,
            "prevdiff_hdi": [
                -0.38045653207554075,
                0.45737292921544054
            ],
            "prevdiff_prob": 0.5252,
            "powdiff_exp": 0.10369551716628976,
            "powdiff_hdi": [
                -0.3066321278572427,
                0.4529819272396125
            ],
            "powdiff_prob": 0.692
        },
        "binom": {
            "prevdiff_exp": 0.10831490789032648,
            "prevdiff_hdi": [
                -0.5019099045829167,
                0.6588128193176792
            ],
            "prevdiff_prob": 0.6384,
            "powdiff_exp": 0.09944761421936701,
            "powdiff_hdi": [
                -0.46053350532630905,
                0.6248992146799097
            ],
            "powdiff_prob": 0.6358
        },
        "pval_group": 0.2041015625,
        "frac_H1_rej": 1.0
    },
    "baseline": {
        "frac_H1_rej": 0.6666666666666666
    }
}