{
    "increase_prev": {
        "pcurve": {
            "prevdiff_exp": 0.5074268991697168,
            "prevdiff_hdi": [
                0.04627035998929996,
                0.8916523816632747
            ],
            "prevdiff_prob": 0.9704,
            "powdiff_exp": 0.1408012640384234,
            "powdiff_hdi": [
                -0.3297106101714567,
                0.5207673635131622
            ],
            "powdiff_prob": 0.7398
        },
        "binom": {
            "prevdiff_exp": 0.35511012887856314,
            "prevdiff_hdi": [
                -0.20588124458997492,
                0.8461788116823477
            ],
            "prevdiff_prob": 0.8636,
            "powdiff_exp": 0.35098791043688116,
            "powdiff_hdi": [
                -0.22356966656867416,
                0.8045328741841651
            ],
            "powdiff_prob": 0.877
        },
        "pval_group": 0.0009765625,
        "frac_H1_rej": 0.6551724137931034
    },
    "increase_pow": {
        "pcurve": {
            "prevdiff_exp": 0.015287663350475265,
            "prevdiff_hdi": [
                -0.5624740775542583,
                0.4441621097318096
            ],
            "prevdiff_prob": 0.56,
            "powdiff_exp": 0.24589782527101803,
            "powdiff_hdi": [
                -0.27391267381267487,
                0.7532401067217984
            ],
            "powdiff_prob": 0.813
        },
        "binom": {
            "prevdiff_exp": 0.10804243460686253,
            "prevdiff_hdi": [
                -0.6111966607507721,
                0.7493414142915207
            ],
            "prevdiff_prob": 0.635,
            "powdiff_exp": 0.094480782375783,
            "powdiff_hdi": [
                -0.5317182278797628,
                0.7396519575895979
            ],
            "powdiff_prob": 0.633
        },
        "pval_group": 0.6015625,
        "frac_H1_rej": 1.0
    },
    "baseline": {
        "frac_H1_rej": 0.4
    }
}