{
    "increase_prev": {
        "pcurve": {
            "prevdiff_exp": 0.22213207295786025,
            "prevdiff_hdi": [
                -0.20265910406469412,
                0.675253524070744
            ],
            "prevdiff_prob": 0.8332,
            "powdiff_exp": 0.02253769948828974,
            "powdiff_hdi": [
                -0.29249410539048826,
                0.3456236133500669
            ],
            "powdiff_prob": 0.5758
        },
        "binom": {
            "prevdiff_exp": 0.10282434248343943,
            "prevdiff_hdi": [
                -0.46391285844393804,
                0.640850572071314
            ],
            "prevdiff_prob": 0.6488,
            "powdiff_exp": 0.0930043664675662,
            "powdiff_hdi": [
                -0.43314687785795697,
                0.619064719114842
            ],
            "powdiff_prob": 0.6322
        },
        "pval_group": 0.0126953125,
        "frac_H1_rej": 0.4642857142857143
    },
    "increase_pow": {
        "pcurve": {
            "prevdiff_exp": -0.24129733508121923,
            "prevdiff_hdi": [
                -0.665159543846968,
                0.14810209307308242
            ],
            "prevdiff_prob": 0.1308,
            "powdiff_exp": 0.4306977117074843,
            "powdiff_hdi": [
                0.09400074779707879,
                0.7452450071971304
            ],
            "powdiff_prob": 0.9858
        },
        "binom": {
            "prevdiff_exp": 0.0268860244431382,
            "prevdiff_hdi": [
                -0.550831554498189,
                0.6035178722204599
            ],
            "prevdiff_prob": 0.5378,
            "powdiff_exp": 0.025287244395042426,
            "powdiff_hdi": [
                -0.5496732157516877,
                0.5806730655455874
            ],
            "powdiff_prob": 0.539
        },
        "pval_group": 0.689453125,
        "frac_H1_rej": 1.0
    },
    "baseline": {
        "frac_H1_rej": 0.6363636363636364
    }
}