{
    "increase_prev": {
        "pcurve": {
            "prevdiff_exp": 0.5792783501575941,
            "prevdiff_hdi": [
                0.08462577934718318,
                0.9729923613561783
            ],
            "prevdiff_prob": 0.9824,
            "powdiff_exp": 0.27133150402372785,
            "powdiff_hdi": [
                -0.2247153212796043,
                0.5792779256914089
            ],
            "powdiff_prob": 0.8858
        },
        "binom": {
            "prevdiff_exp": 0.3471760472951625,
            "prevdiff_hdi": [
                -0.2666603518363327,
                0.9234581379003726
            ],
            "prevdiff_prob": 0.8452,
            "powdiff_exp": 0.36055487007165826,
            "powdiff_hdi": [
                -0.2380676433303308,
                0.8696746718182069
            ],
            "powdiff_prob": 0.8674
        },
        "pval_group": 0.0009765625,
        "frac_H1_rej": 0.5357142857142857
    },
    "increase_pow": {
        "pcurve": {
            "prevdiff_exp": 0.15689869065773754,
            "prevdiff_hdi": [
                -0.424239593849494,
                0.5921996200109375
            ],
            "prevdiff_prob": 0.7274,
            "powdiff_exp": 0.5090356527618194,
            "powdiff_hdi": [
                0.009100940233546684,
                0.8515558795991953
            ],
            "powdiff_prob": 0.958
        },
        "binom": {
            "prevdiff_exp": 0.30685920265672495,
            "prevdiff_hdi": [
                -0.33600748308298445,
                0.8967567591279123
            ],
            "prevdiff_prob": 0.8222,
            "powdiff_exp": 0.31348370757947946,
            "powdiff_hdi": [
                -0.27655249306430135,
                0.8843398513188392
            ],
            "powdiff_prob": 0.8394
        },
        "pval_group": 0.078125,
        "frac_H1_rej": 0.9230769230769231
    },
    "baseline": {
        "frac_H1_rej": 0.2222222222222222
    }
}