{
    "increase_prev": {
        "pcurve": {
            "prevdiff_exp": 0.2322044463120652,
            "prevdiff_hdi": [
                -0.19509565651421712,
                0.6979377127281715
            ],
            "prevdiff_prob": 0.8128,
            "powdiff_exp": 0.30053385044722397,
            "powdiff_hdi": [
                0.005517751750874711,
                0.5481127853428194
            ],
            "powdiff_prob": 0.9672
        },
        "binom": {
            "prevdiff_exp": 0.2757073980780812,
            "prevdiff_hdi": [
                -0.3467688247133779,
                0.8035521512511697
            ],
            "prevdiff_prob": 0.8018,
            "powdiff_exp": 0.268158743695672,
            "powdiff_hdi": [
                -0.30109507152523607,
                0.807761469069551
            ],
            "powdiff_prob": 0.8074
        },
        "pval_group": 0.009765625,
        "frac_H1_rej": 0.5833333333333334
    },
    "increase_pow": {
        "pcurve": {
            "prevdiff_exp": -0.08123374276175432,
            "prevdiff_hdi": [
                -0.5491764636091733,
                0.4084318251313548
            ],
            "prevdiff_prob": 0.3634,
            "powdiff_exp": 0.47575554458855357,
            "powdiff_hdi": [
                0.1524044599188365,
                0.7645561123266491
            ],
            "powdiff_prob": 0.9896
        },
        "binom": {
            "prevdiff_exp": 0.25769909171974875,
            "prevdiff_hdi": [
                -0.37303199111269214,
                0.8166293287071859
            ],
            "prevdiff_prob": 0.7928,
            "powdiff_exp": 0.2453786490238711,
            "powdiff_hdi": [
                -0.34456291192190425,
                0.771228693050741
            ],
            "powdiff_prob": 0.7932
        },
        "pval_group": 0.0771484375,
        "frac_H1_rej": 0.9285714285714286
    },
    "baseline": {
        "frac_H1_rej": 0.4
    }
}