{
    "increase_prev": {
        "pcurve": {
            "prevdiff_exp": 0.33539457828433733,
            "prevdiff_hdi": [
                -0.06211913286152215,
                0.796403424485261
            ],
            "prevdiff_prob": 0.9236,
            "powdiff_exp": 0.19783921803950483,
            "powdiff_hdi": [
                -0.12195287442961167,
                0.487827863564486
            ],
            "powdiff_prob": 0.8916
        },
        "binom": {
            "prevdiff_exp": 0.21635734249718902,
            "prevdiff_hdi": [
                -0.41850166710642706,
                0.7937426377387214
            ],
            "prevdiff_prob": 0.7456,
            "powdiff_exp": 0.19392839659515002,
            "powdiff_hdi": [
                -0.41134146749219225,
                0.7751400561832572
            ],
            "powdiff_prob": 0.741
        },
        "pval_group": 0.00390625,
        "frac_H1_rej": 0.4
    },
    "increase_pow": {
        "pcurve": {
            "prevdiff_exp": 0.01896670731804286,
            "prevdiff_hdi": [
                -0.45669448865505824,
                0.5162842230780147
            ],
            "prevdiff_prob": 0.517,
            "powdiff_exp": 0.41498872727619307,
            "powdiff_hdi": [
                0.05387615454070116,
                0.718554146183936
            ],
            "powdiff_prob": 0.9764
        },
        "binom": {
            "prevdiff_exp": 0.25769909171974875,
            "prevdiff_hdi": [
                -0.37303199111269214,
                0.8166293287071859
            ],
            "prevdiff_prob": 0.7928,
            "powdiff_exp": 0.2453786490238711,
            "powdiff_hdi": [
                -0.34456291192190425,
                0.771228693050741
            ],
            "powdiff_prob": 0.7932
        },
        "pval_group": 0.3486328125,
        "frac_H1_rej": 1.0
    },
    "baseline": {
        "frac_H1_rej": 0.4
    }
}