{
    "increase_prev": {
        "pcurve": {
            "prevdiff_exp": 0.29575379872009044,
            "prevdiff_hdi": [
                -0.043561395891424715,
                0.6330768149111634
            ],
            "prevdiff_prob": 0.95,
            "powdiff_exp": 0.12164012497496629,
            "powdiff_hdi": [
                -0.16031927009736546,
                0.4020740445049246
            ],
            "powdiff_prob": 0.8014
        },
        "binom": {
            "prevdiff_exp": 0.20734770267923194,
            "prevdiff_hdi": [
                -0.2964853389941906,
                0.6931751756182938
            ],
            "prevdiff_prob": 0.7662,
            "powdiff_exp": 0.1956065094413483,
            "powdiff_hdi": [
                -0.3112759819837039,
                0.6398232423189189
            ],
            "powdiff_prob": 0.7702
        },
        "pval_group": 0.0517578125,
        "frac_H1_rej": 0.6206896551724138
    },
    "increase_pow": {
        "pcurve": {
            "prevdiff_exp": 0.00012182731515737544,
            "prevdiff_hdi": [
                -0.3706050835890351,
                0.37723513410085663
            ],
            "prevdiff_prob": 0.4986,
            "powdiff_exp": 0.2964387903882365,
            "powdiff_hdi": [
                -0.012649004855931012,
                0.5865810024384657
            ],
            "powdiff_prob": 0.9652
        },
        "binom": {
            "prevdiff_exp": 0.143141187121877,
            "prevdiff_hdi": [
                -0.38740471006485294,
                0.6710863002707265
            ],
            "prevdiff_prob": 0.6864,
            "powdiff_exp": 0.14007552895974498,
            "powdiff_hdi": [
                -0.39332672104633926,
                0.6305774621765518
            ],
            "powdiff_prob": 0.6988
        },
        "pval_group": 0.775390625,
        "frac_H1_rej": 1.0
    },
    "baseline": {
        "frac_H1_rej": 0.5294117647058824
    }
}