{
    "increase_prev": {
        "pcurve": {
            "prevdiff_exp": 0.38212442762079246,
            "prevdiff_hdi": [
                -0.03770963931086024,
                0.7346963721538038
            ],
            "prevdiff_prob": 0.9614,
            "powdiff_exp": 0.005593834282186529,
            "powdiff_hdi": [
                -0.3349491898535607,
                0.3145979137846105
            ],
            "powdiff_prob": 0.5548
        },
        "binom": {
            "prevdiff_exp": 0.1571983093677809,
            "prevdiff_hdi": [
                -0.4867250936871952,
                0.7270621900660879
            ],
            "prevdiff_prob": 0.6946,
            "powdiff_exp": 0.12592127461506447,
            "powdiff_hdi": [
                -0.479039484569405,
                0.6889912720634819
            ],
            "powdiff_prob": 0.678
        },
        "pval_group": 0.0283203125,
        "frac_H1_rej": 0.36666666666666664
    },
    "increase_pow": {
        "pcurve": {
            "prevdiff_exp": 0.09165219223325206,
            "prevdiff_hdi": [
                -0.36843280886900254,
                0.4852813758483489
            ],
            "prevdiff_prob": 0.67,
            "powdiff_exp": 0.34220192161480295,
            "powdiff_hdi": [
                -0.00018101019807326146,
                0.6883060232257687
            ],
            "powdiff_prob": 0.9612
        },
        "binom": {
            "prevdiff_exp": 0.26180094620942884,
            "prevdiff_hdi": [
                -0.3047039655365804,
                0.7948452577293971
            ],
            "prevdiff_prob": 0.8082,
            "powdiff_exp": 0.24532944018015146,
            "powdiff_hdi": [
                -0.28797136276548246,
                0.7443072011273018
            ],
            "powdiff_prob": 0.8018
        },
        "pval_group": 0.265625,
        "frac_H1_rej": 0.8666666666666667
    },
    "baseline": {
        "frac_H1_rej": 0.4
    }
}