{
    "increase_prev": {
        "pcurve": {
            "prevdiff_exp": 0.3903300602555675,
            "prevdiff_hdi": [
                -0.0046046039019123075,
                0.7246062546303912
            ],
            "prevdiff_prob": 0.9722,
            "powdiff_exp": -0.017329356482098133,
            "powdiff_hdi": [
                -0.35945488295072014,
                0.3281223629161285
            ],
            "powdiff_prob": 0.477
        },
        "binom": {
            "prevdiff_exp": 0.14965665711288625,
            "prevdiff_hdi": [
                -0.4163530545531227,
                0.6808775977880356
            ],
            "prevdiff_prob": 0.6946,
            "powdiff_exp": 0.15089786664808813,
            "powdiff_hdi": [
                -0.37586251276460314,
                0.6580555930080574
            ],
            "powdiff_prob": 0.7124
        },
        "pval_group": 0.025390625,
        "frac_H1_rej": 0.4827586206896552
    },
    "increase_pow": {
        "pcurve": {
            "prevdiff_exp": 0.09738382775696557,
            "prevdiff_hdi": [
                -0.32252422672556896,
                0.49526595870470974
            ],
            "prevdiff_prob": 0.6866,
            "powdiff_exp": 0.19893080408048383,
            "powdiff_hdi": [
                -0.16066359560720694,
                0.5681777900061973
            ],
            "powdiff_prob": 0.8416
        },
        "binom": {
            "prevdiff_exp": 0.14965665711288625,
            "prevdiff_hdi": [
                -0.4163530545531227,
                0.6808775977880356
            ],
            "prevdiff_prob": 0.6946,
            "powdiff_exp": 0.15089786664808813,
            "powdiff_hdi": [
                -0.37586251276460314,
                0.6580555930080574
            ],
            "powdiff_prob": 0.7124
        },
        "pval_group": 0.6416015625,
        "frac_H1_rej": 1.0
    },
    "baseline": {
        "frac_H1_rej": 0.375
    }
}