{
    "increase_prev": {
        "pcurve": {
            "prevdiff_exp": 0.22845763817738438,
            "prevdiff_hdi": [
                -0.19064248816113816,
                0.6600592445716021
            ],
            "prevdiff_prob": 0.8414,
            "powdiff_exp": 0.05771958206666589,
            "powdiff_hdi": [
                -0.2634120426515839,
                0.3434248114207574
            ],
            "powdiff_prob": 0.666
        },
        "binom": {
            "prevdiff_exp": 0.2003804512602575,
            "prevdiff_hdi": [
                -0.42096537519291255,
                0.751552573457396
            ],
            "prevdiff_prob": 0.7442,
            "powdiff_exp": 0.18001072523988026,
            "powdiff_hdi": [
                -0.3936470525743901,
                0.6977605694974172
            ],
            "powdiff_prob": 0.7366
        },
        "pval_group": 0.013671875,
        "frac_H1_rej": 0.4642857142857143
    },
    "increase_pow": {
        "pcurve": {
            "prevdiff_exp": -0.040576916439477556,
            "prevdiff_hdi": [
                -0.45247720144774,
                0.36820658592573063
            ],
            "prevdiff_prob": 0.422,
            "powdiff_exp": 0.32930036742308383,
            "powdiff_hdi": [
                -0.008585389569499724,
                0.6334345940237462
            ],
            "powdiff_prob": 0.9652
        },
        "binom": {
            "prevdiff_exp": 0.2226889895403626,
            "prevdiff_hdi": [
                -0.3605755328540975,
                0.7810150693148055
            ],
            "prevdiff_prob": 0.7698,
            "powdiff_exp": 0.20430179306025814,
            "powdiff_hdi": [
                -0.3659388742499372,
                0.7235969266582232
            ],
            "powdiff_prob": 0.7584
        },
        "pval_group": 0.05078125,
        "frac_H1_rej": 0.9230769230769231
    },
    "baseline": {
        "frac_H1_rej": 0.45454545454545453
    }
}