{
    "increase_prev": {
        "pcurve": {
            "prevdiff_exp": 0.5646544735981285,
            "prevdiff_hdi": [
                0.027541721404921282,
                0.9753566983748782
            ],
            "prevdiff_prob": 0.9672,
            "powdiff_exp": 0.25085768142286596,
            "powdiff_hdi": [
                -0.1658275995225173,
                0.5262976532620087
            ],
            "powdiff_prob": 0.9126
        },
        "binom": {
            "prevdiff_exp": 0.3064635538827869,
            "prevdiff_hdi": [
                -0.2926156947245093,
                0.88378821185497
            ],
            "prevdiff_prob": 0.8314,
            "powdiff_exp": 0.28209662818933784,
            "powdiff_hdi": [
                -0.31577931243627455,
                0.8185412216143229
            ],
            "powdiff_prob": 0.8182
        },
        "pval_group": 0.0009765625,
        "frac_H1_rej": 0.4666666666666667
    },
    "increase_pow": {
        "pcurve": {
            "prevdiff_exp": 0.18036252317567864,
            "prevdiff_hdi": [
                -0.4560366726602576,
                0.7187527967831556
            ],
            "prevdiff_prob": 0.7312,
            "powdiff_exp": 0.3639428319255854,
            "powdiff_hdi": [
                -0.1040909708878921,
                0.7789659097407274
            ],
            "powdiff_prob": 0.9316
        },
        "binom": {
            "prevdiff_exp": 0.20821669756238056,
            "prevdiff_hdi": [
                -0.4258855826744752,
                0.8134871419092214
            ],
            "prevdiff_prob": 0.7524,
            "powdiff_exp": 0.19008843829643618,
            "powdiff_hdi": [
                -0.4017269738685284,
                0.7977322524363873
            ],
            "powdiff_prob": 0.7368
        },
        "pval_group": 0.0849609375,
        "frac_H1_rej": 1.0
    },
    "baseline": {
        "frac_H1_rej": 0.375
    }
}