{
    "increase_prev": {
        "pcurve": {
            "prevdiff_exp": 0.35112338158767,
            "prevdiff_hdi": [
                -0.09405484171569911,
                0.7665051519308805
            ],
            "prevdiff_prob": 0.9246,
            "powdiff_exp": 0.06786285448598642,
            "powdiff_hdi": [
                -0.29744847993109014,
                0.42649868292117654
            ],
            "powdiff_prob": 0.6622
        },
        "binom": {
            "prevdiff_exp": 0.14965665711288625,
            "prevdiff_hdi": [
                -0.4163530545531227,
                0.6808775977880356
            ],
            "prevdiff_prob": 0.6946,
            "powdiff_exp": 0.15089786664808813,
            "powdiff_hdi": [
                -0.37586251276460314,
                0.6580555930080574
            ],
            "powdiff_prob": 0.7124
        },
        "pval_group": 0.005859375,
        "frac_H1_rej": 0.4827586206896552
    },
    "increase_pow": {
        "pcurve": {
            "prevdiff_exp": 0.17723639817914608,
            "prevdiff_hdi": [
                -0.2687550310951393,
                0.5763107591948295
            ],
            "prevdiff_prob": 0.7816,
            "powdiff_exp": 0.3967162840765984,
            "powdiff_hdi": [
                0.04054958038841039,
                0.7227437794619963
            ],
            "powdiff_prob": 0.975
        },
        "binom": {
            "prevdiff_exp": 0.24706769427170056,
            "prevdiff_hdi": [
                -0.2991861129061152,
                0.7098427537271411
            ],
            "prevdiff_prob": 0.8086,
            "powdiff_exp": 0.2565071280610982,
            "powdiff_hdi": [
                -0.22678777860237476,
                0.7168804897103892
            ],
            "powdiff_prob": 0.8258
        },
        "pval_group": 0.0078125,
        "frac_H1_rej": 1.0
    },
    "baseline": {
        "frac_H1_rej": 0.5
    }
}