{
    "increase_prev": {
        "pcurve": {
            "prevdiff_exp": 0.46746236035534505,
            "prevdiff_hdi": [
                0.16893414631514786,
                0.7367360671978487
            ],
            "prevdiff_prob": 0.994,
            "powdiff_exp": -0.19785248469827096,
            "powdiff_hdi": [
                -0.5025915660098281,
                0.12455192982670482
            ],
            "powdiff_prob": 0.1118
        },
        "binom": {
            "prevdiff_exp": 0.024148930950021942,
            "prevdiff_hdi": [
                -0.5210848114995688,
                0.5660792557036248
            ],
            "prevdiff_prob": 0.5428,
            "powdiff_exp": 0.026930266016472575,
            "powdiff_hdi": [
                -0.4887095847927414,
                0.5493228865594512
            ],
            "powdiff_prob": 0.5352
        },
        "pval_group": 0.015625,
        "frac_H1_rej": 0.4
    },
    "increase_pow": {
        "pcurve": {
            "prevdiff_exp": 0.05564207837079932,
            "prevdiff_hdi": [
                -0.25815165042531735,
                0.3854716587885593
            ],
            "prevdiff_prob": 0.6464,
            "powdiff_exp": 0.04344195679054661,
            "powdiff_hdi": [
                -0.3216367029310897,
                0.38641582835052546
            ],
            "powdiff_prob": 0.592
        },
        "binom": {
            "prevdiff_exp": 0.043182141892476565,
            "prevdiff_hdi": [
                -0.5029925486904867,
                0.5534747115350769
            ],
            "prevdiff_prob": 0.5506,
            "powdiff_exp": 0.0540894506248158,
            "powdiff_hdi": [
                -0.4446612502998172,
                0.5544465689856881
            ],
            "powdiff_prob": 0.5762
        },
        "pval_group": 0.763671875,
        "frac_H1_rej": 1.0
    },
    "baseline": {
        "frac_H1_rej": 0.7142857142857143
    }
}