{
    "increase_prev": {
        "pcurve": {
            "prevdiff_exp": 0.4447831303827239,
            "prevdiff_hdi": [
                0.04996639283416793,
                0.8317266122429516
            ],
            "prevdiff_prob": 0.9722,
            "powdiff_exp": 0.1582591444201716,
            "powdiff_hdi": [
                -0.19149827003044256,
                0.4761745436751489
            ],
            "powdiff_prob": 0.8176
        },
        "binom": {
            "prevdiff_exp": 0.2358705197224826,
            "prevdiff_hdi": [
                -0.31139585837079886,
                0.7326651693531159
            ],
            "prevdiff_prob": 0.79,
            "powdiff_exp": 0.24824073109901243,
            "powdiff_hdi": [
                -0.26538307971165576,
                0.7268303801501576
            ],
            "powdiff_prob": 0.812
        },
        "pval_group": 0.001953125,
        "frac_H1_rej": 0.5666666666666667
    },
    "increase_pow": {
        "pcurve": {
            "prevdiff_exp": 0.2184158154184596,
            "prevdiff_hdi": [
                -0.2551807321408208,
                0.5950736966691076
            ],
            "prevdiff_prob": 0.8278,
            "powdiff_exp": 0.38328169568821613,
            "powdiff_hdi": [
                0.028535200778371128,
                0.7093230650074971
            ],
            "powdiff_prob": 0.9688
        },
        "binom": {
            "prevdiff_exp": 0.26283736072787695,
            "prevdiff_hdi": [
                -0.2882583031759345,
                0.7353424429797546
            ],
            "prevdiff_prob": 0.8166,
            "powdiff_exp": 0.2584216677882076,
            "powdiff_hdi": [
                -0.22983240770080904,
                0.7310518251192848
            ],
            "powdiff_prob": 0.8218
        },
        "pval_group": 0.0048828125,
        "frac_H1_rej": 0.9473684210526315
    },
    "baseline": {
        "frac_H1_rej": 0.5
    }
}