{
    "increase_prev": {
        "pcurve": {
            "prevdiff_exp": 0.40036970029376034,
            "prevdiff_hdi": [
                -0.13009359898213024,
                0.845865415303568
            ],
            "prevdiff_prob": 0.9104,
            "powdiff_exp": 0.24346836156796584,
            "powdiff_hdi": [
                -0.22784637337538505,
                0.5786766596459976
            ],
            "powdiff_prob": 0.8684
        },
        "binom": {
            "prevdiff_exp": 0.36171153479307994,
            "prevdiff_hdi": [
                -0.2584554234046436,
                0.8554750833697035
            ],
            "prevdiff_prob": 0.8624,
            "powdiff_exp": 0.3502267666535469,
            "powdiff_hdi": [
                -0.19471822186183885,
                0.8555260047364527
            ],
            "powdiff_prob": 0.8682
        },
        "pval_group": 0.0029296875,
        "frac_H1_rej": 0.6071428571428571
    },
    "increase_pow": {
        "pcurve": {
            "prevdiff_exp": 0.005588278452238569,
            "prevdiff_hdi": [
                -0.5524538433362064,
                0.4693295430389903
            ],
            "prevdiff_prob": 0.545,
            "powdiff_exp": 0.34034460158523844,
            "powdiff_hdi": [
                -0.16389681991021476,
                0.747799700630164
            ],
            "powdiff_prob": 0.9092
        },
        "binom": {
            "prevdiff_exp": 0.24097287371020526,
            "prevdiff_hdi": [
                -0.41716178060129705,
                0.8418346277182667
            ],
            "prevdiff_prob": 0.7812,
            "powdiff_exp": 0.20371610974414417,
            "powdiff_hdi": [
                -0.40656218537683375,
                0.7823195103131289
            ],
            "powdiff_prob": 0.7606
        },
        "pval_group": 0.9599609375,
        "frac_H1_rej": 1.0
    },
    "baseline": {
        "frac_H1_rej": 0.3333333333333333
    }
}