{
    "increase_prev": {
        "pcurve": {
            "prevdiff_exp": 0.32508884623584133,
            "prevdiff_hdi": [
                -0.019871501543269332,
                0.6686841903038292
            ],
            "prevdiff_prob": 0.9574,
            "powdiff_exp": -0.003578554346432252,
            "powdiff_hdi": [
                -0.31211529444811326,
                0.3151429793218105
            ],
            "powdiff_prob": 0.4912
        },
        "binom": {
            "prevdiff_exp": 0.09824685632040636,
            "prevdiff_hdi": [
                -0.4504361746328593,
                0.5949655075398061
            ],
            "prevdiff_prob": 0.6356,
            "powdiff_exp": 0.09200818989290167,
            "powdiff_hdi": [
                -0.41606465604034126,
                0.5700181479327263
            ],
            "powdiff_prob": 0.639
        },
        "pval_group": 0.037109375,
        "frac_H1_rej": 0.4827586206896552
    },
    "increase_pow": {
        "pcurve": {
            "prevdiff_exp": -0.1656811670275373,
            "prevdiff_hdi": [
                -0.5120078395295133,
                0.2203350282293316
            ],
            "prevdiff_prob": 0.1818,
            "powdiff_exp": 0.2398898840797483,
            "powdiff_hdi": [
                -0.10371247066725564,
                0.5981684698756258
            ],
            "powdiff_prob": 0.8998
        },
        "binom": {
            "prevdiff_exp": 0.03275617614782467,
            "prevdiff_hdi": [
                -0.5494100435902691,
                0.58470651030441
            ],
            "prevdiff_prob": 0.5458,
            "powdiff_exp": 0.013627671447707984,
            "powdiff_hdi": [
                -0.519616394713682,
                0.5550508367352915
            ],
            "powdiff_prob": 0.5266
        },
        "pval_group": 0.724609375,
        "frac_H1_rej": 1.0
    },
    "baseline": {
        "frac_H1_rej": 0.5
    }
}