{
    "increase_prev": {
        "pcurve": {
            "prevdiff_exp": 0.3410721237168522,
            "prevdiff_hdi": [
                -0.09841167605438428,
                0.7183691009305535
            ],
            "prevdiff_prob": 0.9302,
            "powdiff_exp": 0.019144859681730277,
            "powdiff_hdi": [
                -0.37156490191768377,
                0.36900339945424177
            ],
            "powdiff_prob": 0.5458
        },
        "binom": {
            "prevdiff_exp": 0.13928078958962978,
            "prevdiff_hdi": [
                -0.43925150533188306,
                0.7378011009685618
            ],
            "prevdiff_prob": 0.6808,
            "powdiff_exp": 0.12866034020608225,
            "powdiff_hdi": [
                -0.43529067522658765,
                0.6778648915381699
            ],
            "powdiff_prob": 0.68
        },
        "pval_group": 0.0771484375,
        "frac_H1_rej": 0.4
    },
    "increase_pow": {
        "pcurve": {
            "prevdiff_exp": -0.07178129267726331,
            "prevdiff_hdi": [
                -0.5013102823600568,
                0.3226424933402011
            ],
            "prevdiff_prob": 0.3928,
            "powdiff_exp": 0.29829910938894616,
            "powdiff_hdi": [
                -0.09435521533548896,
                0.6829038195249526
            ],
            "powdiff_prob": 0.9206
        },
        "binom": {
            "prevdiff_exp": 0.0823756824917832,
            "prevdiff_hdi": [
                -0.551672919939673,
                0.6629496040432425
            ],
            "prevdiff_prob": 0.6132,
            "powdiff_exp": 0.08810240274190169,
            "powdiff_hdi": [
                -0.5108181897673101,
                0.6373444349495678
            ],
            "powdiff_prob": 0.6238
        },
        "pval_group": 0.6552734375,
        "frac_H1_rej": 1.0
    },
    "baseline": {
        "frac_H1_rej": 0.4666666666666667
    }
}