{
    "increase_prev": {
        "pcurve": {
            "prevdiff_exp": 0.3996493920900405,
            "prevdiff_hdi": [
                -0.05854998104188913,
                0.8395993833443199
            ],
            "prevdiff_prob": 0.9404,
            "powdiff_exp": 0.2448456019180694,
            "powdiff_hdi": [
                -0.10528273439839891,
                0.5111963457696196
            ],
            "powdiff_prob": 0.916
        },
        "binom": {
            "prevdiff_exp": 0.3064635538827869,
            "prevdiff_hdi": [
                -0.2926156947245093,
                0.88378821185497
            ],
            "prevdiff_prob": 0.8314,
            "powdiff_exp": 0.28209662818933784,
            "powdiff_hdi": [
                -0.31577931243627455,
                0.8185412216143229
            ],
            "powdiff_prob": 0.8182
        },
        "pval_group": 0.001953125,
        "frac_H1_rej": 0.5
    },
    "increase_pow": {
        "pcurve": {
            "prevdiff_exp": -0.02901959240722801,
            "prevdiff_hdi": [
                -0.5474378948367793,
                0.42472480473806795
            ],
            "prevdiff_prob": 0.4636,
            "powdiff_exp": 0.5067026039421739,
            "powdiff_hdi": [
                0.15553270649287532,
                0.8138220668323288
            ],
            "powdiff_prob": 0.9874
        },
        "binom": {
            "prevdiff_exp": 0.28415501560268175,
            "prevdiff_hdi": [
                -0.3418700184273562,
                0.8740334268642953
            ],
            "prevdiff_prob": 0.8142,
            "powdiff_exp": 0.25780556036895996,
            "powdiff_hdi": [
                -0.32330480728412214,
                0.836248841650578
            ],
            "powdiff_prob": 0.7996
        },
        "pval_group": 0.287109375,
        "frac_H1_rej": 1.0
    },
    "baseline": {
        "frac_H1_rej": 0.3333333333333333
    }
}