{
    "increase_prev": {
        "pcurve": {
            "prevdiff_exp": 0.42925181502584747,
            "prevdiff_hdi": [
                -0.044970166962923774,
                0.8174118237848672
            ],
            "prevdiff_prob": 0.9484,
            "powdiff_exp": 0.15967015372952115,
            "powdiff_hdi": [
                -0.25009191890300275,
                0.5318876564974706
            ],
            "powdiff_prob": 0.781
        },
        "binom": {
            "prevdiff_exp": 0.3399139136354361,
            "prevdiff_hdi": [
                -0.2301853465510041,
                0.8501400283154114
            ],
            "prevdiff_prob": 0.8524,
            "powdiff_exp": 0.3236897241772753,
            "powdiff_hdi": [
                -0.23752212552670582,
                0.8078895768154368
            ],
            "powdiff_prob": 0.8536
        },
        "pval_group": 0.0048828125,
        "frac_H1_rej": 0.6206896551724138
    },
    "increase_pow": {
        "pcurve": {
            "prevdiff_exp": 0.09687926257790669,
            "prevdiff_hdi": [
                -0.39875323544200914,
                0.528197328729868
            ],
            "prevdiff_prob": 0.6746,
            "powdiff_exp": 0.34939957296008745,
            "powdiff_hdi": [
                -0.07853758126694022,
                0.7349479038663469
            ],
            "powdiff_prob": 0.927
        },
        "binom": {
            "prevdiff_exp": 0.25769909171974875,
            "prevdiff_hdi": [
                -0.37303199111269214,
                0.8166293287071859
            ],
            "prevdiff_prob": 0.7928,
            "powdiff_exp": 0.2453786490238711,
            "powdiff_hdi": [
                -0.34456291192190425,
                0.771228693050741
            ],
            "powdiff_prob": 0.7932
        },
        "pval_group": 0.439453125,
        "frac_H1_rej": 0.9230769230769231
    },
    "baseline": {
        "frac_H1_rej": 0.4166666666666667
    }
}