{
    "increase_prev": {
        "pcurve": {
            "prevdiff_exp": 0.3285573544525272,
            "prevdiff_hdi": [
                -0.0738186049047187,
                0.7128869699127781
            ],
            "prevdiff_prob": 0.937,
            "powdiff_exp": 0.02483302403614545,
            "powdiff_hdi": [
                -0.28389035786567046,
                0.2889872056115006
            ],
            "powdiff_prob": 0.596
        },
        "binom": {
            "prevdiff_exp": 0.10804243460686253,
            "prevdiff_hdi": [
                -0.6111966607507721,
                0.7493414142915207
            ],
            "prevdiff_prob": 0.635,
            "powdiff_exp": 0.094480782375783,
            "powdiff_hdi": [
                -0.5317182278797628,
                0.7396519575895979
            ],
            "powdiff_prob": 0.633
        },
        "pval_group": 0.0283203125,
        "frac_H1_rej": 0.3076923076923077
    },
    "increase_pow": {
        "pcurve": {
            "prevdiff_exp": 0.17280233262086594,
            "prevdiff_hdi": [
                -0.2823261867215682,
                0.5480173537629722
            ],
            "prevdiff_prob": 0.781,
            "powdiff_exp": 0.3015913135098457,
            "powdiff_hdi": [
                -0.02030228394200495,
                0.6089966973125632
            ],
            "powdiff_prob": 0.9582
        },
        "binom": {
            "prevdiff_exp": 0.296811048388815,
            "prevdiff_hdi": [
                -0.30393763894889625,
                0.8116745479373222
            ],
            "prevdiff_prob": 0.8226,
            "powdiff_exp": 0.28640629614376445,
            "powdiff_hdi": [
                -0.3029142041077365,
                0.7849565289772671
            ],
            "powdiff_prob": 0.8232
        },
        "pval_group": 0.0712890625,
        "frac_H1_rej": 0.8888888888888888
    },
    "baseline": {
        "frac_H1_rej": 0.4166666666666667
    }
}