{
    "increase_prev": {
        "pcurve": {
            "prevdiff_exp": 0.38347253100052436,
            "prevdiff_hdi": [
                0.022046046708418254,
                0.7200455448491374
            ],
            "prevdiff_prob": 0.9718,
            "powdiff_exp": 0.029912575917869697,
            "powdiff_hdi": [
                -0.30171600380517916,
                0.3563565397366213
            ],
            "powdiff_prob": 0.5734
        },
        "binom": {
            "prevdiff_exp": 0.12355657113824711,
            "prevdiff_hdi": [
                -0.3358198695440695,
                0.5640259420688691
            ],
            "prevdiff_prob": 0.6802,
            "powdiff_exp": 0.12976132758212533,
            "powdiff_hdi": [
                -0.3168068351379164,
                0.5526565097837177
            ],
            "powdiff_prob": 0.7118
        },
        "pval_group": 0.0087890625,
        "frac_H1_rej": 0.6206896551724138
    },
    "increase_pow": {
        "pcurve": {
            "prevdiff_exp": -0.17649184789399855,
            "prevdiff_hdi": [
                -0.5868397060789987,
                0.17639953847349582
            ],
            "prevdiff_prob": 0.1814,
            "powdiff_exp": 0.24678236262040118,
            "powdiff_hdi": [
                -0.1314652810867447,
                0.6344901799697567
            ],
            "powdiff_prob": 0.8846
        },
        "binom": {
            "prevdiff_exp": -0.05690510709784661,
            "prevdiff_hdi": [
                -0.5896036613956648,
                0.5448465811941846
            ],
            "prevdiff_prob": 0.4188,
            "powdiff_exp": -0.04055793746418056,
            "powdiff_hdi": [
                -0.5745010533922283,
                0.4870286760239793
            ],
            "powdiff_prob": 0.4422
        },
        "pval_group": 0.3134765625,
        "frac_H1_rej": 1.0
    },
    "baseline": {
        "frac_H1_rej": 0.7857142857142857
    }
}