{
    "increase_prev": {
        "pcurve": {
            "prevdiff_exp": 0.2351809027831976,
            "prevdiff_hdi": [
                -0.18223946079947106,
                0.713633296893571
            ],
            "prevdiff_prob": 0.8266,
            "powdiff_exp": 0.2548469164416774,
            "powdiff_hdi": [
                -0.03161352451766636,
                0.5071241032472578
            ],
            "powdiff_prob": 0.9516
        },
        "binom": {
            "prevdiff_exp": 0.2757073980780812,
            "prevdiff_hdi": [
                -0.3467688247133779,
                0.8035521512511697
            ],
            "prevdiff_prob": 0.8018,
            "powdiff_exp": 0.268158743695672,
            "powdiff_hdi": [
                -0.30109507152523607,
                0.807761469069551
            ],
            "powdiff_prob": 0.8074
        },
        "pval_group": 0.0087890625,
        "frac_H1_rej": 0.5357142857142857
    },
    "increase_pow": {
        "pcurve": {
            "prevdiff_exp": -0.05723308067593518,
            "prevdiff_hdi": [
                -0.4827755525383574,
                0.4138468241787387
            ],
            "prevdiff_prob": 0.4,
            "powdiff_exp": 0.5114627912224207,
            "powdiff_hdi": [
                0.23594250960489188,
                0.7697691165127067
            ],
            "powdiff_prob": 0.9972
        },
        "binom": {
            "prevdiff_exp": 0.296811048388815,
            "prevdiff_hdi": [
                -0.30393763894889625,
                0.8116745479373222
            ],
            "prevdiff_prob": 0.8226,
            "powdiff_exp": 0.28640629614376445,
            "powdiff_hdi": [
                -0.3029142041077365,
                0.7849565289772671
            ],
            "powdiff_prob": 0.8232
        },
        "pval_group": 0.06640625,
        "frac_H1_rej": 1.0
    },
    "baseline": {
        "frac_H1_rej": 0.38461538461538464
    }
}