{
    "increase_prev": {
        "pcurve": {
            "prevdiff_exp": 0.40633242516554646,
            "prevdiff_hdi": [
                0.07515067731278224,
                0.7039232541550816
            ],
            "prevdiff_prob": 0.9914,
            "powdiff_exp": -0.046616683853244446,
            "powdiff_hdi": [
                -0.34677260551312594,
                0.2506388621138539
            ],
            "powdiff_prob": 0.3834
        },
        "binom": {
            "prevdiff_exp": 0.14965665711288625,
            "prevdiff_hdi": [
                -0.4163530545531227,
                0.6808775977880356
            ],
            "prevdiff_prob": 0.6946,
            "powdiff_exp": 0.15089786664808813,
            "powdiff_hdi": [
                -0.37586251276460314,
                0.6580555930080574
            ],
            "powdiff_prob": 0.7124
        },
        "pval_group": 0.0087890625,
        "frac_H1_rej": 0.5
    },
    "increase_pow": {
        "pcurve": {
            "prevdiff_exp": 0.11946445650546535,
            "prevdiff_hdi": [
                -0.21642301066353764,
                0.4635220919516635
            ],
            "prevdiff_prob": 0.7618,
            "powdiff_exp": 0.2819526278240416,
            "powdiff_hdi": [
                -0.024143910042107808,
                0.5737836251545421
            ],
            "powdiff_prob": 0.9642
        },
        "binom": {
            "prevdiff_exp": 0.20490463802317926,
            "prevdiff_hdi": [
                -0.3165248470603046,
                0.7265634478988441
            ],
            "prevdiff_prob": 0.7504,
            "powdiff_exp": 0.21902800511229717,
            "powdiff_hdi": [
                -0.28825511090028877,
                0.6914733754110773
            ],
            "powdiff_prob": 0.7832
        },
        "pval_group": 0.0126953125,
        "frac_H1_rej": 0.9375
    },
    "baseline": {
        "frac_H1_rej": 0.46153846153846156
    }
}