{
    "increase_prev": {
        "pcurve": {
            "prevdiff_exp": 0.16937935986553085,
            "prevdiff_hdi": [
                -0.10144409196514459,
                0.44795136174494155
            ],
            "prevdiff_prob": 0.8876,
            "powdiff_exp": 0.07514648649912567,
            "powdiff_hdi": [
                -0.1768660201258213,
                0.32335445600568485
            ],
            "powdiff_prob": 0.716
        },
        "binom": {
            "prevdiff_exp": 0.08221482191568735,
            "prevdiff_hdi": [
                -0.34239176945248007,
                0.5221122491372698
            ],
            "prevdiff_prob": 0.6388,
            "powdiff_exp": 0.0783110751534042,
            "powdiff_hdi": [
                -0.32511679654187886,
                0.4883929032599366
            ],
            "powdiff_prob": 0.6344
        },
        "pval_group": 0.095703125,
        "frac_H1_rej": 0.6206896551724138
    },
    "increase_pow": {
        "pcurve": {
            "prevdiff_exp": -0.2779096734049602,
            "prevdiff_hdi": [
                -0.5915798744124132,
                0.05925631229749828
            ],
            "prevdiff_prob": 0.0536,
            "powdiff_exp": 0.27902778102518744,
            "powdiff_hdi": [
                -0.02085107957560095,
                0.5405748228841905
            ],
            "powdiff_prob": 0.9656
        },
        "binom": {
            "prevdiff_exp": -0.041341749222559766,
            "prevdiff_hdi": [
                -0.5647413772415522,
                0.4561787873567843
            ],
            "prevdiff_prob": 0.4446,
            "powdiff_exp": -0.051450252428721116,
            "powdiff_hdi": [
                -0.5250132433872526,
                0.4298789160850238
            ],
            "powdiff_prob": 0.421
        },
        "pval_group": 0.9228515625,
        "frac_H1_rej": 0.9230769230769231
    },
    "baseline": {
        "frac_H1_rej": 0.631578947368421
    }
}