{
    "increase_prev": {
        "pcurve": {
            "prevdiff_exp": 0.15619353786074855,
            "prevdiff_hdi": [
                -0.22912636848067403,
                0.5421586449817786
            ],
            "prevdiff_prob": 0.7872,
            "powdiff_exp": 0.0563830068961852,
            "powdiff_hdi": [
                -0.24804175849383614,
                0.3426055097007241
            ],
            "powdiff_prob": 0.6436
        },
        "binom": {
            "prevdiff_exp": 0.0823756824917832,
            "prevdiff_hdi": [
                -0.551672919939673,
                0.6629496040432425
            ],
            "prevdiff_prob": 0.6132,
            "powdiff_exp": 0.08810240274190169,
            "powdiff_hdi": [
                -0.5108181897673101,
                0.6373444349495678
            ],
            "powdiff_prob": 0.6238
        },
        "pval_group": 0.001953125,
        "frac_H1_rej": 0.35714285714285715
    },
    "increase_pow": {
        "pcurve": {
            "prevdiff_exp": -0.12627508648026664,
            "prevdiff_hdi": [
                -0.49056902411494635,
                0.23968352702751888
            ],
            "prevdiff_prob": 0.2638,
            "powdiff_exp": 0.38662808628671236,
            "powdiff_hdi": [
                0.09985272605081752,
                0.6762139498949867
            ],
            "powdiff_prob": 0.9874
        },
        "binom": {
            "prevdiff_exp": 0.18062253881218956,
            "prevdiff_hdi": [
                -0.3789316948430904,
                0.7234811371995367
            ],
            "prevdiff_prob": 0.722,
            "powdiff_exp": 0.1801105926348034,
            "powdiff_hdi": [
                -0.411696681371733,
                0.6611925403527096
            ],
            "powdiff_prob": 0.7364
        },
        "pval_group": 0.04296875,
        "frac_H1_rej": 1.0
    },
    "baseline": {
        "frac_H1_rej": 0.38461538461538464
    }
}