{
    "increase_prev": {
        "pcurve": {
            "prevdiff_exp": 0.32210567654098443,
            "prevdiff_hdi": [
                -0.20354231094157893,
                0.798689565584402
            ],
            "prevdiff_prob": 0.8548,
            "powdiff_exp": 0.12782380433809462,
            "powdiff_hdi": [
                -0.23367426859486734,
                0.43692852319798653
            ],
            "powdiff_prob": 0.809
        },
        "binom": {
            "prevdiff_exp": 0.24097287371020526,
            "prevdiff_hdi": [
                -0.41716178060129705,
                0.8418346277182667
            ],
            "prevdiff_prob": 0.7812,
            "powdiff_exp": 0.20371610974414417,
            "powdiff_hdi": [
                -0.40656218537683375,
                0.7823195103131289
            ],
            "powdiff_prob": 0.7606
        },
        "pval_group": 0.001953125,
        "frac_H1_rej": 0.3793103448275862
    },
    "increase_pow": {
        "pcurve": {
            "prevdiff_exp": -0.023368569662880083,
            "prevdiff_hdi": [
                -0.5405484695606275,
                0.47617530828962057
            ],
            "prevdiff_prob": 0.4818,
            "powdiff_exp": 0.4254825502814582,
            "powdiff_hdi": [
                0.02595514143423333,
                0.7456566893729807
            ],
            "powdiff_prob": 0.9666
        },
        "binom": {
            "prevdiff_exp": 0.26512180466022717,
            "prevdiff_hdi": [
                -0.3541130910737406,
                0.8587765663240259
            ],
            "prevdiff_prob": 0.7864,
            "powdiff_exp": 0.23064637576061672,
            "powdiff_hdi": [
                -0.36055373579773875,
                0.80859936979514
            ],
            "powdiff_prob": 0.7714
        },
        "pval_group": 0.1435546875,
        "frac_H1_rej": 1.0
    },
    "baseline": {
        "frac_H1_rej": 0.2727272727272727
    }
}