{
    "increase_prev": {
        "pcurve": {
            "prevdiff_exp": 0.3409569945240184,
            "prevdiff_hdi": [
                -0.06195469131255027,
                0.7249374817496184
            ],
            "prevdiff_prob": 0.9418,
            "powdiff_exp": 0.13028437209297805,
            "powdiff_hdi": [
                -0.17379779269119267,
                0.4191230385818476
            ],
            "powdiff_prob": 0.809
        },
        "binom": {
            "prevdiff_exp": 0.3064635538827869,
            "prevdiff_hdi": [
                -0.2926156947245093,
                0.88378821185497
            ],
            "prevdiff_prob": 0.8314,
            "powdiff_exp": 0.28209662818933784,
            "powdiff_hdi": [
                -0.31577931243627455,
                0.8185412216143229
            ],
            "powdiff_prob": 0.8182
        },
        "pval_group": 0.0068359375,
        "frac_H1_rej": 0.4666666666666667
    },
    "increase_pow": {
        "pcurve": {
            "prevdiff_exp": -0.03407896004953447,
            "prevdiff_hdi": [
                -0.4874117323836909,
                0.380279183090647
            ],
            "prevdiff_prob": 0.4416,
            "powdiff_exp": 0.3866439771861793,
            "powdiff_hdi": [
                0.04460436976186177,
                0.7036147821724443
            ],
            "powdiff_prob": 0.9758
        },
        "binom": {
            "prevdiff_exp": 0.3064635538827869,
            "prevdiff_hdi": [
                -0.2926156947245093,
                0.88378821185497
            ],
            "prevdiff_prob": 0.8314,
            "powdiff_exp": 0.28209662818933784,
            "powdiff_hdi": [
                -0.31577931243627455,
                0.8185412216143229
            ],
            "powdiff_prob": 0.8182
        },
        "pval_group": 0.396484375,
        "frac_H1_rej": 0.9285714285714286
    },
    "baseline": {
        "frac_H1_rej": 0.23529411764705882
    }
}