{
    "increase_prev": {
        "pcurve": {
            "prevdiff_exp": 0.2603237789674874,
            "prevdiff_hdi": [
                -0.1049045225780193,
                0.6891104278348857
            ],
            "prevdiff_prob": 0.8884,
            "powdiff_exp": 0.21553680499749042,
            "powdiff_hdi": [
                -0.06942648870037721,
                0.4762278052529535
            ],
            "powdiff_prob": 0.9292
        },
        "binom": {
            "prevdiff_exp": 0.25769909171974875,
            "prevdiff_hdi": [
                -0.37303199111269214,
                0.8166293287071859
            ],
            "prevdiff_prob": 0.7928,
            "powdiff_exp": 0.2453786490238711,
            "powdiff_hdi": [
                -0.34456291192190425,
                0.771228693050741
            ],
            "powdiff_prob": 0.7932
        },
        "pval_group": 0.0029296875,
        "frac_H1_rej": 0.4666666666666667
    },
    "increase_pow": {
        "pcurve": {
            "prevdiff_exp": -0.08296927064190589,
            "prevdiff_hdi": [
                -0.5181654068466961,
                0.3811070867236498
            ],
            "prevdiff_prob": 0.3592,
            "powdiff_exp": 0.29599368994340014,
            "powdiff_hdi": [
                -0.05107917139422136,
                0.6149914773291142
            ],
            "powdiff_prob": 0.9464
        },
        "binom": {
            "prevdiff_exp": 0.21635734249718902,
            "prevdiff_hdi": [
                -0.41850166710642706,
                0.7937426377387214
            ],
            "prevdiff_prob": 0.7456,
            "powdiff_exp": 0.19392839659515002,
            "powdiff_hdi": [
                -0.41134146749219225,
                0.7751400561832572
            ],
            "powdiff_prob": 0.741
        },
        "pval_group": 0.8525390625,
        "frac_H1_rej": 1.0
    },
    "baseline": {
        "frac_H1_rej": 0.45454545454545453
    }
}