{
    "increase_prev": {
        "pcurve": {
            "prevdiff_exp": 0.29392704504166484,
            "prevdiff_hdi": [
                -0.15840853822417345,
                0.7268839460481196
            ],
            "prevdiff_prob": 0.873,
            "powdiff_exp": 0.24270881811259723,
            "powdiff_hdi": [
                -0.10638897490348642,
                0.5462095795119574
            ],
            "powdiff_prob": 0.9098
        },
        "binom": {
            "prevdiff_exp": 0.20490463802317926,
            "prevdiff_hdi": [
                -0.3165248470603046,
                0.7265634478988441
            ],
            "prevdiff_prob": 0.7504,
            "powdiff_exp": 0.21902800511229717,
            "powdiff_hdi": [
                -0.28825511090028877,
                0.6914733754110773
            ],
            "powdiff_prob": 0.7832
        },
        "pval_group": 0.001953125,
        "frac_H1_rej": 0.5666666666666667
    },
    "increase_pow": {
        "pcurve": {
            "prevdiff_exp": -0.13823271350134603,
            "prevdiff_hdi": [
                -0.6407254799091062,
                0.31506767897971505
            ],
            "prevdiff_prob": 0.3122,
            "powdiff_exp": 0.3487579627040844,
            "powdiff_hdi": [
                -0.0565972056756055,
                0.7304561355304664
            ],
            "powdiff_prob": 0.9372
        },
        "binom": {
            "prevdiff_exp": 0.05140980079247987,
            "prevdiff_hdi": [
                -0.588132083993707,
                0.6287080382787518
            ],
            "prevdiff_prob": 0.5716,
            "powdiff_exp": 0.05888967675518645,
            "powdiff_hdi": [
                -0.5132947018203338,
                0.6198919754732876
            ],
            "powdiff_prob": 0.587
        },
        "pval_group": 0.9951171875,
        "frac_H1_rej": 0.8181818181818182
    },
    "baseline": {
        "frac_H1_rej": 0.6666666666666666
    }
}