{
    "increase_prev": {
        "pcurve": {
            "prevdiff_exp": 0.2511094300623709,
            "prevdiff_hdi": [
                -0.1328850023170317,
                0.6416384432054743
            ],
            "prevdiff_prob": 0.8826,
            "powdiff_exp": 0.04220778785308645,
            "powdiff_hdi": [
                -0.3049154501214212,
                0.3363902333386854
            ],
            "powdiff_prob": 0.612
        },
        "binom": {
            "prevdiff_exp": 0.10282434248343943,
            "prevdiff_hdi": [
                -0.46391285844393804,
                0.640850572071314
            ],
            "prevdiff_prob": 0.6488,
            "powdiff_exp": 0.0930043664675662,
            "powdiff_hdi": [
                -0.43314687785795697,
                0.619064719114842
            ],
            "powdiff_prob": 0.6322
        },
        "pval_group": 0.1943359375,
        "frac_H1_rej": 0.4642857142857143
    },
    "increase_pow": {
        "pcurve": {
            "prevdiff_exp": -0.08488069786706952,
            "prevdiff_hdi": [
                -0.4619168233647681,
                0.2846709256616907
            ],
            "prevdiff_prob": 0.3388,
            "powdiff_exp": 0.3804926986867282,
            "powdiff_hdi": [
                0.04879216132146902,
                0.6710646277470322
            ],
            "powdiff_prob": 0.9856
        },
        "binom": {
            "prevdiff_exp": 0.12513288076354456,
            "prevdiff_hdi": [
                -0.42172648575651617,
                0.6718849915044207
            ],
            "prevdiff_prob": 0.665,
            "powdiff_exp": 0.11729543428794409,
            "powdiff_hdi": [
                -0.413050403286488,
                0.620603806694966
            ],
            "powdiff_prob": 0.6636
        },
        "pval_group": 0.6171875,
        "frac_H1_rej": 1.0
    },
    "baseline": {
        "frac_H1_rej": 0.5625
    }
}