{
    "increase_prev": {
        "pcurve": {
            "prevdiff_exp": 0.162443956737432,
            "prevdiff_hdi": [
                -0.21255576983062197,
                0.5877209257615695
            ],
            "prevdiff_prob": 0.7892,
            "powdiff_exp": 0.07121488316784208,
            "powdiff_hdi": [
                -0.23023055898770184,
                0.3593494960783395
            ],
            "powdiff_prob": 0.6952
        },
        "binom": {
            "prevdiff_exp": 0.12734811883278113,
            "prevdiff_hdi": [
                -0.44697379344167426,
                0.6973820359212584
            ],
            "prevdiff_prob": 0.6726,
            "powdiff_exp": 0.12660679882771023,
            "powdiff_hdi": [
                -0.4375004499379109,
                0.6411227405304529
            ],
            "powdiff_prob": 0.6734
        },
        "pval_group": 0.0341796875,
        "frac_H1_rej": 0.4482758620689655
    },
    "increase_pow": {
        "pcurve": {
            "prevdiff_exp": -0.26249312712482303,
            "prevdiff_hdi": [
                -0.6152752396428691,
                0.1355522391266376
            ],
            "prevdiff_prob": 0.102,
            "powdiff_exp": 0.4124586766405155,
            "powdiff_hdi": [
                0.10463186372693656,
                0.695264063018433
            ],
            "powdiff_prob": 0.9902
        },
        "binom": {
            "prevdiff_exp": 0.10831490789032648,
            "prevdiff_hdi": [
                -0.5019099045829167,
                0.6588128193176792
            ],
            "prevdiff_prob": 0.6384,
            "powdiff_exp": 0.09944761421936701,
            "powdiff_hdi": [
                -0.46053350532630905,
                0.6248992146799097
            ],
            "powdiff_prob": 0.6358
        },
        "pval_group": 0.666015625,
        "frac_H1_rej": 1.0
    },
    "baseline": {
        "frac_H1_rej": 0.4666666666666667
    }
}