{
    "increase_prev": {
        "pcurve": {
            "prevdiff_exp": 0.41109365819794186,
            "prevdiff_hdi": [
                -0.0078117290205221845,
                0.806310969439624
            ],
            "prevdiff_prob": 0.9668,
            "powdiff_exp": 0.07614402501303864,
            "powdiff_hdi": [
                -0.25958861618259843,
                0.37887399607629635
            ],
            "powdiff_prob": 0.7098
        },
        "binom": {
            "prevdiff_exp": 0.18134724031780283,
            "prevdiff_hdi": [
                -0.41085524822389996,
                0.7829015215454744
            ],
            "prevdiff_prob": 0.7148,
            "powdiff_exp": 0.15285154063153705,
            "powdiff_hdi": [
                -0.44046063338073094,
                0.694930345960663
            ],
            "powdiff_prob": 0.7082
        },
        "pval_group": 0.0009765625,
        "frac_H1_rej": 0.4
    },
    "increase_pow": {
        "pcurve": {
            "prevdiff_exp": 0.013936992755967626,
            "prevdiff_hdi": [
                -0.43412493873617136,
                0.45073223594287715
            ],
            "prevdiff_prob": 0.5372,
            "powdiff_exp": 0.46860350811309925,
            "powdiff_hdi": [
                0.13241786072106942,
                0.7851975582983461
            ],
            "powdiff_prob": 0.989
        },
        "binom": {
            "prevdiff_exp": 0.2226889895403626,
            "prevdiff_hdi": [
                -0.3605755328540975,
                0.7810150693148055
            ],
            "prevdiff_prob": 0.7698,
            "powdiff_exp": 0.20430179306025814,
            "powdiff_hdi": [
                -0.3659388742499372,
                0.7235969266582232
            ],
            "powdiff_prob": 0.7584
        },
        "pval_group": 0.0078125,
        "frac_H1_rej": 1.0
    },
    "baseline": {
        "frac_H1_rej": 0.5
    }
}