{
    "increase_prev": {
        "pcurve": {
            "prevdiff_exp": 0.39764440947266994,
            "prevdiff_hdi": [
                -0.08038629800551067,
                0.8438961630727632
            ],
            "prevdiff_prob": 0.9262,
            "powdiff_exp": 0.267894482703592,
            "powdiff_hdi": [
                -0.13655126012067242,
                0.5741568928122918
            ],
            "powdiff_prob": 0.9082
        },
        "binom": {
            "prevdiff_exp": 0.2003804512602575,
            "prevdiff_hdi": [
                -0.42096537519291255,
                0.751552573457396
            ],
            "prevdiff_prob": 0.7442,
            "powdiff_exp": 0.18001072523988026,
            "powdiff_hdi": [
                -0.3936470525743901,
                0.6977605694974172
            ],
            "powdiff_prob": 0.7366
        },
        "pval_group": 0.001953125,
        "frac_H1_rej": 0.4482758620689655
    },
    "increase_pow": {
        "pcurve": {
            "prevdiff_exp": 0.0075081550442117435,
            "prevdiff_hdi": [
                -0.5242581501535485,
                0.5275919670754133
            ],
            "prevdiff_prob": 0.5222,
            "powdiff_exp": 0.33238663834838733,
            "powdiff_hdi": [
                -0.12034709503848218,
                0.7317833689147906
            ],
            "powdiff_prob": 0.9212
        },
        "binom": {
            "prevdiff_exp": 0.1571983093677809,
            "prevdiff_hdi": [
                -0.4867250936871952,
                0.7270621900660879
            ],
            "prevdiff_prob": 0.6946,
            "powdiff_exp": 0.12592127461506447,
            "powdiff_hdi": [
                -0.479039484569405,
                0.6889912720634819
            ],
            "powdiff_prob": 0.678
        },
        "pval_group": 0.1787109375,
        "frac_H1_rej": 1.0
    },
    "baseline": {
        "frac_H1_rej": 0.5555555555555556
    }
}