{
    "increase_prev": {
        "pcurve": {
            "prevdiff_exp": 0.2701559738150377,
            "prevdiff_hdi": [
                -0.12081328333176,
                0.7386314435788329
            ],
            "prevdiff_prob": 0.867,
            "powdiff_exp": 0.21545818105085046,
            "powdiff_hdi": [
                -0.09307069891466946,
                0.4733546708061155
            ],
            "powdiff_prob": 0.9178
        },
        "binom": {
            "prevdiff_exp": 0.24069729589869504,
            "prevdiff_hdi": [
                -0.3410728119937153,
                0.7668833485590058
            ],
            "prevdiff_prob": 0.7808,
            "powdiff_exp": 0.22708188773205903,
            "powdiff_hdi": [
                -0.3226554230284957,
                0.7416846982553135
            ],
            "powdiff_prob": 0.779
        },
        "pval_group": 0.0009765625,
        "frac_H1_rej": 0.5172413793103449
    },
    "increase_pow": {
        "pcurve": {
            "prevdiff_exp": -0.299575666599362,
            "prevdiff_hdi": [
                -0.7634647390305883,
                0.1664998506861582
            ],
            "prevdiff_prob": 0.124,
            "powdiff_exp": 0.4550723175422232,
            "powdiff_hdi": [
                0.0865934211074888,
                0.7922617104847959
            ],
            "powdiff_prob": 0.9748
        },
        "binom": {
            "prevdiff_exp": 0.09755610877681803,
            "prevdiff_hdi": [
                -0.5251801550218109,
                0.7635827897139151
            ],
            "prevdiff_prob": 0.6222,
            "powdiff_exp": 0.08700635877231405,
            "powdiff_hdi": [
                -0.5204209004219931,
                0.7062424616109438
            ],
            "powdiff_prob": 0.6196
        },
        "pval_group": 0.7392578125,
        "frac_H1_rej": 0.8888888888888888
    },
    "baseline": {
        "frac_H1_rej": 0.4444444444444444
    }
}