{
    "increase_prev": {
        "pcurve": {
            "prevdiff_exp": 0.3685760881645926,
            "prevdiff_hdi": [
                -0.061315207687284046,
                0.7924290265699415
            ],
            "prevdiff_prob": 0.9414,
            "powdiff_exp": 0.19218427843721897,
            "powdiff_hdi": [
                -0.1301861315502984,
                0.5012888386063419
            ],
            "powdiff_prob": 0.8766
        },
        "binom": {
            "prevdiff_exp": 0.2757073980780812,
            "prevdiff_hdi": [
                -0.3467688247133779,
                0.8035521512511697
            ],
            "prevdiff_prob": 0.8018,
            "powdiff_exp": 0.268158743695672,
            "powdiff_hdi": [
                -0.30109507152523607,
                0.807761469069551
            ],
            "powdiff_prob": 0.8074
        },
        "pval_group": 0.0009765625,
        "frac_H1_rej": 0.5172413793103449
    },
    "increase_pow": {
        "pcurve": {
            "prevdiff_exp": -0.08706394054426028,
            "prevdiff_hdi": [
                -0.5331741337089974,
                0.3762187129643486
            ],
            "prevdiff_prob": 0.3804,
            "powdiff_exp": 0.43998244300000916,
            "powdiff_hdi": [
                0.08955537963503335,
                0.7581187759478495
            ],
            "powdiff_prob": 0.9818
        },
        "binom": {
            "prevdiff_exp": 0.23539055343964366,
            "prevdiff_hdi": [
                -0.3895634657335083,
                0.8322231647154883
            ],
            "prevdiff_prob": 0.7636,
            "powdiff_exp": 0.2210875812034932,
            "powdiff_hdi": [
                -0.39070904803429296,
                0.7636319710329034
            ],
            "powdiff_prob": 0.7692
        },
        "pval_group": 0.03125,
        "frac_H1_rej": 1.0
    },
    "baseline": {
        "frac_H1_rej": 0.26666666666666666
    }
}