{
    "increase_prev": {
        "pcurve": {
            "prevdiff_exp": 0.2151803097788495,
            "prevdiff_hdi": [
                -0.07458690310047045,
                0.5238951853613909
            ],
            "prevdiff_prob": 0.9182,
            "powdiff_exp": 0.035829941811041155,
            "powdiff_hdi": [
                -0.22993489960943314,
                0.30614306438570293
            ],
            "powdiff_prob": 0.6092
        },
        "binom": {
            "prevdiff_exp": 0.08045370589162601,
            "prevdiff_hdi": [
                -0.41217942339153124,
                0.547617036587722
            ],
            "prevdiff_prob": 0.6226,
            "powdiff_exp": 0.09247789954861443,
            "powdiff_hdi": [
                -0.3709835238308997,
                0.5410923981377389
            ],
            "powdiff_prob": 0.6404
        },
        "pval_group": 0.0048828125,
        "frac_H1_rej": 0.5333333333333333
    },
    "increase_pow": {
        "pcurve": {
            "prevdiff_exp": -0.2261781577245586,
            "prevdiff_hdi": [
                -0.6080133518880493,
                0.16110072342715487
            ],
            "prevdiff_prob": 0.128,
            "powdiff_exp": 0.11619726605419946,
            "powdiff_hdi": [
                -0.26265967590250316,
                0.47278612862411545
            ],
            "powdiff_prob": 0.7346
        },
        "binom": {
            "prevdiff_exp": -0.0837911315409848,
            "prevdiff_hdi": [
                -0.674501780275422,
                0.4678493899759329
            ],
            "prevdiff_prob": 0.3886,
            "powdiff_exp": -0.06584518185922297,
            "powdiff_hdi": [
                -0.599270978656073,
                0.49862899932598376
            ],
            "powdiff_prob": 0.4108
        },
        "pval_group": 0.77734375,
        "frac_H1_rej": 0.9
    },
    "baseline": {
        "frac_H1_rej": 0.5333333333333333
    }
}