{
    "increase_prev": {
        "pcurve": {
            "prevdiff_exp": 0.22136121641464773,
            "prevdiff_hdi": [
                -0.1360126785198913,
                0.6180858994089795
            ],
            "prevdiff_prob": 0.8626,
            "powdiff_exp": 0.12052289059839459,
            "powdiff_hdi": [
                -0.15976655791033745,
                0.3629708750734834
            ],
            "powdiff_prob": 0.8264
        },
        "binom": {
            "prevdiff_exp": 0.12513288076354456,
            "prevdiff_hdi": [
                -0.42172648575651617,
                0.6718849915044207
            ],
            "prevdiff_prob": 0.665,
            "powdiff_exp": 0.11729543428794409,
            "powdiff_hdi": [
                -0.413050403286488,
                0.620603806694966
            ],
            "powdiff_prob": 0.6636
        },
        "pval_group": 0.0185546875,
        "frac_H1_rej": 0.4827586206896552
    },
    "increase_pow": {
        "pcurve": {
            "prevdiff_exp": -0.13282127767651059,
            "prevdiff_hdi": [
                -0.5186767566059833,
                0.2909761837525687
            ],
            "prevdiff_prob": 0.2636,
            "powdiff_exp": 0.4451536000486686,
            "powdiff_hdi": [
                0.15039291979814484,
                0.7073183948109432
            ],
            "powdiff_prob": 0.994
        },
        "binom": {
            "prevdiff_exp": 0.143141187121877,
            "prevdiff_hdi": [
                -0.38740471006485294,
                0.6710863002707265
            ],
            "prevdiff_prob": 0.6864,
            "powdiff_exp": 0.14007552895974498,
            "powdiff_hdi": [
                -0.39332672104633926,
                0.6305774621765518
            ],
            "powdiff_prob": 0.6988
        },
        "pval_group": 0.7119140625,
        "frac_H1_rej": 1.0
    },
    "baseline": {
        "frac_H1_rej": 0.5
    }
}