{
    "increase_prev": {
        "pcurve": {
            "prevdiff_exp": 0.35333615415720643,
            "prevdiff_hdi": [
                -0.140749558452262,
                0.8389316775484803
            ],
            "prevdiff_prob": 0.891,
            "powdiff_exp": 0.1594539880697333,
            "powdiff_hdi": [
                -0.2674021566713296,
                0.5275815615228081
            ],
            "powdiff_prob": 0.8178
        },
        "binom": {
            "prevdiff_exp": 0.21635734249718902,
            "prevdiff_hdi": [
                -0.41850166710642706,
                0.7937426377387214
            ],
            "prevdiff_prob": 0.7456,
            "powdiff_exp": 0.19392839659515002,
            "powdiff_hdi": [
                -0.41134146749219225,
                0.7751400561832572
            ],
            "powdiff_prob": 0.741
        },
        "pval_group": 0.0009765625,
        "frac_H1_rej": 0.4
    },
    "increase_pow": {
        "pcurve": {
            "prevdiff_exp": 0.08036181389225022,
            "prevdiff_hdi": [
                -0.41478835140727544,
                0.5458696659760152
            ],
            "prevdiff_prob": 0.6162,
            "powdiff_exp": 0.4852470630649509,
            "powdiff_hdi": [
                0.06201978725594981,
                0.8046538303067774
            ],
            "powdiff_prob": 0.9702
        },
        "binom": {
            "prevdiff_exp": 0.296811048388815,
            "prevdiff_hdi": [
                -0.30393763894889625,
                0.8116745479373222
            ],
            "prevdiff_prob": 0.8226,
            "powdiff_exp": 0.28640629614376445,
            "powdiff_hdi": [
                -0.3029142041077365,
                0.7849565289772671
            ],
            "powdiff_prob": 0.8232
        },
        "pval_group": 0.2470703125,
        "frac_H1_rej": 1.0
    },
    "baseline": {
        "frac_H1_rej": 0.5555555555555556
    }
}