{
    "increase_prev": {
        "pcurve": {
            "prevdiff_exp": 0.29602570567019104,
            "prevdiff_hdi": [
                -0.10035605206441012,
                0.6934163228715465
            ],
            "prevdiff_prob": 0.9138,
            "powdiff_exp": 0.15071609102130545,
            "powdiff_hdi": [
                -0.1450442685060262,
                0.4279921577508028
            ],
            "powdiff_prob": 0.8412
        },
        "binom": {
            "prevdiff_exp": 0.1676649634712187,
            "prevdiff_hdi": [
                -0.40451892741105544,
                0.6857561374020695
            ],
            "prevdiff_prob": 0.7238,
            "powdiff_exp": 0.17367796131988902,
            "powdiff_hdi": [
                -0.33026957917358235,
                0.6876691878359391
            ],
            "powdiff_prob": 0.7338
        },
        "pval_group": 0.00390625,
        "frac_H1_rej": 0.5172413793103449
    },
    "increase_pow": {
        "pcurve": {
            "prevdiff_exp": 0.18402633736776872,
            "prevdiff_hdi": [
                -0.22471123557145234,
                0.5772890202762115
            ],
            "prevdiff_prob": 0.7974,
            "powdiff_exp": 0.41888709277438685,
            "powdiff_hdi": [
                0.11629110529303743,
                0.6828986676132649
            ],
            "powdiff_prob": 0.9942
        },
        "binom": {
            "prevdiff_exp": 0.24706769427170056,
            "prevdiff_hdi": [
                -0.2991861129061152,
                0.7098427537271411
            ],
            "prevdiff_prob": 0.8086,
            "powdiff_exp": 0.2565071280610982,
            "powdiff_hdi": [
                -0.22678777860237476,
                0.7168804897103892
            ],
            "powdiff_prob": 0.8258
        },
        "pval_group": 0.00390625,
        "frac_H1_rej": 0.95
    },
    "baseline": {
        "frac_H1_rej": 0.38461538461538464
    }
}