{
    "increase_prev": {
        "pcurve": {
            "prevdiff_exp": 0.08388825926260333,
            "prevdiff_hdi": [
                -0.2183955007670627,
                0.4304672564285268
            ],
            "prevdiff_prob": 0.707,
            "powdiff_exp": 0.09584938530132965,
            "powdiff_hdi": [
                -0.12789013667054056,
                0.3179326755242124
            ],
            "powdiff_prob": 0.8086
        },
        "binom": {
            "prevdiff_exp": 0.2226889895403626,
            "prevdiff_hdi": [
                -0.3605755328540975,
                0.7810150693148055
            ],
            "prevdiff_prob": 0.7698,
            "powdiff_exp": 0.20430179306025814,
            "powdiff_hdi": [
                -0.3659388742499372,
                0.7235969266582232
            ],
            "powdiff_prob": 0.7584
        },
        "pval_group": 0.2138671875,
        "frac_H1_rej": 0.5
    },
    "increase_pow": {
        "pcurve": {
            "prevdiff_exp": -0.3343692234973147,
            "prevdiff_hdi": [
                -0.6661354325736262,
                0.036919859690444534
            ],
            "prevdiff_prob": 0.0466,
            "powdiff_exp": 0.2847725752633001,
            "powdiff_hdi": [
                -0.020265853012331803,
                0.5959062969185678
            ],
            "powdiff_prob": 0.9548
        },
        "binom": {
            "prevdiff_exp": 0.12444213321995623,
            "prevdiff_hdi": [
                -0.4981916736341053,
                0.7353036702573679
            ],
            "prevdiff_prob": 0.6566,
            "powdiff_exp": 0.11229360316735647,
            "powdiff_hdi": [
                -0.47725614413824463,
                0.6833486727929745
            ],
            "powdiff_prob": 0.6448
        },
        "pval_group": 0.994140625,
        "frac_H1_rej": 1.0
    },
    "baseline": {
        "frac_H1_rej": 0.35294117647058826
    }
}