{
    "increase_prev": {
        "pcurve": {
            "prevdiff_exp": 0.29864003652912674,
            "prevdiff_hdi": [
                -0.08524845301426087,
                0.6602102203010481
            ],
            "prevdiff_prob": 0.9278,
            "powdiff_exp": -0.020894432043947968,
            "powdiff_hdi": [
                -0.3374387140442309,
                0.30500904944581514
            ],
            "powdiff_prob": 0.4474
        },
        "binom": {
            "prevdiff_exp": 0.12734811883278113,
            "prevdiff_hdi": [
                -0.44697379344167426,
                0.6973820359212584
            ],
            "prevdiff_prob": 0.6726,
            "powdiff_exp": 0.12660679882771023,
            "powdiff_hdi": [
                -0.4375004499379109,
                0.6411227405304529
            ],
            "powdiff_prob": 0.6734
        },
        "pval_group": 0.0224609375,
        "frac_H1_rej": 0.43333333333333335
    },
    "increase_pow": {
        "pcurve": {
            "prevdiff_exp": -0.05413173408025102,
            "prevdiff_hdi": [
                -0.40630472387186795,
                0.3044275922636253
            ],
            "prevdiff_prob": 0.3896,
            "powdiff_exp": 0.2973992748977739,
            "powdiff_hdi": [
                -0.054972252807984345,
                0.6112200751698698
            ],
            "powdiff_prob": 0.9526
        },
        "binom": {
            "prevdiff_exp": 0.12734811883278113,
            "prevdiff_hdi": [
                -0.44697379344167426,
                0.6973820359212584
            ],
            "prevdiff_prob": 0.6726,
            "powdiff_exp": 0.12660679882771023,
            "powdiff_hdi": [
                -0.4375004499379109,
                0.6411227405304529
            ],
            "powdiff_prob": 0.6734
        },
        "pval_group": 0.451171875,
        "frac_H1_rej": 0.9230769230769231
    },
    "baseline": {
        "frac_H1_rej": 0.4666666666666667
    }
}