{
    "increase_prev": {
        "pcurve": {
            "prevdiff_exp": 0.3343251631070725,
            "prevdiff_hdi": [
                -0.09587127398227646,
                0.7330930789692096
            ],
            "prevdiff_prob": 0.9232,
            "powdiff_exp": 0.1328981900080795,
            "powdiff_hdi": [
                -0.2101517783579564,
                0.4496522909899824
            ],
            "powdiff_prob": 0.7856
        },
        "binom": {
            "prevdiff_exp": 0.2226889895403626,
            "prevdiff_hdi": [
                -0.3605755328540975,
                0.7810150693148055
            ],
            "prevdiff_prob": 0.7698,
            "powdiff_exp": 0.20430179306025814,
            "powdiff_hdi": [
                -0.3659388742499372,
                0.7235969266582232
            ],
            "powdiff_prob": 0.7584
        },
        "pval_group": 0.0185546875,
        "frac_H1_rej": 0.48148148148148145
    },
    "increase_pow": {
        "pcurve": {
            "prevdiff_exp": 0.05489282277273015,
            "prevdiff_hdi": [
                -0.4095869225544958,
                0.494337246722407
            ],
            "prevdiff_prob": 0.6046,
            "powdiff_exp": 0.31633750544375216,
            "powdiff_hdi": [
                -0.049765478142695385,
                0.6736284944640585
            ],
            "powdiff_prob": 0.9416
        },
        "binom": {
            "prevdiff_exp": 0.2003804512602575,
            "prevdiff_hdi": [
                -0.42096537519291255,
                0.751552573457396
            ],
            "prevdiff_prob": 0.7442,
            "powdiff_exp": 0.18001072523988026,
            "powdiff_hdi": [
                -0.3936470525743901,
                0.6977605694974172
            ],
            "powdiff_prob": 0.7366
        },
        "pval_group": 0.25390625,
        "frac_H1_rej": 0.9230769230769231
    },
    "baseline": {
        "frac_H1_rej": 0.5
    }
}