{
    "increase_prev": {
        "pcurve": {
            "prevdiff_exp": 0.5397802378150007,
            "prevdiff_hdi": [
                0.199244082952987,
                0.8332917361424077
            ],
            "prevdiff_prob": 0.9944,
            "powdiff_exp": 0.036627874903024535,
            "powdiff_hdi": [
                -0.31121859238154376,
                0.4077234025936252
            ],
            "powdiff_prob": 0.565
        },
        "binom": {
            "prevdiff_exp": 0.26283736072787695,
            "prevdiff_hdi": [
                -0.2882583031759345,
                0.7353424429797546
            ],
            "prevdiff_prob": 0.8166,
            "powdiff_exp": 0.2584216677882076,
            "powdiff_hdi": [
                -0.22983240770080904,
                0.7310518251192848
            ],
            "powdiff_prob": 0.8218
        },
        "pval_group": 0.001953125,
        "frac_H1_rej": 0.6
    },
    "increase_pow": {
        "pcurve": {
            "prevdiff_exp": 0.37923528031822945,
            "prevdiff_hdi": [
                -0.008934646275046365,
                0.7261253119746599
            ],
            "prevdiff_prob": 0.9652,
            "powdiff_exp": 0.13245563857127332,
            "powdiff_hdi": [
                -0.2647105701792859,
                0.5072868634883678
            ],
            "powdiff_prob": 0.7422
        },
        "binom": {
            "prevdiff_exp": 0.2358705197224826,
            "prevdiff_hdi": [
                -0.31139585837079886,
                0.7326651693531159
            ],
            "prevdiff_prob": 0.79,
            "powdiff_exp": 0.24824073109901243,
            "powdiff_hdi": [
                -0.26538307971165576,
                0.7268303801501576
            ],
            "powdiff_prob": 0.812
        },
        "pval_group": 0.041015625,
        "frac_H1_rej": 0.9411764705882353
    },
    "baseline": {
        "frac_H1_rej": 0.5
    }
}