{
    "increase_prev": {
        "pcurve": {
            "prevdiff_exp": 0.2656444026376413,
            "prevdiff_hdi": [
                -0.21845224857863776,
                0.7194719841508657
            ],
            "prevdiff_prob": 0.8436,
            "powdiff_exp": 0.24099027341273477,
            "powdiff_hdi": [
                -0.025994175192701918,
                0.479207080009167
            ],
            "powdiff_prob": 0.956
        },
        "binom": {
            "prevdiff_exp": 0.28415501560268175,
            "prevdiff_hdi": [
                -0.3418700184273562,
                0.8740334268642953
            ],
            "prevdiff_prob": 0.8142,
            "powdiff_exp": 0.25780556036895996,
            "powdiff_hdi": [
                -0.32330480728412214,
                0.836248841650578
            ],
            "powdiff_prob": 0.7996
        },
        "pval_group": 0.0009765625,
        "frac_H1_rej": 0.4482758620689655
    },
    "increase_pow": {
        "pcurve": {
            "prevdiff_exp": -0.008559763789255421,
            "prevdiff_hdi": [
                -0.4664880221476909,
                0.48995334540986135
            ],
            "prevdiff_prob": 0.4706,
            "powdiff_exp": 0.5213017982584742,
            "powdiff_hdi": [
                0.2558517359355177,
                0.7696238207982853
            ],
            "powdiff_prob": 0.997
        },
        "binom": {
            "prevdiff_exp": 0.34557551055185315,
            "prevdiff_hdi": [
                -0.22744640639810565,
                0.8844880387889436
            ],
            "prevdiff_prob": 0.8626,
            "powdiff_exp": 0.32312427530923116,
            "powdiff_hdi": [
                -0.2530796701112116,
                0.8281476473565296
            ],
            "powdiff_prob": 0.8512
        },
        "pval_group": 0.056640625,
        "frac_H1_rej": 1.0
    },
    "baseline": {
        "frac_H1_rej": 0.3333333333333333
    }
}