{
    "increase_prev": {
        "pcurve": {
            "prevdiff_exp": 0.4577406195800817,
            "prevdiff_hdi": [
                0.14252552715744415,
                0.7531468523234632
            ],
            "prevdiff_prob": 0.9944,
            "powdiff_exp": -0.1245216134101599,
            "powdiff_hdi": [
                -0.44113839610331046,
                0.19288743064583408
            ],
            "powdiff_prob": 0.2328
        },
        "binom": {
            "prevdiff_exp": 0.10282434248343943,
            "prevdiff_hdi": [
                -0.46391285844393804,
                0.640850572071314
            ],
            "prevdiff_prob": 0.6488,
            "powdiff_exp": 0.0930043664675662,
            "powdiff_hdi": [
                -0.43314687785795697,
                0.619064719114842
            ],
            "powdiff_prob": 0.6322
        },
        "pval_group": 0.0107421875,
        "frac_H1_rej": 0.43333333333333335
    },
    "increase_pow": {
        "pcurve": {
            "prevdiff_exp": -0.06055587997520818,
            "prevdiff_hdi": [
                -0.3849832725186549,
                0.2659000245855205
            ],
            "prevdiff_prob": 0.3618,
            "powdiff_exp": 0.2121412101629066,
            "powdiff_hdi": [
                -0.14672185269923987,
                0.5544971161662744
            ],
            "powdiff_prob": 0.8788
        },
        "binom": {
            "prevdiff_exp": 0.0268860244431382,
            "prevdiff_hdi": [
                -0.550831554498189,
                0.6035178722204599
            ],
            "prevdiff_prob": 0.5378,
            "powdiff_exp": 0.025287244395042426,
            "powdiff_hdi": [
                -0.5496732157516877,
                0.5806730655455874
            ],
            "powdiff_prob": 0.539
        },
        "pval_group": 0.4287109375,
        "frac_H1_rej": 1.0
    },
    "baseline": {
        "frac_H1_rej": 0.7272727272727273
    }
}