{
    "increase_prev": {
        "pcurve": {
            "prevdiff_exp": 0.08485496517272295,
            "prevdiff_hdi": [
                -0.2623826874903261,
                0.38627041534343165
            ],
            "prevdiff_prob": 0.7034,
            "powdiff_exp": -0.004575514826699565,
            "powdiff_hdi": [
                -0.2710848336359225,
                0.253561732835704
            ],
            "powdiff_prob": 0.4932
        },
        "binom": {
            "prevdiff_exp": 0.09824685632040636,
            "prevdiff_hdi": [
                -0.4504361746328593,
                0.5949655075398061
            ],
            "prevdiff_prob": 0.6356,
            "powdiff_exp": 0.09200818989290167,
            "powdiff_hdi": [
                -0.41606465604034126,
                0.5700181479327263
            ],
            "powdiff_prob": 0.639
        },
        "pval_group": 0.119140625,
        "frac_H1_rej": 0.4827586206896552
    },
    "increase_pow": {
        "pcurve": {
            "prevdiff_exp": -0.11072661494902346,
            "prevdiff_hdi": [
                -0.43691565184289716,
                0.2074898386273824
            ],
            "prevdiff_prob": 0.25,
            "powdiff_exp": 0.31462889503838953,
            "powdiff_hdi": [
                0.04863941003940031,
                0.5852175287999705
            ],
            "powdiff_prob": 0.9828
        },
        "binom": {
            "prevdiff_exp": 0.18046167823609374,
            "prevdiff_hdi": [
                -0.3015282729853014,
                0.6642888178019241
            ],
            "prevdiff_prob": 0.7468,
            "powdiff_exp": 0.17031926504630587,
            "powdiff_hdi": [
                -0.27237608769535215,
                0.6396198885459088
            ],
            "powdiff_prob": 0.7492
        },
        "pval_group": 0.099609375,
        "frac_H1_rej": 1.0
    },
    "baseline": {
        "frac_H1_rej": 0.5333333333333333
    }
}