{
    "increase_prev": {
        "pcurve": {
            "prevdiff_exp": 0.5476163409309021,
            "prevdiff_hdi": [
                0.0487673783245236,
                0.9483627816038726
            ],
            "prevdiff_prob": 0.972,
            "powdiff_exp": 0.2989631335067815,
            "powdiff_hdi": [
                -0.08858956859961903,
                0.6266832544268923
            ],
            "powdiff_prob": 0.9282
        },
        "binom": {
            "prevdiff_exp": 0.4409023682725996,
            "prevdiff_hdi": [
                -0.1736267957089006,
                0.9282483278362443
            ],
            "prevdiff_prob": 0.8936,
            "powdiff_exp": 0.4660507978936114,
            "powdiff_hdi": [
                -0.12243135440969932,
                0.9279991796821965
            ],
            "powdiff_prob": 0.9126
        },
        "pval_group": 0.0009765625,
        "frac_H1_rej": 0.6206896551724138
    },
    "increase_pow": {
        "pcurve": {
            "prevdiff_exp": 0.24379707228736425,
            "prevdiff_hdi": [
                -0.2916094153701533,
                0.6699559253462707
            ],
            "prevdiff_prob": 0.8274,
            "powdiff_exp": 0.5608354153709549,
            "powdiff_hdi": [
                0.17289674036835434,
                0.839617638629263
            ],
            "powdiff_prob": 0.9872
        },
        "binom": {
            "prevdiff_exp": 0.4139355272672053,
            "prevdiff_hdi": [
                -0.21930216520604584,
                0.930705117966819
            ],
            "prevdiff_prob": 0.8788,
            "powdiff_exp": 0.45586986120441625,
            "powdiff_hdi": [
                -0.15061754246613857,
                0.9277556883994772
            ],
            "powdiff_prob": 0.914
        },
        "pval_group": 0.001953125,
        "frac_H1_rej": 0.9444444444444444
    },
    "baseline": {
        "frac_H1_rej": 0.16666666666666666
    }
}