{
    "increase_prev": {
        "pcurve": {
            "prevdiff_exp": 0.09473891003994356,
            "prevdiff_hdi": [
                -0.27423036127774614,
                0.44447177829910833
            ],
            "prevdiff_prob": 0.6968,
            "powdiff_exp": 0.09600684559118142,
            "powdiff_hdi": [
                -0.15771624468835999,
                0.3656280955220689
            ],
            "powdiff_prob": 0.767
        },
        "binom": {
            "prevdiff_exp": 0.198630845170522,
            "prevdiff_hdi": [
                -0.35708615240591746,
                0.7424931583026386
            ],
            "prevdiff_prob": 0.7498,
            "powdiff_exp": 0.20289068730660423,
            "powdiff_hdi": [
                -0.3435128745420697,
                0.6837769918460008
            ],
            "powdiff_prob": 0.7638
        },
        "pval_group": 0.46484375,
        "frac_H1_rej": 0.5769230769230769
    },
    "increase_pow": {
        "pcurve": {
            "prevdiff_exp": -0.22515156871629574,
            "prevdiff_hdi": [
                -0.5919547463063073,
                0.13215802839375457
            ],
            "prevdiff_prob": 0.1236,
            "powdiff_exp": 0.3222259346594968,
            "powdiff_hdi": [
                0.028576623448944793,
                0.6241294001906212
            ],
            "powdiff_prob": 0.974
        },
        "binom": {
            "prevdiff_exp": 0.13928078958962978,
            "prevdiff_hdi": [
                -0.43925150533188306,
                0.7378011009685618
            ],
            "prevdiff_prob": 0.6808,
            "powdiff_exp": 0.12866034020608225,
            "powdiff_hdi": [
                -0.43529067522658765,
                0.6778648915381699
            ],
            "powdiff_prob": 0.68
        },
        "pval_group": 0.6884765625,
        "frac_H1_rej": 0.9230769230769231
    },
    "baseline": {
        "frac_H1_rej": 0.42857142857142855
    }
}