{
    "increase_prev": {
        "pcurve": {
            "prevdiff_exp": 0.15133901782105827,
            "prevdiff_hdi": [
                -0.3110162855902066,
                0.620521768040254
            ],
            "prevdiff_prob": 0.7242,
            "powdiff_exp": 0.16692029763505312,
            "powdiff_hdi": [
                -0.10624466864784032,
                0.42583277969514927
            ],
            "powdiff_prob": 0.9002
        },
        "binom": {
            "prevdiff_exp": 0.19220841154716706,
            "prevdiff_hdi": [
                -0.4019318782099181,
                0.8467984729501401
            ],
            "prevdiff_prob": 0.7244,
            "powdiff_exp": 0.16699813057867743,
            "powdiff_hdi": [
                -0.4660747850865876,
                0.7368521305563903
            ],
            "powdiff_prob": 0.716
        },
        "pval_group": 0.0107421875,
        "frac_H1_rej": 0.39285714285714285
    },
    "increase_pow": {
        "pcurve": {
            "prevdiff_exp": -0.17134744951983547,
            "prevdiff_hdi": [
                -0.5875838278254669,
                0.29484557463497585
            ],
            "prevdiff_prob": 0.2394,
            "powdiff_exp": 0.48182471980958924,
            "powdiff_hdi": [
                0.20539967852844399,
                0.7371668785091903
            ],
            "powdiff_prob": 0.995
        },
        "binom": {
            "prevdiff_exp": 0.2757073980780812,
            "prevdiff_hdi": [
                -0.3467688247133779,
                0.8035521512511697
            ],
            "prevdiff_prob": 0.8018,
            "powdiff_exp": 0.268158743695672,
            "powdiff_hdi": [
                -0.30109507152523607,
                0.807761469069551
            ],
            "powdiff_prob": 0.8074
        },
        "pval_group": 0.130859375,
        "frac_H1_rej": 1.0
    },
    "baseline": {
        "frac_H1_rej": 0.5555555555555556
    }
}