{
    "increase_prev": {
        "pcurve": {
            "prevdiff_exp": 0.5076973407382371,
            "prevdiff_hdi": [
                0.10205800989025948,
                0.8118162902210001
            ],
            "prevdiff_prob": 0.987,
            "powdiff_exp": -0.11255678138646463,
            "powdiff_hdi": [
                -0.5032907595510947,
                0.27379213200072583
            ],
            "powdiff_prob": 0.303
        },
        "binom": {
            "prevdiff_exp": 0.10831490789032648,
            "prevdiff_hdi": [
                -0.5019099045829167,
                0.6588128193176792
            ],
            "prevdiff_prob": 0.6384,
            "powdiff_exp": 0.09944761421936701,
            "powdiff_hdi": [
                -0.46053350532630905,
                0.6248992146799097
            ],
            "powdiff_prob": 0.6358
        },
        "pval_group": 0.001953125,
        "frac_H1_rej": 0.4
    },
    "increase_pow": {
        "pcurve": {
            "prevdiff_exp": 0.16434413897472963,
            "prevdiff_hdi": [
                -0.25378207961083266,
                0.5565533297894698
            ],
            "prevdiff_prob": 0.806,
            "powdiff_exp": 0.15859987526640693,
            "powdiff_hdi": [
                -0.2652329361174427,
                0.585507856269412
            ],
            "powdiff_prob": 0.756
        },
        "binom": {
            "prevdiff_exp": 0.14965665711288625,
            "prevdiff_hdi": [
                -0.4163530545531227,
                0.6808775977880356
            ],
            "prevdiff_prob": 0.6946,
            "powdiff_exp": 0.15089786664808813,
            "powdiff_hdi": [
                -0.37586251276460314,
                0.6580555930080574
            ],
            "powdiff_prob": 0.7124
        },
        "pval_group": 0.78125,
        "frac_H1_rej": 0.9230769230769231
    },
    "baseline": {
        "frac_H1_rej": 0.6666666666666666
    }
}