{
    "increase_prev": {
        "pcurve": {
            "prevdiff_exp": 0.19822952783159595,
            "prevdiff_hdi": [
                -0.15432393027183322,
                0.6105472589330815
            ],
            "prevdiff_prob": 0.8414,
            "powdiff_exp": 0.195021534173251,
            "powdiff_hdi": [
                -0.04631353217160228,
                0.4531091814407591
            ],
            "powdiff_prob": 0.9308
        },
        "binom": {
            "prevdiff_exp": 0.2003804512602575,
            "prevdiff_hdi": [
                -0.42096537519291255,
                0.751552573457396
            ],
            "prevdiff_prob": 0.7442,
            "powdiff_exp": 0.18001072523988026,
            "powdiff_hdi": [
                -0.3936470525743901,
                0.6977605694974172
            ],
            "powdiff_prob": 0.7366
        },
        "pval_group": 0.0185546875,
        "frac_H1_rej": 0.4642857142857143
    },
    "increase_pow": {
        "pcurve": {
            "prevdiff_exp": -0.21854540977905937,
            "prevdiff_hdi": [
                -0.5871796173917887,
                0.21751382738723962
            ],
            "prevdiff_prob": 0.1574,
            "powdiff_exp": 0.504863621057302,
            "powdiff_hdi": [
                0.21731791401367312,
                0.7351050191812961
            ],
            "powdiff_prob": 0.9978
        },
        "binom": {
            "prevdiff_exp": 0.24069729589869504,
            "prevdiff_hdi": [
                -0.3410728119937153,
                0.7668833485590058
            ],
            "prevdiff_prob": 0.7808,
            "powdiff_exp": 0.22708188773205903,
            "powdiff_hdi": [
                -0.3226554230284957,
                0.7416846982553135
            ],
            "powdiff_prob": 0.779
        },
        "pval_group": 0.2587890625,
        "frac_H1_rej": 1.0
    },
    "baseline": {
        "frac_H1_rej": 0.42857142857142855
    }
}