{
    "increase_prev": {
        "pcurve": {
            "prevdiff_exp": 0.3438184820934958,
            "prevdiff_hdi": [
                -0.11573993226910884,
                0.7478656957241645
            ],
            "prevdiff_prob": 0.911,
            "powdiff_exp": 0.28388004819477103,
            "powdiff_hdi": [
                -0.09214365587388118,
                0.5940144310066496
            ],
            "powdiff_prob": 0.9262
        },
        "binom": {
            "prevdiff_exp": 0.3201000266991769,
            "prevdiff_hdi": [
                -0.23757695654519417,
                0.7905448828012667
            ],
            "prevdiff_prob": 0.8534,
            "powdiff_exp": 0.30991105447326817,
            "powdiff_hdi": [
                -0.23391885736499873,
                0.756715307015676
            ],
            "powdiff_prob": 0.8596
        },
        "pval_group": 0.0009765625,
        "frac_H1_rej": 0.6333333333333333
    },
    "increase_pow": {
        "pcurve": {
            "prevdiff_exp": -0.03419211960636978,
            "prevdiff_hdi": [
                -0.5236618271568536,
                0.4003861663955341
            ],
            "prevdiff_prob": 0.469,
            "powdiff_exp": 0.3441649712131624,
            "powdiff_hdi": [
                -0.042928577659847145,
                0.6926331965347922
            ],
            "powdiff_prob": 0.9432
        },
        "binom": {
            "prevdiff_exp": 0.2226889895403626,
            "prevdiff_hdi": [
                -0.3605755328540975,
                0.7810150693148055
            ],
            "prevdiff_prob": 0.7698,
            "powdiff_exp": 0.20430179306025814,
            "powdiff_hdi": [
                -0.3659388742499372,
                0.7235969266582232
            ],
            "powdiff_prob": 0.7584
        },
        "pval_group": 0.2861328125,
        "frac_H1_rej": 1.0
    },
    "baseline": {
        "frac_H1_rej": 0.5
    }
}