{
    "increase_prev": {
        "pcurve": {
            "prevdiff_exp": 0.4525394300777787,
            "prevdiff_hdi": [
                -0.002918895177476899,
                0.8600457089909987
            ],
            "prevdiff_prob": 0.9658,
            "powdiff_exp": 0.19256868399940472,
            "powdiff_hdi": [
                -0.1900228458703488,
                0.5102628311850372
            ],
            "powdiff_prob": 0.8586
        },
        "binom": {
            "prevdiff_exp": 0.15831400053208444,
            "prevdiff_hdi": [
                -0.469517779582702,
                0.6818685071085399
            ],
            "prevdiff_prob": 0.7046,
            "powdiff_exp": 0.15581952481442546,
            "powdiff_hdi": [
                -0.43760014099573424,
                0.6699355663760868
            ],
            "powdiff_prob": 0.7052
        },
        "pval_group": 0.0087890625,
        "frac_H1_rej": 0.43333333333333335
    },
    "increase_pow": {
        "pcurve": {
            "prevdiff_exp": 0.09198179912853066,
            "prevdiff_hdi": [
                -0.38655310956777533,
                0.5484864753953832
            ],
            "prevdiff_prob": 0.656,
            "powdiff_exp": 0.4200448333505311,
            "powdiff_hdi": [
                0.023795668966880568,
                0.7608229166158647
            ],
            "powdiff_prob": 0.9644
        },
        "binom": {
            "prevdiff_exp": 0.21973449548125581,
            "prevdiff_hdi": [
                -0.30980099292335084,
                0.7544558410625096
            ],
            "prevdiff_prob": 0.77,
            "powdiff_exp": 0.22113823975469668,
            "powdiff_hdi": [
                -0.30797679955732404,
                0.7019687913977307
            ],
            "powdiff_prob": 0.7838
        },
        "pval_group": 0.4482421875,
        "frac_H1_rej": 1.0
    },
    "baseline": {
        "frac_H1_rej": 0.42857142857142855
    }
}