{
    "increase_prev": {
        "pcurve": {
            "prevdiff_exp": 0.34237586138733517,
            "prevdiff_hdi": [
                -0.08064446039836581,
                0.8459944054546295
            ],
            "prevdiff_prob": 0.9114,
            "powdiff_exp": 0.24822992537290564,
            "powdiff_hdi": [
                -0.017129031668244366,
                0.4858606036670898
            ],
            "powdiff_prob": 0.9534
        },
        "binom": {
            "prevdiff_exp": 0.3471760472951625,
            "prevdiff_hdi": [
                -0.2666603518363327,
                0.9234581379003726
            ],
            "prevdiff_prob": 0.8452,
            "powdiff_exp": 0.36055487007165826,
            "powdiff_hdi": [
                -0.2380676433303308,
                0.8696746718182069
            ],
            "powdiff_prob": 0.8674
        },
        "pval_group": 0.0009765625,
        "frac_H1_rej": 0.5
    },
    "increase_pow": {
        "pcurve": {
            "prevdiff_exp": -0.12827453539026643,
            "prevdiff_hdi": [
                -0.676553373320347,
                0.45565604308855945
            ],
            "prevdiff_prob": 0.3332,
            "powdiff_exp": 0.3036367179954049,
            "powdiff_hdi": [
                -0.07533806804987542,
                0.7011937383262025
            ],
            "powdiff_prob": 0.9322
        },
        "binom": {
            "prevdiff_exp": 0.20403486017328554,
            "prevdiff_hdi": [
                -0.4622590096236863,
                0.8871443666922356
            ],
            "prevdiff_prob": 0.7424,
            "powdiff_exp": 0.22047934111191325,
            "powdiff_hdi": [
                -0.42293043577342465,
                0.8565303369924888
            ],
            "powdiff_prob": 0.7572
        },
        "pval_group": 0.96875,
        "frac_H1_rej": 0.8571428571428571
    },
    "baseline": {
        "frac_H1_rej": 0.2727272727272727
    }
}