{
    "increase_prev": {
        "pcurve": {
            "prevdiff_exp": 0.31532184459202345,
            "prevdiff_hdi": [
                -0.10205119902607052,
                0.720884176567134
            ],
            "prevdiff_prob": 0.9224,
            "powdiff_exp": 0.06005983414083101,
            "powdiff_hdi": [
                -0.2551605109399976,
                0.3579310029450529
            ],
            "powdiff_prob": 0.6802
        },
        "binom": {
            "prevdiff_exp": 0.1571983093677809,
            "prevdiff_hdi": [
                -0.4867250936871952,
                0.7270621900660879
            ],
            "prevdiff_prob": 0.6946,
            "powdiff_exp": 0.12592127461506447,
            "powdiff_hdi": [
                -0.479039484569405,
                0.6889912720634819
            ],
            "powdiff_prob": 0.678
        },
        "pval_group": 0.005859375,
        "frac_H1_rej": 0.4074074074074074
    },
    "increase_pow": {
        "pcurve": {
            "prevdiff_exp": 0.025001726930538468,
            "prevdiff_hdi": [
                -0.46572837648271487,
                0.5701808032996405
            ],
            "prevdiff_prob": 0.5302,
            "powdiff_exp": 0.12228906641673236,
            "powdiff_hdi": [
                -0.27642599986209604,
                0.5645011355917129
            ],
            "powdiff_prob": 0.7118
        },
        "binom": {
            "prevdiff_exp": 0.07303233242747637,
            "prevdiff_hdi": [
                -0.5623338333113961,
                0.7529875624528684
            ],
            "prevdiff_prob": 0.6,
            "powdiff_exp": 0.05340392641217003,
            "powdiff_hdi": [
                -0.5722234246978164,
                0.6843850638509389
            ],
            "powdiff_prob": 0.5692
        },
        "pval_group": 0.29296875,
        "frac_H1_rej": 1.0
    },
    "baseline": {
        "frac_H1_rej": 0.42857142857142855
    }
}