{
    "increase_prev": {
        "pcurve": {
            "prevdiff_exp": 0.2726195633916146,
            "prevdiff_hdi": [
                -0.07556995360917473,
                0.6291811251249257
            ],
            "prevdiff_prob": 0.9266,
            "powdiff_exp": -0.08808633785979507,
            "powdiff_hdi": [
                -0.3783576051004952,
                0.20333298232089492
            ],
            "powdiff_prob": 0.2868
        },
        "binom": {
            "prevdiff_exp": -0.059642200590962854,
            "prevdiff_hdi": [
                -0.6438613336255519,
                0.5372476920602589
            ],
            "prevdiff_prob": 0.4226,
            "powdiff_exp": -0.038914915842750405,
            "powdiff_hdi": [
                -0.5702679956246971,
                0.53679028020581
            ],
            "powdiff_prob": 0.4426
        },
        "pval_group": 0.0693359375,
        "frac_H1_rej": 0.3333333333333333
    },
    "increase_pow": {
        "pcurve": {
            "prevdiff_exp": -0.10702460353637734,
            "prevdiff_hdi": [
                -0.4907038646230049,
                0.23264071197207847
            ],
            "prevdiff_prob": 0.2948,
            "powdiff_exp": 0.3471034766765793,
            "powdiff_hdi": [
                0.04154067305784537,
                0.6336194077139478
            ],
            "powdiff_prob": 0.9852
        },
        "binom": {
            "prevdiff_exp": 0.08349898653091416,
            "prevdiff_hdi": [
                -0.42967454664218535,
                0.5774135488198915
            ],
            "prevdiff_prob": 0.6206,
            "powdiff_exp": 0.10116061311699458,
            "powdiff_hdi": [
                -0.38744821883804315,
                0.5545241342460974
            ],
            "powdiff_prob": 0.6596
        },
        "pval_group": 0.017578125,
        "frac_H1_rej": 1.0
    },
    "baseline": {
        "frac_H1_rej": 0.6923076923076923
    }
}