{
    "increase_prev": {
        "pcurve": {
            "prevdiff_exp": 0.12851167344415354,
            "prevdiff_hdi": [
                -0.2687436044991771,
                0.5233815853607635
            ],
            "prevdiff_prob": 0.7174,
            "powdiff_exp": 0.127181280410435,
            "powdiff_hdi": [
                -0.13065000796521115,
                0.39217915382813234
            ],
            "powdiff_prob": 0.8324
        },
        "binom": {
            "prevdiff_exp": 0.296811048388815,
            "prevdiff_hdi": [
                -0.30393763894889625,
                0.8116745479373222
            ],
            "prevdiff_prob": 0.8226,
            "powdiff_exp": 0.28640629614376445,
            "powdiff_hdi": [
                -0.3029142041077365,
                0.7849565289772671
            ],
            "powdiff_prob": 0.8232
        },
        "pval_group": 0.1005859375,
        "frac_H1_rej": 0.5769230769230769
    },
    "increase_pow": {
        "pcurve": {
            "prevdiff_exp": -0.22927533976107944,
            "prevdiff_hdi": [
                -0.619165279641513,
                0.24260283717048325
            ],
            "prevdiff_prob": 0.164,
            "powdiff_exp": 0.30691970150206316,
            "powdiff_hdi": [
                -0.06505075921188513,
                0.6236663968685809
            ],
            "powdiff_prob": 0.9456
        },
        "binom": {
            "prevdiff_exp": 0.19220841154716706,
            "prevdiff_hdi": [
                -0.4019318782099181,
                0.8467984729501401
            ],
            "prevdiff_prob": 0.7244,
            "powdiff_exp": 0.16699813057867743,
            "powdiff_hdi": [
                -0.4660747850865876,
                0.7368521305563903
            ],
            "powdiff_prob": 0.716
        },
        "pval_group": 0.1474609375,
        "frac_H1_rej": 1.0
    },
    "baseline": {
        "frac_H1_rej": 0.38461538461538464
    }
}