{
    "increase_prev": {
        "pcurve": {
            "prevdiff_exp": 0.22234501355136813,
            "prevdiff_hdi": [
                -0.08293641941784946,
                0.5410710109542303
            ],
            "prevdiff_prob": 0.9118,
            "powdiff_exp": -0.014108404320595246,
            "powdiff_hdi": [
                -0.2875867523063758,
                0.2501448907638243
            ],
            "powdiff_prob": 0.477
        },
        "binom": {
            "prevdiff_exp": 0.043182141892476565,
            "prevdiff_hdi": [
                -0.5029925486904867,
                0.5534747115350769
            ],
            "prevdiff_prob": 0.5506,
            "powdiff_exp": 0.0540894506248158,
            "powdiff_hdi": [
                -0.4446612502998172,
                0.5544465689856881
            ],
            "powdiff_prob": 0.5762
        },
        "pval_group": 0.009765625,
        "frac_H1_rej": 0.4482758620689655
    },
    "increase_pow": {
        "pcurve": {
            "prevdiff_exp": 0.012743355997580872,
            "prevdiff_hdi": [
                -0.3484542340759066,
                0.35799996605308926
            ],
            "prevdiff_prob": 0.5258,
            "powdiff_exp": 0.26519797375406323,
            "powdiff_hdi": [
                -0.005622428955094239,
                0.5596366575769188
            ],
            "powdiff_prob": 0.9598
        },
        "binom": {
            "prevdiff_exp": 0.10460263684164793,
            "prevdiff_hdi": [
                -0.41670099706974006,
                0.5912001786075288
            ],
            "prevdiff_prob": 0.6566,
            "powdiff_exp": 0.11940816556508703,
            "powdiff_hdi": [
                -0.35363874738123746,
                0.579447628120703
            ],
            "powdiff_prob": 0.695
        },
        "pval_group": 0.427734375,
        "frac_H1_rej": 1.0
    },
    "baseline": {
        "frac_H1_rej": 0.7857142857142857
    }
}