{
    "increase_prev": {
        "pcurve": {
            "prevdiff_exp": 0.3365246388789574,
            "prevdiff_hdi": [
                -0.004855324058447463,
                0.6715996808890857
            ],
            "prevdiff_prob": 0.9644,
            "powdiff_exp": 0.036311530788632175,
            "powdiff_hdi": [
                -0.270903441658052,
                0.3432765495383739
            ],
            "powdiff_prob": 0.5986
        },
        "binom": {
            "prevdiff_exp": 0.143141187121877,
            "prevdiff_hdi": [
                -0.38740471006485294,
                0.6710863002707265
            ],
            "prevdiff_prob": 0.6864,
            "powdiff_exp": 0.14007552895974498,
            "powdiff_hdi": [
                -0.39332672104633926,
                0.6305774621765518
            ],
            "powdiff_prob": 0.6988
        },
        "pval_group": 0.02734375,
        "frac_H1_rej": 0.5357142857142857
    },
    "increase_pow": {
        "pcurve": {
            "prevdiff_exp": -0.08307834723327748,
            "prevdiff_hdi": [
                -0.4580177023898991,
                0.2951154098068073
            ],
            "prevdiff_prob": 0.3484,
            "powdiff_exp": 0.2720681230905769,
            "powdiff_hdi": [
                -0.06925460162035046,
                0.5951745744963644
            ],
            "powdiff_prob": 0.9386
        },
        "binom": {
            "prevdiff_exp": 0.143141187121877,
            "prevdiff_hdi": [
                -0.38740471006485294,
                0.6710863002707265
            ],
            "prevdiff_prob": 0.6864,
            "powdiff_exp": 0.14007552895974498,
            "powdiff_hdi": [
                -0.39332672104633926,
                0.6305774621765518
            ],
            "powdiff_prob": 0.6988
        },
        "pval_group": 0.478515625,
        "frac_H1_rej": 1.0
    },
    "baseline": {
        "frac_H1_rej": 0.5
    }
}