{
    "increase_prev": {
        "pcurve": {
            "prevdiff_exp": 0.39996296412043386,
            "prevdiff_hdi": [
                -0.044667033680190926,
                0.7848615393496174
            ],
            "prevdiff_prob": 0.9534,
            "powdiff_exp": 0.000179314970101413,
            "powdiff_hdi": [
                -0.37587690891512293,
                0.3155030856624014
            ],
            "powdiff_prob": 0.5376
        },
        "binom": {
            "prevdiff_exp": 0.05140980079247987,
            "prevdiff_hdi": [
                -0.588132083993707,
                0.6287080382787518
            ],
            "prevdiff_prob": 0.5716,
            "powdiff_exp": 0.05888967675518645,
            "powdiff_hdi": [
                -0.5132947018203338,
                0.6198919754732876
            ],
            "powdiff_prob": 0.587
        },
        "pval_group": 0.0263671875,
        "frac_H1_rej": 0.3448275862068966
    },
    "increase_pow": {
        "pcurve": {
            "prevdiff_exp": -0.028249126487267563,
            "prevdiff_hdi": [
                -0.4780118260865015,
                0.41424005446480805
            ],
            "prevdiff_prob": 0.4698,
            "powdiff_exp": 0.32228950875045237,
            "powdiff_hdi": [
                -0.08143520845067831,
                0.7034488086175614
            ],
            "powdiff_prob": 0.9234
        },
        "binom": {
            "prevdiff_exp": 0.10831490789032648,
            "prevdiff_hdi": [
                -0.5019099045829167,
                0.6588128193176792
            ],
            "prevdiff_prob": 0.6384,
            "powdiff_exp": 0.09944761421936701,
            "powdiff_hdi": [
                -0.46053350532630905,
                0.6248992146799097
            ],
            "powdiff_prob": 0.6358
        },
        "pval_group": 0.296875,
        "frac_H1_rej": 0.9230769230769231
    },
    "baseline": {
        "frac_H1_rej": 0.6666666666666666
    }
}