{
    "increase_prev": {
        "pcurve": {
            "prevdiff_exp": 0.22602102671336233,
            "prevdiff_hdi": [
                -0.10362223765665823,
                0.6678320247135547
            ],
            "prevdiff_prob": 0.8692,
            "powdiff_exp": 0.31573424516442594,
            "powdiff_hdi": [
                0.09614854082151181,
                0.5285494927746954
            ],
            "powdiff_prob": 0.991
        },
        "binom": {
            "prevdiff_exp": 0.296811048388815,
            "prevdiff_hdi": [
                -0.30393763894889625,
                0.8116745479373222
            ],
            "prevdiff_prob": 0.8226,
            "powdiff_exp": 0.28640629614376445,
            "powdiff_hdi": [
                -0.3029142041077365,
                0.7849565289772671
            ],
            "powdiff_prob": 0.8232
        },
        "pval_group": 0.0009765625,
        "frac_H1_rej": 0.5333333333333333
    },
    "increase_pow": {
        "pcurve": {
            "prevdiff_exp": -0.22073797971283457,
            "prevdiff_hdi": [
                -0.6299482806724612,
                0.22520907553425307
            ],
            "prevdiff_prob": 0.1756,
            "powdiff_exp": 0.4937637579516542,
            "powdiff_hdi": [
                0.23208828636074974,
                0.758942519753282
            ],
            "powdiff_prob": 0.9986
        },
        "binom": {
            "prevdiff_exp": 0.23539055343964366,
            "prevdiff_hdi": [
                -0.3895634657335083,
                0.8322231647154883
            ],
            "prevdiff_prob": 0.7636,
            "powdiff_exp": 0.2210875812034932,
            "powdiff_hdi": [
                -0.39070904803429296,
                0.7636319710329034
            ],
            "powdiff_prob": 0.7692
        },
        "pval_group": 0.353515625,
        "frac_H1_rej": 1.0
    },
    "baseline": {
        "frac_H1_rej": 0.38461538461538464
    }
}