{
    "increase_prev": {
        "pcurve": {
            "prevdiff_exp": 0.38965875744963935,
            "prevdiff_hdi": [
                -0.07237576718952399,
                0.788625071210522
            ],
            "prevdiff_prob": 0.9542,
            "powdiff_exp": 0.17494956911349013,
            "powdiff_hdi": [
                -0.1285107498707433,
                0.4712860311330737
            ],
            "powdiff_prob": 0.8648
        },
        "binom": {
            "prevdiff_exp": 0.25769909171974875,
            "prevdiff_hdi": [
                -0.37303199111269214,
                0.8166293287071859
            ],
            "prevdiff_prob": 0.7928,
            "powdiff_exp": 0.2453786490238711,
            "powdiff_hdi": [
                -0.34456291192190425,
                0.771228693050741
            ],
            "powdiff_prob": 0.7932
        },
        "pval_group": 0.001953125,
        "frac_H1_rej": 0.5
    },
    "increase_pow": {
        "pcurve": {
            "prevdiff_exp": 0.21106890127030364,
            "prevdiff_hdi": [
                -0.23861531319453355,
                0.6481806301457496
            ],
            "prevdiff_prob": 0.797,
            "powdiff_exp": 0.5235322847207814,
            "powdiff_hdi": [
                0.2141645088435008,
                0.7916612336359821
            ],
            "powdiff_prob": 0.9938
        },
        "binom": {
            "prevdiff_exp": 0.41949071304189084,
            "prevdiff_hdi": [
                -0.1299414883061668,
                0.8779172690910516
            ],
            "prevdiff_prob": 0.9066,
            "powdiff_exp": 0.39926674159042147,
            "powdiff_hdi": [
                -0.11403998308402541,
                0.8559221995576791
            ],
            "powdiff_prob": 0.9044
        },
        "pval_group": 0.013671875,
        "frac_H1_rej": 1.0
    },
    "baseline": {
        "frac_H1_rej": 0.3333333333333333
    }
}