{
    "increase_prev": {
        "pcurve": {
            "prevdiff_exp": 0.5579921217542868,
            "prevdiff_hdi": [
                0.13668139735070006,
                0.9070518947663854
            ],
            "prevdiff_prob": 0.9836,
            "powdiff_exp": -0.021648848659448765,
            "powdiff_hdi": [
                -0.4538808682998126,
                0.3945165608747801
            ],
            "powdiff_prob": 0.488
        },
        "binom": {
            "prevdiff_exp": 0.23539055343964366,
            "prevdiff_hdi": [
                -0.3895634657335083,
                0.8322231647154883
            ],
            "prevdiff_prob": 0.7636,
            "powdiff_exp": 0.2210875812034932,
            "powdiff_hdi": [
                -0.39070904803429296,
                0.7636319710329034
            ],
            "powdiff_prob": 0.7692
        },
        "pval_group": 0.005859375,
        "frac_H1_rej": 0.43333333333333335
    },
    "increase_pow": {
        "pcurve": {
            "prevdiff_exp": 0.18091995216845821,
            "prevdiff_hdi": [
                -0.2807893163994294,
                0.6267159899189817
            ],
            "prevdiff_prob": 0.8016,
            "powdiff_exp": 0.24662343417441376,
            "powdiff_hdi": [
                -0.207191451605525,
                0.6942035570212204
            ],
            "powdiff_prob": 0.8282
        },
        "binom": {
            "prevdiff_exp": 0.23539055343964366,
            "prevdiff_hdi": [
                -0.3895634657335083,
                0.8322231647154883
            ],
            "prevdiff_prob": 0.7636,
            "powdiff_exp": 0.2210875812034932,
            "powdiff_hdi": [
                -0.39070904803429296,
                0.7636319710329034
            ],
            "powdiff_prob": 0.7692
        },
        "pval_group": 0.509765625,
        "frac_H1_rej": 1.0
    },
    "baseline": {
        "frac_H1_rej": 0.4166666666666667
    }
}