{
    "increase_prev": {
        "pcurve": {
            "prevdiff_exp": 0.36253737482016224,
            "prevdiff_hdi": [
                -0.00912412877395019,
                0.7076992942734316
            ],
            "prevdiff_prob": 0.9648,
            "powdiff_exp": -0.046333858534292074,
            "powdiff_hdi": [
                -0.3822755402634411,
                0.28611840575954095
            ],
            "powdiff_prob": 0.401
        },
        "binom": {
            "prevdiff_exp": 0.15831400053208444,
            "prevdiff_hdi": [
                -0.469517779582702,
                0.6818685071085399
            ],
            "prevdiff_prob": 0.7046,
            "powdiff_exp": 0.15581952481442546,
            "powdiff_hdi": [
                -0.43760014099573424,
                0.6699355663760868
            ],
            "powdiff_prob": 0.7052
        },
        "pval_group": 0.0361328125,
        "frac_H1_rej": 0.4642857142857143
    },
    "increase_pow": {
        "pcurve": {
            "prevdiff_exp": -0.09157073879219554,
            "prevdiff_hdi": [
                -0.48972839434994914,
                0.2946617340334284
            ],
            "prevdiff_prob": 0.3314,
            "powdiff_exp": 0.17281226092774626,
            "powdiff_hdi": [
                -0.2325173064471442,
                0.5633226505864612
            ],
            "powdiff_prob": 0.7912
        },
        "binom": {
            "prevdiff_exp": 0.0823756824917832,
            "prevdiff_hdi": [
                -0.551672919939673,
                0.6629496040432425
            ],
            "prevdiff_prob": 0.6132,
            "powdiff_exp": 0.08810240274190169,
            "powdiff_hdi": [
                -0.5108181897673101,
                0.6373444349495678
            ],
            "powdiff_prob": 0.6238
        },
        "pval_group": 0.58203125,
        "frac_H1_rej": 1.0
    },
    "baseline": {
        "frac_H1_rej": 0.4375
    }
}