{
    "increase_prev": {
        "pcurve": {
            "prevdiff_exp": 0.10489283877244475,
            "prevdiff_hdi": [
                -0.30575930330749523,
                0.5439334375329518
            ],
            "prevdiff_prob": 0.6504,
            "powdiff_exp": 0.18178603162879398,
            "powdiff_hdi": [
                -0.10702594565260104,
                0.4602179006290163
            ],
            "powdiff_prob": 0.8916
        },
        "binom": {
            "prevdiff_exp": 0.10282434248343943,
            "prevdiff_hdi": [
                -0.46391285844393804,
                0.640850572071314
            ],
            "prevdiff_prob": 0.6488,
            "powdiff_exp": 0.0930043664675662,
            "powdiff_hdi": [
                -0.43314687785795697,
                0.619064719114842
            ],
            "powdiff_prob": 0.6322
        },
        "pval_group": 0.046875,
        "frac_H1_rej": 0.48148148148148145
    },
    "increase_pow": {
        "pcurve": {
            "prevdiff_exp": 0.1472862989404579,
            "prevdiff_hdi": [
                -0.23301590162138852,
                0.6028453840470288
            ],
            "prevdiff_prob": 0.7244,
            "powdiff_exp": 0.30921388678817846,
            "powdiff_hdi": [
                0.01572752195107846,
                0.5927392360373148
            ],
            "powdiff_prob": 0.97
        },
        "binom": {
            "prevdiff_exp": 0.20734770267923194,
            "prevdiff_hdi": [
                -0.2964853389941906,
                0.6931751756182938
            ],
            "prevdiff_prob": 0.7662,
            "powdiff_exp": 0.1956065094413483,
            "powdiff_hdi": [
                -0.3112759819837039,
                0.6398232423189189
            ],
            "powdiff_prob": 0.7702
        },
        "pval_group": 0.29296875,
        "frac_H1_rej": 0.9411764705882353
    },
    "baseline": {
        "frac_H1_rej": 0.5625
    }
}