{
    "increase_prev": {
        "pcurve": {
            "prevdiff_exp": 0.31326589898107843,
            "prevdiff_hdi": [
                -0.12095654227356867,
                0.7542615911481092
            ],
            "prevdiff_prob": 0.8968,
            "powdiff_exp": 0.22322448543658294,
            "powdiff_hdi": [
                -0.11037887725477841,
                0.497733184733289
            ],
            "powdiff_prob": 0.9072
        },
        "binom": {
            "prevdiff_exp": 0.25769909171974875,
            "prevdiff_hdi": [
                -0.37303199111269214,
                0.8166293287071859
            ],
            "prevdiff_prob": 0.7928,
            "powdiff_exp": 0.2453786490238711,
            "powdiff_hdi": [
                -0.34456291192190425,
                0.771228693050741
            ],
            "powdiff_prob": 0.7932
        },
        "pval_group": 0.0048828125,
        "frac_H1_rej": 0.4827586206896552
    },
    "increase_pow": {
        "pcurve": {
            "prevdiff_exp": -0.09177561718042944,
            "prevdiff_hdi": [
                -0.5931588073298988,
                0.3739043403619864
            ],
            "prevdiff_prob": 0.3668,
            "powdiff_exp": 0.3408253146690437,
            "powdiff_hdi": [
                -0.05307055840050634,
                0.6874640339857339
            ],
            "powdiff_prob": 0.9452
        },
        "binom": {
            "prevdiff_exp": 0.21635734249718902,
            "prevdiff_hdi": [
                -0.41850166710642706,
                0.7937426377387214
            ],
            "prevdiff_prob": 0.7456,
            "powdiff_exp": 0.19392839659515002,
            "powdiff_hdi": [
                -0.41134146749219225,
                0.7751400561832572
            ],
            "powdiff_prob": 0.741
        },
        "pval_group": 0.8837890625,
        "frac_H1_rej": 0.8888888888888888
    },
    "baseline": {
        "frac_H1_rej": 0.45454545454545453
    }
}