{
    "increase_prev": {
        "pcurve": {
            "prevdiff_exp": 0.19439424093245566,
            "prevdiff_hdi": [
                -0.24109766313936454,
                0.5956093573367904
            ],
            "prevdiff_prob": 0.8004,
            "powdiff_exp": 0.05650730633946002,
            "powdiff_hdi": [
                -0.24864994016659497,
                0.34039941122544504
            ],
            "powdiff_prob": 0.6712
        },
        "binom": {
            "prevdiff_exp": 0.05140980079247987,
            "prevdiff_hdi": [
                -0.588132083993707,
                0.6287080382787518
            ],
            "prevdiff_prob": 0.5716,
            "powdiff_exp": 0.05888967675518645,
            "powdiff_hdi": [
                -0.5132947018203338,
                0.6198919754732876
            ],
            "powdiff_prob": 0.587
        },
        "pval_group": 0.01171875,
        "frac_H1_rej": 0.3448275862068966
    },
    "increase_pow": {
        "pcurve": {
            "prevdiff_exp": -0.2290444262755068,
            "prevdiff_hdi": [
                -0.6594465008455326,
                0.1568767893737869
            ],
            "prevdiff_prob": 0.1562,
            "powdiff_exp": 0.3765294037322721,
            "powdiff_hdi": [
                0.05250254691116574,
                0.7053343478302936
            ],
            "powdiff_prob": 0.977
        },
        "binom": {
            "prevdiff_exp": 0.08416597694030455,
            "prevdiff_hdi": [
                -0.524650119485932,
                0.6720343787907468
            ],
            "prevdiff_prob": 0.6084,
            "powdiff_exp": 0.07251734820289443,
            "powdiff_hdi": [
                -0.4931761968061457,
                0.63541072855389
            ],
            "powdiff_prob": 0.5994
        },
        "pval_group": 0.2822265625,
        "frac_H1_rej": 1.0
    },
    "baseline": {
        "frac_H1_rej": 0.5
    }
}