{
    "increase_prev": {
        "pcurve": {
            "prevdiff_exp": 0.23048835450923344,
            "prevdiff_hdi": [
                -0.13355350150844736,
                0.6399829462761291
            ],
            "prevdiff_prob": 0.8572,
            "powdiff_exp": 0.23624983077391798,
            "powdiff_hdi": [
                -0.054337993653810035,
                0.4878979702673529
            ],
            "powdiff_prob": 0.9418
        },
        "binom": {
            "prevdiff_exp": 0.24069729589869504,
            "prevdiff_hdi": [
                -0.3410728119937153,
                0.7668833485590058
            ],
            "prevdiff_prob": 0.7808,
            "powdiff_exp": 0.22708188773205903,
            "powdiff_hdi": [
                -0.3226554230284957,
                0.7416846982553135
            ],
            "powdiff_prob": 0.779
        },
        "pval_group": 0.0068359375,
        "frac_H1_rej": 0.5172413793103449
    },
    "increase_pow": {
        "pcurve": {
            "prevdiff_exp": -0.12623456479942066,
            "prevdiff_hdi": [
                -0.553695116492567,
                0.31630765101848807
            ],
            "prevdiff_prob": 0.307,
            "powdiff_exp": 0.3758909921855065,
            "powdiff_hdi": [
                0.062280785566379004,
                0.7128976626894532
            ],
            "powdiff_prob": 0.9736
        },
        "binom": {
            "prevdiff_exp": 0.2003804512602575,
            "prevdiff_hdi": [
                -0.42096537519291255,
                0.751552573457396
            ],
            "prevdiff_prob": 0.7442,
            "powdiff_exp": 0.18001072523988026,
            "powdiff_hdi": [
                -0.3936470525743901,
                0.6977605694974172
            ],
            "powdiff_prob": 0.7366
        },
        "pval_group": 0.837890625,
        "frac_H1_rej": 0.9285714285714286
    },
    "baseline": {
        "frac_H1_rej": 0.3125
    }
}