{
    "increase_prev": {
        "pcurve": {
            "prevdiff_exp": 0.27655636264594136,
            "prevdiff_hdi": [
                -0.20199877620167528,
                0.8163120496345562
            ],
            "prevdiff_prob": 0.8318,
            "powdiff_exp": 0.17497519584301513,
            "powdiff_hdi": [
                -0.18214932266545708,
                0.5008015100971488
            ],
            "powdiff_prob": 0.8718
        },
        "binom": {
            "prevdiff_exp": 0.13256621095620422,
            "prevdiff_hdi": [
                -0.5173907485098828,
                0.7875955509898785
            ],
            "prevdiff_prob": 0.6692,
            "powdiff_exp": 0.12808321473592701,
            "powdiff_hdi": [
                -0.48994352799983326,
                0.7603473497560782
            ],
            "powdiff_prob": 0.6664
        },
        "pval_group": 0.037109375,
        "frac_H1_rej": 0.2962962962962963
    },
    "increase_pow": {
        "pcurve": {
            "prevdiff_exp": 0.1423425176025808,
            "prevdiff_hdi": [
                -0.3286084534431706,
                0.6517564469828162
            ],
            "prevdiff_prob": 0.6618,
            "powdiff_exp": 0.4605688576195543,
            "powdiff_hdi": [
                0.08778360239140603,
                0.7352125641881866
            ],
            "powdiff_prob": 0.9786
        },
        "binom": {
            "prevdiff_exp": 0.3129470726300418,
            "prevdiff_hdi": [
                -0.2942382312327132,
                0.8330186748847063
            ],
            "prevdiff_prob": 0.835,
            "powdiff_exp": 0.3135087874880802,
            "powdiff_hdi": [
                -0.25540657363523656,
                0.8309854336949258
            ],
            "powdiff_prob": 0.8376
        },
        "pval_group": 0.0322265625,
        "frac_H1_rej": 0.9444444444444444
    },
    "baseline": {
        "frac_H1_rej": 0.4166666666666667
    }
}