{
    "increase_prev": {
        "pcurve": {
            "prevdiff_exp": 0.10664290560076038,
            "prevdiff_hdi": [
                -0.18568219827617227,
                0.46521467684699214
            ],
            "prevdiff_prob": 0.7392,
            "powdiff_exp": 0.1662040221273018,
            "powdiff_hdi": [
                -0.043187823298081296,
                0.367355375943954
            ],
            "powdiff_prob": 0.9344
        },
        "binom": {
            "prevdiff_exp": 0.12513288076354456,
            "prevdiff_hdi": [
                -0.42172648575651617,
                0.6718849915044207
            ],
            "prevdiff_prob": 0.665,
            "powdiff_exp": 0.11729543428794409,
            "powdiff_hdi": [
                -0.413050403286488,
                0.620603806694966
            ],
            "powdiff_prob": 0.6636
        },
        "pval_group": 0.033203125,
        "frac_H1_rej": 0.4482758620689655
    },
    "increase_pow": {
        "pcurve": {
            "prevdiff_exp": -0.3432731045666575,
            "prevdiff_hdi": [
                -0.6634165131433925,
                0.022548540775712722
            ],
            "prevdiff_prob": 0.046,
            "powdiff_exp": 0.45609203743519255,
            "powdiff_hdi": [
                0.19088640450385808,
                0.6906206478511481
            ],
            "powdiff_prob": 0.998
        },
        "binom": {
            "prevdiff_exp": 0.10282434248343943,
            "prevdiff_hdi": [
                -0.46391285844393804,
                0.640850572071314
            ],
            "prevdiff_prob": 0.6488,
            "powdiff_exp": 0.0930043664675662,
            "powdiff_hdi": [
                -0.43314687785795697,
                0.619064719114842
            ],
            "powdiff_prob": 0.6322
        },
        "pval_group": 0.451171875,
        "frac_H1_rej": 1.0
    },
    "baseline": {
        "frac_H1_rej": 0.5294117647058824
    }
}