{
    "increase_prev": {
        "pcurve": {
            "prevdiff_exp": 0.36968323884994414,
            "prevdiff_hdi": [
                -0.05587610433861345,
                0.7767947188502893
            ],
            "prevdiff_prob": 0.9448,
            "powdiff_exp": 0.18642351378690228,
            "powdiff_hdi": [
                -0.1286269319798351,
                0.4602031926817087
            ],
            "powdiff_prob": 0.8762
        },
        "binom": {
            "prevdiff_exp": 0.18062253881218956,
            "prevdiff_hdi": [
                -0.3789316948430904,
                0.7234811371995367
            ],
            "prevdiff_prob": 0.722,
            "powdiff_exp": 0.1801105926348034,
            "powdiff_hdi": [
                -0.411696681371733,
                0.6611925403527096
            ],
            "powdiff_prob": 0.7364
        },
        "pval_group": 0.0009765625,
        "frac_H1_rej": 0.4666666666666667
    },
    "increase_pow": {
        "pcurve": {
            "prevdiff_exp": 0.19783892083898996,
            "prevdiff_hdi": [
                -0.2814819665065962,
                0.6708813267926352
            ],
            "prevdiff_prob": 0.7796,
            "powdiff_exp": 0.2897829978590202,
            "powdiff_hdi": [
                -0.04611822429086798,
                0.6262161374101705
            ],
            "powdiff_prob": 0.9422
        },
        "binom": {
            "prevdiff_exp": 0.198630845170522,
            "prevdiff_hdi": [
                -0.35708615240591746,
                0.7424931583026386
            ],
            "prevdiff_prob": 0.7498,
            "powdiff_exp": 0.20289068730660423,
            "powdiff_hdi": [
                -0.3435128745420697,
                0.6837769918460008
            ],
            "powdiff_prob": 0.7638
        },
        "pval_group": 0.2734375,
        "frac_H1_rej": 1.0
    },
    "baseline": {
        "frac_H1_rej": 0.6363636363636364
    }
}