{
    "increase_prev": {
        "pcurve": {
            "prevdiff_exp": 0.20724146109577324,
            "prevdiff_hdi": [
                -0.18270567855812947,
                0.6565788416801062
            ],
            "prevdiff_prob": 0.8232,
            "powdiff_exp": 0.22404395978353997,
            "powdiff_hdi": [
                -0.04349224889940223,
                0.47044435037621113
            ],
            "powdiff_prob": 0.9424
        },
        "binom": {
            "prevdiff_exp": 0.2003804512602575,
            "prevdiff_hdi": [
                -0.42096537519291255,
                0.751552573457396
            ],
            "prevdiff_prob": 0.7442,
            "powdiff_exp": 0.18001072523988026,
            "powdiff_hdi": [
                -0.3936470525743901,
                0.6977605694974172
            ],
            "powdiff_prob": 0.7366
        },
        "pval_group": 0.0048828125,
        "frac_H1_rej": 0.4482758620689655
    },
    "increase_pow": {
        "pcurve": {
            "prevdiff_exp": -0.26415107312602704,
            "prevdiff_hdi": [
                -0.666732507620306,
                0.17814954892896134
            ],
            "prevdiff_prob": 0.1476,
            "powdiff_exp": 0.5778222782120487,
            "powdiff_hdi": [
                0.3120525914498067,
                0.8091619932540624
            ],
            "powdiff_prob": 0.998
        },
        "binom": {
            "prevdiff_exp": 0.18134724031780283,
            "prevdiff_hdi": [
                -0.41085524822389996,
                0.7829015215454744
            ],
            "prevdiff_prob": 0.7148,
            "powdiff_exp": 0.15285154063153705,
            "powdiff_hdi": [
                -0.44046063338073094,
                0.694930345960663
            ],
            "powdiff_prob": 0.7082
        },
        "pval_group": 0.3095703125,
        "frac_H1_rej": 1.0
    },
    "baseline": {
        "frac_H1_rej": 0.35714285714285715
    }
}