{
    "increase_prev": {
        "pcurve": {
            "prevdiff_exp": 0.2725729243120958,
            "prevdiff_hdi": [
                -0.11380572815708911,
                0.6462408586870885
            ],
            "prevdiff_prob": 0.9096,
            "powdiff_exp": 0.009638271612687165,
            "powdiff_hdi": [
                -0.3166143837367815,
                0.32067363577954155
            ],
            "powdiff_prob": 0.5426
        },
        "binom": {
            "prevdiff_exp": 0.05690510709784661,
            "prevdiff_hdi": [
                -0.5448465811941846,
                0.5896036613956648
            ],
            "prevdiff_prob": 0.5812,
            "powdiff_exp": 0.04055793746418056,
            "powdiff_hdi": [
                -0.4870286760239793,
                0.5745010533922283
            ],
            "powdiff_prob": 0.5578
        },
        "pval_group": 0.08203125,
        "frac_H1_rej": 0.42857142857142855
    },
    "increase_pow": {
        "pcurve": {
            "prevdiff_exp": 0.14353129457165892,
            "prevdiff_hdi": [
                -0.3049041388001902,
                0.5833102508513301
            ],
            "prevdiff_prob": 0.7292,
            "powdiff_exp": 0.05237966336916129,
            "powdiff_hdi": [
                -0.3332372290295691,
                0.4096479103295586
            ],
            "powdiff_prob": 0.6122
        },
        "binom": {
            "prevdiff_exp": 0.0,
            "prevdiff_hdi": [
                0.0,
                0.0
            ],
            "prevdiff_prob": 0.0,
            "powdiff_exp": 0.0,
            "powdiff_hdi": [
                0.0,
                0.0
            ],
            "powdiff_prob": 0.0
        },
        "pval_group": 0.1728515625,
        "frac_H1_rej": 0.8333333333333334
    },
    "baseline": {
        "frac_H1_rej": 0.7142857142857143
    }
}