{
    "increase_prev": {
        "pcurve": {
            "prevdiff_exp": 0.29254561522617595,
            "prevdiff_hdi": [
                -0.07994823388667105,
                0.6832803338888993
            ],
            "prevdiff_prob": 0.9334,
            "powdiff_exp": 0.11148167423242317,
            "powdiff_hdi": [
                -0.19636981912145623,
                0.37514402351146786
            ],
            "powdiff_prob": 0.789
        },
        "binom": {
            "prevdiff_exp": 0.11513185863960784,
            "prevdiff_hdi": [
                -0.5019513351207843,
                0.6834897525314664
            ],
            "prevdiff_prob": 0.6508,
            "powdiff_exp": 0.10173007418960968,
            "powdiff_hdi": [
                -0.48776414028681725,
                0.6403295760368541
            ],
            "powdiff_prob": 0.642
        },
        "pval_group": 0.0234375,
        "frac_H1_rej": 0.3793103448275862
    },
    "increase_pow": {
        "pcurve": {
            "prevdiff_exp": 0.04160764105654439,
            "prevdiff_hdi": [
                -0.3946534522459735,
                0.4749760399921624
            ],
            "prevdiff_prob": 0.5644,
            "powdiff_exp": 0.3365082492329992,
            "powdiff_hdi": [
                0.00030532103579894443,
                0.6430361015601289
            ],
            "powdiff_prob": 0.967
        },
        "binom": {
            "prevdiff_exp": 0.198630845170522,
            "prevdiff_hdi": [
                -0.35708615240591746,
                0.7424931583026386
            ],
            "prevdiff_prob": 0.7498,
            "powdiff_exp": 0.20289068730660423,
            "powdiff_hdi": [
                -0.3435128745420697,
                0.6837769918460008
            ],
            "powdiff_prob": 0.7638
        },
        "pval_group": 0.1162109375,
        "frac_H1_rej": 0.9375
    },
    "baseline": {
        "frac_H1_rej": 0.42857142857142855
    }
}