{
    "increase_prev": {
        "pcurve": {
            "prevdiff_exp": 0.19353055730505903,
            "prevdiff_hdi": [
                -0.1633642231994109,
                0.6118481453015256
            ],
            "prevdiff_prob": 0.8132,
            "powdiff_exp": 0.24721322636152704,
            "powdiff_hdi": [
                -0.039900446670133594,
                0.4924707024779691
            ],
            "powdiff_prob": 0.9542
        },
        "binom": {
            "prevdiff_exp": 0.2358705197224826,
            "prevdiff_hdi": [
                -0.31139585837079886,
                0.7326651693531159
            ],
            "prevdiff_prob": 0.79,
            "powdiff_exp": 0.24824073109901243,
            "powdiff_hdi": [
                -0.26538307971165576,
                0.7268303801501576
            ],
            "powdiff_prob": 0.812
        },
        "pval_group": 0.001953125,
        "frac_H1_rej": 0.5862068965517241
    },
    "increase_pow": {
        "pcurve": {
            "prevdiff_exp": 0.15587578892104298,
            "prevdiff_hdi": [
                -0.23183349666037478,
                0.5730638515698153
            ],
            "prevdiff_prob": 0.754,
            "powdiff_exp": 0.34861403788327927,
            "powdiff_hdi": [
                0.0690468557894307,
                0.6046193463174615
            ],
            "powdiff_prob": 0.982
        },
        "binom": {
            "prevdiff_exp": 0.27803357597100387,
            "prevdiff_hdi": [
                -0.25548782021204364,
                0.7618609357484508
            ],
            "prevdiff_prob": 0.8232,
            "powdiff_exp": 0.2857198540478134,
            "powdiff_hdi": [
                -0.20116256032547364,
                0.764122863195918
            ],
            "powdiff_prob": 0.841
        },
        "pval_group": 0.0458984375,
        "frac_H1_rej": 1.0
    },
    "baseline": {
        "frac_H1_rej": 0.4166666666666667
    }
}