{
    "increase_prev": {
        "pcurve": {
            "prevdiff_exp": 0.20578734757114203,
            "prevdiff_hdi": [
                -0.18570242829104777,
                0.5772089825892843
            ],
            "prevdiff_prob": 0.843,
            "powdiff_exp": 0.06845468982508195,
            "powdiff_hdi": [
                -0.23905003811011177,
                0.34696338716397157
            ],
            "powdiff_prob": 0.6892
        },
        "binom": {
            "prevdiff_exp": 0.18062253881218956,
            "prevdiff_hdi": [
                -0.3789316948430904,
                0.7234811371995367
            ],
            "prevdiff_prob": 0.722,
            "powdiff_exp": 0.1801105926348034,
            "powdiff_hdi": [
                -0.411696681371733,
                0.6611925403527096
            ],
            "powdiff_prob": 0.7364
        },
        "pval_group": 0.0859375,
        "frac_H1_rej": 0.5185185185185185
    },
    "increase_pow": {
        "pcurve": {
            "prevdiff_exp": -0.03937578388606217,
            "prevdiff_hdi": [
                -0.43722095257834936,
                0.34279529562815814
            ],
            "prevdiff_prob": 0.4212,
            "powdiff_exp": 0.3422115280037571,
            "powdiff_hdi": [
                0.0242142603304778,
                0.6371854787543785
            ],
            "powdiff_prob": 0.974
        },
        "binom": {
            "prevdiff_exp": 0.198630845170522,
            "prevdiff_hdi": [
                -0.35708615240591746,
                0.7424931583026386
            ],
            "prevdiff_prob": 0.7498,
            "powdiff_exp": 0.20289068730660423,
            "powdiff_hdi": [
                -0.3435128745420697,
                0.6837769918460008
            ],
            "powdiff_prob": 0.7638
        },
        "pval_group": 0.8095703125,
        "frac_H1_rej": 1.0
    },
    "baseline": {
        "frac_H1_rej": 0.4117647058823529
    }
}