{
    "increase_prev": {
        "pcurve": {
            "prevdiff_exp": 0.13440161316296004,
            "prevdiff_hdi": [
                -0.3026694530820635,
                0.5959185383757974
            ],
            "prevdiff_prob": 0.6842,
            "powdiff_exp": 0.15899828314326184,
            "powdiff_hdi": [
                -0.14148654244476017,
                0.4398598086379349
            ],
            "powdiff_prob": 0.8722
        },
        "binom": {
            "prevdiff_exp": 0.13928078958962978,
            "prevdiff_hdi": [
                -0.43925150533188306,
                0.7378011009685618
            ],
            "prevdiff_prob": 0.6808,
            "powdiff_exp": 0.12866034020608225,
            "powdiff_hdi": [
                -0.43529067522658765,
                0.6778648915381699
            ],
            "powdiff_prob": 0.68
        },
        "pval_group": 0.0048828125,
        "frac_H1_rej": 0.4444444444444444
    },
    "increase_pow": {
        "pcurve": {
            "prevdiff_exp": -0.20902335648761913,
            "prevdiff_hdi": [
                -0.6121884057470496,
                0.2523853095797321
            ],
            "prevdiff_prob": 0.1988,
            "powdiff_exp": 0.5001414331731561,
            "powdiff_hdi": [
                0.20357876831039357,
                0.7666682304936007
            ],
            "powdiff_prob": 0.9932
        },
        "binom": {
            "prevdiff_exp": 0.18062253881218956,
            "prevdiff_hdi": [
                -0.3789316948430904,
                0.7234811371995367
            ],
            "prevdiff_prob": 0.722,
            "powdiff_exp": 0.1801105926348034,
            "powdiff_hdi": [
                -0.411696681371733,
                0.6611925403527096
            ],
            "powdiff_prob": 0.7364
        },
        "pval_group": 0.017578125,
        "frac_H1_rej": 1.0
    },
    "baseline": {
        "frac_H1_rej": 0.4666666666666667
    }
}