{
    "increase_prev": {
        "pcurve": {
            "prevdiff_exp": 0.40144314711483403,
            "prevdiff_hdi": [
                -0.05901874773666638,
                0.8359593996075257
            ],
            "prevdiff_prob": 0.9362,
            "powdiff_exp": 0.10803743190892756,
            "powdiff_hdi": [
                -0.32336038187154514,
                0.43084359350312296
            ],
            "powdiff_prob": 0.7448
        },
        "binom": {
            "prevdiff_exp": 0.2226889895403626,
            "prevdiff_hdi": [
                -0.3605755328540975,
                0.7810150693148055
            ],
            "prevdiff_prob": 0.7698,
            "powdiff_exp": 0.20430179306025814,
            "powdiff_hdi": [
                -0.3659388742499372,
                0.7235969266582232
            ],
            "powdiff_prob": 0.7584
        },
        "pval_group": 0.01171875,
        "frac_H1_rej": 0.5
    },
    "increase_pow": {
        "pcurve": {
            "prevdiff_exp": 0.07679007298369056,
            "prevdiff_hdi": [
                -0.4250025888225783,
                0.5750220188299513
            ],
            "prevdiff_prob": 0.626,
            "powdiff_exp": 0.30462735342878394,
            "powdiff_hdi": [
                -0.12400237168799966,
                0.6906278023072736
            ],
            "powdiff_prob": 0.903
        },
        "binom": {
            "prevdiff_exp": 0.18134724031780283,
            "prevdiff_hdi": [
                -0.41085524822389996,
                0.7829015215454744
            ],
            "prevdiff_prob": 0.7148,
            "powdiff_exp": 0.15285154063153705,
            "powdiff_hdi": [
                -0.44046063338073094,
                0.694930345960663
            ],
            "powdiff_prob": 0.7082
        },
        "pval_group": 0.5556640625,
        "frac_H1_rej": 0.9166666666666666
    },
    "baseline": {
        "frac_H1_rej": 0.38461538461538464
    }
}