{
    "increase_prev": {
        "pcurve": {
            "prevdiff_exp": 0.07230988333285347,
            "prevdiff_hdi": [
                -0.2596224193512193,
                0.43290212077219503
            ],
            "prevdiff_prob": 0.6446,
            "powdiff_exp": 0.10416057880319933,
            "powdiff_hdi": [
                -0.1275312441250211,
                0.34514385935214653
            ],
            "powdiff_prob": 0.808
        },
        "binom": {
            "prevdiff_exp": 0.03275617614782467,
            "prevdiff_hdi": [
                -0.5494100435902691,
                0.58470651030441
            ],
            "prevdiff_prob": 0.5458,
            "powdiff_exp": 0.013627671447707984,
            "powdiff_hdi": [
                -0.519616394713682,
                0.5550508367352915
            ],
            "powdiff_prob": 0.5266
        },
        "pval_group": 0.0205078125,
        "frac_H1_rej": 0.3793103448275862
    },
    "increase_pow": {
        "pcurve": {
            "prevdiff_exp": -0.19239831045072375,
            "prevdiff_hdi": [
                -0.5471879530382129,
                0.2079666756929004
            ],
            "prevdiff_prob": 0.1666,
            "powdiff_exp": 0.34044667936927914,
            "powdiff_hdi": [
                0.043915369325911,
                0.6060343452071172
            ],
            "powdiff_prob": 0.9854
        },
        "binom": {
            "prevdiff_exp": 0.09824685632040636,
            "prevdiff_hdi": [
                -0.4504361746328593,
                0.5949655075398061
            ],
            "prevdiff_prob": 0.6356,
            "powdiff_exp": 0.09200818989290167,
            "powdiff_hdi": [
                -0.41606465604034126,
                0.5700181479327263
            ],
            "powdiff_prob": 0.639
        },
        "pval_group": 0.244140625,
        "frac_H1_rej": 1.0
    },
    "baseline": {
        "frac_H1_rej": 0.5
    }
}