{
    "increase_prev": {
        "pcurve": {
            "prevdiff_exp": 0.3629343797447238,
            "prevdiff_hdi": [
                -0.008882834629988179,
                0.7258408117611621
            ],
            "prevdiff_prob": 0.9662,
            "powdiff_exp": 0.05724618544554504,
            "powdiff_hdi": [
                -0.26491328886476717,
                0.3544884916040444
            ],
            "powdiff_prob": 0.6616
        },
        "binom": {
            "prevdiff_exp": 0.10282434248343943,
            "prevdiff_hdi": [
                -0.46391285844393804,
                0.640850572071314
            ],
            "prevdiff_prob": 0.6488,
            "powdiff_exp": 0.0930043664675662,
            "powdiff_hdi": [
                -0.43314687785795697,
                0.619064719114842
            ],
            "powdiff_prob": 0.6322
        },
        "pval_group": 0.01171875,
        "frac_H1_rej": 0.43333333333333335
    },
    "increase_pow": {
        "pcurve": {
            "prevdiff_exp": -0.12235402989246272,
            "prevdiff_hdi": [
                -0.5291473667788977,
                0.2610393445733936
            ],
            "prevdiff_prob": 0.2848,
            "powdiff_exp": 0.3152272180089861,
            "powdiff_hdi": [
                -0.05436702196327636,
                0.6497808959811364
            ],
            "powdiff_prob": 0.9456
        },
        "binom": {
            "prevdiff_exp": 0.0837911315409848,
            "prevdiff_hdi": [
                -0.4678493899759329,
                0.674501780275422
            ],
            "prevdiff_prob": 0.6114,
            "powdiff_exp": 0.06584518185922297,
            "powdiff_hdi": [
                -0.49862899932598376,
                0.599270978656073
            ],
            "powdiff_prob": 0.5892
        },
        "pval_group": 0.484375,
        "frac_H1_rej": 1.0
    },
    "baseline": {
        "frac_H1_rej": 0.47058823529411764
    }
}