{
    "increase_prev": {
        "pcurve": {
            "prevdiff_exp": 0.45293881492726124,
            "prevdiff_hdi": [
                0.09134920163761062,
                0.7803546023048485
            ],
            "prevdiff_prob": 0.9902,
            "powdiff_exp": 0.018001513582070278,
            "powdiff_hdi": [
                -0.3246168548948352,
                0.3440794004710623
            ],
            "powdiff_prob": 0.5482
        },
        "binom": {
            "prevdiff_exp": 0.18134724031780283,
            "prevdiff_hdi": [
                -0.41085524822389996,
                0.7829015215454744
            ],
            "prevdiff_prob": 0.7148,
            "powdiff_exp": 0.15285154063153705,
            "powdiff_hdi": [
                -0.44046063338073094,
                0.694930345960663
            ],
            "powdiff_prob": 0.7082
        },
        "pval_group": 0.0087890625,
        "frac_H1_rej": 0.46153846153846156
    },
    "increase_pow": {
        "pcurve": {
            "prevdiff_exp": -0.11057404685441136,
            "prevdiff_hdi": [
                -0.5275571387208233,
                0.2765020645428828
            ],
            "prevdiff_prob": 0.296,
            "powdiff_exp": 0.24106522127933958,
            "powdiff_hdi": [
                -0.17203951470693568,
                0.6503028277124963
            ],
            "powdiff_prob": 0.8604
        },
        "binom": {
            "prevdiff_exp": 0.07303233242747637,
            "prevdiff_hdi": [
                -0.5623338333113961,
                0.7529875624528684
            ],
            "prevdiff_prob": 0.6,
            "powdiff_exp": 0.05340392641217003,
            "powdiff_hdi": [
                -0.5722234246978164,
                0.6843850638509389
            ],
            "powdiff_prob": 0.5692
        },
        "pval_group": 0.8837890625,
        "frac_H1_rej": 0.8
    },
    "baseline": {
        "frac_H1_rej": 0.45454545454545453
    }
}