{
    "increase_prev": {
        "pcurve": {
            "prevdiff_exp": -0.0575211852670451,
            "prevdiff_hdi": [
                -0.41591247025018074,
                0.32323130471054917
            ],
            "prevdiff_prob": 0.375,
            "powdiff_exp": 0.1205831221444632,
            "powdiff_hdi": [
                -0.15671659778336783,
                0.38730324596740595
            ],
            "powdiff_prob": 0.81
        },
        "binom": {
            "prevdiff_exp": 0.08416597694030455,
            "prevdiff_hdi": [
                -0.524650119485932,
                0.6720343787907468
            ],
            "prevdiff_prob": 0.6084,
            "powdiff_exp": 0.07251734820289443,
            "powdiff_hdi": [
                -0.4931761968061457,
                0.63541072855389
            ],
            "powdiff_prob": 0.5994
        },
        "pval_group": 0.1728515625,
        "frac_H1_rej": 0.39285714285714285
    },
    "increase_pow": {
        "pcurve": {
            "prevdiff_exp": -0.15237478247203343,
            "prevdiff_hdi": [
                -0.4677356817865191,
                0.19443633268300914
            ],
            "prevdiff_prob": 0.1846,
            "powdiff_exp": 0.38314508600536007,
            "powdiff_hdi": [
                0.1279778526551419,
                0.6133489384540933
            ],
            "powdiff_prob": 0.997
        },
        "binom": {
            "prevdiff_exp": 0.2318714790285736,
            "prevdiff_hdi": [
                -0.2844211942886189,
                0.7332259702947241
            ],
            "prevdiff_prob": 0.7816,
            "powdiff_exp": 0.22920894180149234,
            "powdiff_hdi": [
                -0.304989565225532,
                0.6604455880455685
            ],
            "powdiff_prob": 0.7906
        },
        "pval_group": 0.2470703125,
        "frac_H1_rej": 1.0
    },
    "baseline": {
        "frac_H1_rej": 0.4444444444444444
    }
}