{
    "increase_prev": {
        "pcurve": {
            "prevdiff_exp": 0.4295627948829816,
            "prevdiff_hdi": [
                0.051040650621871686,
                0.7602039572849609
            ],
            "prevdiff_prob": 0.98,
            "powdiff_exp": -0.010657999288413827,
            "powdiff_hdi": [
                -0.3774399835587773,
                0.32357907188165697
            ],
            "powdiff_prob": 0.4684
        },
        "binom": {
            "prevdiff_exp": 0.18038086167383757,
            "prevdiff_hdi": [
                -0.3461478898742931,
                0.6919228506700618
            ],
            "prevdiff_prob": 0.7328,
            "powdiff_exp": 0.18542557275215316,
            "powdiff_hdi": [
                -0.3247523544771336,
                0.6652507045765934
            ],
            "powdiff_prob": 0.7522
        },
        "pval_group": 0.001953125,
        "frac_H1_rej": 0.5862068965517241
    },
    "increase_pow": {
        "pcurve": {
            "prevdiff_exp": 0.12078814407891439,
            "prevdiff_hdi": [
                -0.32114881540921814,
                0.4993122858874093
            ],
            "prevdiff_prob": 0.7326,
            "powdiff_exp": 0.1651641405584161,
            "powdiff_hdi": [
                -0.22695239080914564,
                0.5593249655805272
            ],
            "powdiff_prob": 0.7862
        },
        "binom": {
            "prevdiff_exp": 0.12513288076354456,
            "prevdiff_hdi": [
                -0.42172648575651617,
                0.6718849915044207
            ],
            "prevdiff_prob": 0.665,
            "powdiff_exp": 0.11729543428794409,
            "powdiff_hdi": [
                -0.413050403286488,
                0.620603806694966
            ],
            "powdiff_prob": 0.6636
        },
        "pval_group": 0.701171875,
        "frac_H1_rej": 1.0
    },
    "baseline": {
        "frac_H1_rej": 0.6153846153846154
    }
}