{
    "increase_prev": {
        "pcurve": {
            "prevdiff_exp": 0.22830433817073836,
            "prevdiff_hdi": [
                -0.2849615248750994,
                0.7094754935626931
            ],
            "prevdiff_prob": 0.7956,
            "powdiff_exp": 0.09933360720230218,
            "powdiff_hdi": [
                -0.2087504505751156,
                0.3446795095137338
            ],
            "powdiff_prob": 0.798
        },
        "binom": {
            "prevdiff_exp": 0.0770765529075592,
            "prevdiff_hdi": [
                -0.5994589829363828,
                0.7297048968361697
            ],
            "prevdiff_prob": 0.6052,
            "powdiff_exp": 0.06526805638906776,
            "powdiff_hdi": [
                -0.565860684505309,
                0.7191157639342991
            ],
            "powdiff_prob": 0.5922
        },
        "pval_group": 0.0146484375,
        "frac_H1_rej": 0.2692307692307692
    },
    "increase_pow": {
        "pcurve": {
            "prevdiff_exp": 0.027761393862516366,
            "prevdiff_hdi": [
                -0.4563061538389935,
                0.5078179621714082
            ],
            "prevdiff_prob": 0.5298,
            "powdiff_exp": 0.3358368023434516,
            "powdiff_hdi": [
                0.025661776125088687,
                0.6231590890310535
            ],
            "powdiff_prob": 0.977
        },
        "binom": {
            "prevdiff_exp": 0.25769909171974875,
            "prevdiff_hdi": [
                -0.37303199111269214,
                0.8166293287071859
            ],
            "prevdiff_prob": 0.7928,
            "powdiff_exp": 0.2453786490238711,
            "powdiff_hdi": [
                -0.34456291192190425,
                0.771228693050741
            ],
            "powdiff_prob": 0.7932
        },
        "pval_group": 0.1796875,
        "frac_H1_rej": 1.0
    },
    "baseline": {
        "frac_H1_rej": 0.2857142857142857
    }
}