{
    "increase_prev": {
        "pcurve": {
            "prevdiff_exp": 0.43903611501566686,
            "prevdiff_hdi": [
                0.0392735370503976,
                0.7626567488317686
            ],
            "prevdiff_prob": 0.9866,
            "powdiff_exp": 0.20238607845203527,
            "powdiff_hdi": [
                -0.11649122922016886,
                0.5342432713278172
            ],
            "powdiff_prob": 0.8754
        },
        "binom": {
            "prevdiff_exp": 0.14770550208826908,
            "prevdiff_hdi": [
                -0.33817950754790715,
                0.6119480965121217
            ],
            "prevdiff_prob": 0.7062,
            "powdiff_exp": 0.15669159359859788,
            "powdiff_hdi": [
                -0.28209000656053795,
                0.6119216495375974
            ],
            "powdiff_prob": 0.7362
        },
        "pval_group": 0.0009765625,
        "frac_H1_rej": 0.6071428571428571
    },
    "increase_pow": {
        "pcurve": {
            "prevdiff_exp": 0.23880835216841761,
            "prevdiff_hdi": [
                -0.17055464849306323,
                0.647462816610029
            ],
            "prevdiff_prob": 0.8616,
            "powdiff_exp": 0.26218765309963454,
            "powdiff_hdi": [
                -0.0982723644290382,
                0.6047802742165472
            ],
            "powdiff_prob": 0.9192
        },
        "binom": {
            "prevdiff_exp": 0.10460263684164793,
            "prevdiff_hdi": [
                -0.41670099706974006,
                0.5912001786075288
            ],
            "prevdiff_prob": 0.6566,
            "powdiff_exp": 0.11940816556508703,
            "powdiff_hdi": [
                -0.35363874738123746,
                0.579447628120703
            ],
            "powdiff_prob": 0.695
        },
        "pval_group": 0.64453125,
        "frac_H1_rej": 1.0
    },
    "baseline": {
        "frac_H1_rej": 0.8461538461538461
    }
}