{
    "increase_prev": {
        "pcurve": {
            "prevdiff_exp": 0.33558456384635055,
            "prevdiff_hdi": [
                -0.23769537470652102,
                0.8817403054663422
            ],
            "prevdiff_prob": 0.8392,
            "powdiff_exp": 0.21687923447889285,
            "powdiff_hdi": [
                -0.15077684909722067,
                0.5738057951191081
            ],
            "powdiff_prob": 0.9018
        },
        "binom": {
            "prevdiff_exp": 0.24097287371020526,
            "prevdiff_hdi": [
                -0.41716178060129705,
                0.8418346277182667
            ],
            "prevdiff_prob": 0.7812,
            "powdiff_exp": 0.20371610974414417,
            "powdiff_hdi": [
                -0.40656218537683375,
                0.7823195103131289
            ],
            "powdiff_prob": 0.7606
        },
        "pval_group": 0.0009765625,
        "frac_H1_rej": 0.36666666666666664
    },
    "increase_pow": {
        "pcurve": {
            "prevdiff_exp": 0.23528774716558595,
            "prevdiff_hdi": [
                -0.3057337651645574,
                0.7204040608511966
            ],
            "prevdiff_prob": 0.7666,
            "powdiff_exp": 0.5501470625382353,
            "powdiff_hdi": [
                0.20621276097723018,
                0.810738292649739
            ],
            "powdiff_prob": 0.9862
        },
        "binom": {
            "prevdiff_exp": 0.3886783757984743,
            "prevdiff_hdi": [
                -0.18687924636423814,
                0.8832003505126289
            ],
            "prevdiff_prob": 0.8888,
            "powdiff_exp": 0.360407703342742,
            "powdiff_hdi": [
                -0.178500311868874,
                0.8601456238554152
            ],
            "powdiff_prob": 0.8788
        },
        "pval_group": 0.0009765625,
        "frac_H1_rej": 1.0
    },
    "baseline": {
        "frac_H1_rej": 0.25
    }
}