{
    "increase_prev": {
        "pcurve": {
            "prevdiff_exp": 0.23641542996413117,
            "prevdiff_hdi": [
                -0.17709882607047578,
                0.7511416967542115
            ],
            "prevdiff_prob": 0.8218,
            "powdiff_exp": 0.14360786248370677,
            "powdiff_hdi": [
                -0.1684672806752025,
                0.4043780396459613
            ],
            "powdiff_prob": 0.8572
        },
        "binom": {
            "prevdiff_exp": 0.23539055343964366,
            "prevdiff_hdi": [
                -0.3895634657335083,
                0.8322231647154883
            ],
            "prevdiff_prob": 0.7636,
            "powdiff_exp": 0.2210875812034932,
            "powdiff_hdi": [
                -0.39070904803429296,
                0.7636319710329034
            ],
            "powdiff_prob": 0.7692
        },
        "pval_group": 0.0009765625,
        "frac_H1_rej": 0.4482758620689655
    },
    "increase_pow": {
        "pcurve": {
            "prevdiff_exp": 0.0521227539076737,
            "prevdiff_hdi": [
                -0.4213535150260491,
                0.5579342608855596
            ],
            "prevdiff_prob": 0.5458,
            "powdiff_exp": 0.3436140156005971,
            "powdiff_hdi": [
                0.0018950117138504252,
                0.6418963026156226
            ],
            "powdiff_prob": 0.9664
        },
        "binom": {
            "prevdiff_exp": 0.2757073980780812,
            "prevdiff_hdi": [
                -0.3467688247133779,
                0.8035521512511697
            ],
            "prevdiff_prob": 0.8018,
            "powdiff_exp": 0.268158743695672,
            "powdiff_hdi": [
                -0.30109507152523607,
                0.807761469069551
            ],
            "powdiff_prob": 0.8074
        },
        "pval_group": 0.005859375,
        "frac_H1_rej": 0.8823529411764706
    },
    "baseline": {
        "frac_H1_rej": 0.5555555555555556
    }
}