{
    "increase_prev": {
        "pcurve": {
            "prevdiff_exp": 0.11863649141568787,
            "prevdiff_hdi": [
                -0.19221555005330104,
                0.47857431547693574
            ],
            "prevdiff_prob": 0.7408,
            "powdiff_exp": 0.17700504906946463,
            "powdiff_hdi": [
                -0.056949014570513656,
                0.3925128245341589
            ],
            "powdiff_prob": 0.9314
        },
        "binom": {
            "prevdiff_exp": 0.2003804512602575,
            "prevdiff_hdi": [
                -0.42096537519291255,
                0.751552573457396
            ],
            "prevdiff_prob": 0.7442,
            "powdiff_exp": 0.18001072523988026,
            "powdiff_hdi": [
                -0.3936470525743901,
                0.6977605694974172
            ],
            "powdiff_prob": 0.7366
        },
        "pval_group": 0.0068359375,
        "frac_H1_rej": 0.4482758620689655
    },
    "increase_pow": {
        "pcurve": {
            "prevdiff_exp": -0.3693936624352286,
            "prevdiff_hdi": [
                -0.72541478853435,
                -0.009871315510821543
            ],
            "prevdiff_prob": 0.0388,
            "powdiff_exp": 0.4514234643601222,
            "powdiff_hdi": [
                0.16663789686912894,
                0.6983464491234348
            ],
            "powdiff_prob": 0.9962
        },
        "binom": {
            "prevdiff_exp": 0.1571983093677809,
            "prevdiff_hdi": [
                -0.4867250936871952,
                0.7270621900660879
            ],
            "prevdiff_prob": 0.6946,
            "powdiff_exp": 0.12592127461506447,
            "powdiff_hdi": [
                -0.479039484569405,
                0.6889912720634819
            ],
            "powdiff_prob": 0.678
        },
        "pval_group": 0.53515625,
        "frac_H1_rej": 0.9090909090909091
    },
    "baseline": {
        "frac_H1_rej": 0.25
    }
}