{
    "increase_prev": {
        "pcurve": {
            "prevdiff_exp": 0.2135982661961886,
            "prevdiff_hdi": [
                -0.20571139995518528,
                0.6061956835139279
            ],
            "prevdiff_prob": 0.831,
            "powdiff_exp": 0.0034040117338490013,
            "powdiff_hdi": [
                -0.33373556719543374,
                0.29297652141836955
            ],
            "powdiff_prob": 0.5264
        },
        "binom": {
            "prevdiff_exp": 0.03275617614782467,
            "prevdiff_hdi": [
                -0.5494100435902691,
                0.58470651030441
            ],
            "prevdiff_prob": 0.5458,
            "powdiff_exp": 0.013627671447707984,
            "powdiff_hdi": [
                -0.519616394713682,
                0.5550508367352915
            ],
            "powdiff_prob": 0.5266
        },
        "pval_group": 0.0341796875,
        "frac_H1_rej": 0.4074074074074074
    },
    "increase_pow": {
        "pcurve": {
            "prevdiff_exp": -0.04737553097048894,
            "prevdiff_hdi": [
                -0.44418232192292556,
                0.36591068733402066
            ],
            "prevdiff_prob": 0.4206,
            "powdiff_exp": 0.32421500730275604,
            "powdiff_hdi": [
                -0.012961557912366528,
                0.6256727783368705
            ],
            "powdiff_prob": 0.962
        },
        "binom": {
            "prevdiff_exp": 0.11625516267873881,
            "prevdiff_hdi": [
                -0.423474866124348,
                0.6302312852007835
            ],
            "prevdiff_prob": 0.6606,
            "powdiff_exp": 0.11478828456470255,
            "powdiff_hdi": [
                -0.40506046247352656,
                0.5825808480598362
            ],
            "powdiff_prob": 0.6716
        },
        "pval_group": 0.4423828125,
        "frac_H1_rej": 1.0
    },
    "baseline": {
        "frac_H1_rej": 0.6666666666666666
    }
}