{
    "increase_prev": {
        "pcurve": {
            "prevdiff_exp": 0.3084223828439753,
            "prevdiff_hdi": [
                -0.05850737975150255,
                0.7345327098615253
            ],
            "prevdiff_prob": 0.9326,
            "powdiff_exp": 0.18074162462751592,
            "powdiff_hdi": [
                -0.0922514221835613,
                0.4174051464254434
            ],
            "powdiff_prob": 0.9068
        },
        "binom": {
            "prevdiff_exp": 0.21635734249718902,
            "prevdiff_hdi": [
                -0.41850166710642706,
                0.7937426377387214
            ],
            "prevdiff_prob": 0.7456,
            "powdiff_exp": 0.19392839659515002,
            "powdiff_hdi": [
                -0.41134146749219225,
                0.7751400561832572
            ],
            "powdiff_prob": 0.741
        },
        "pval_group": 0.0009765625,
        "frac_H1_rej": 0.4
    },
    "increase_pow": {
        "pcurve": {
            "prevdiff_exp": -0.10297112908409085,
            "prevdiff_hdi": [
                -0.5374078913051197,
                0.32334265906992166
            ],
            "prevdiff_prob": 0.336,
            "powdiff_exp": 0.4482310194626056,
            "powdiff_hdi": [
                0.1395610365997041,
                0.7173177294405093
            ],
            "powdiff_prob": 0.9934
        },
        "binom": {
            "prevdiff_exp": 0.21635734249718902,
            "prevdiff_hdi": [
                -0.41850166710642706,
                0.7937426377387214
            ],
            "prevdiff_prob": 0.7456,
            "powdiff_exp": 0.19392839659515002,
            "powdiff_hdi": [
                -0.41134146749219225,
                0.7751400561832572
            ],
            "powdiff_prob": 0.741
        },
        "pval_group": 0.5458984375,
        "frac_H1_rej": 0.9230769230769231
    },
    "baseline": {
        "frac_H1_rej": 0.3333333333333333
    }
}