{
    "increase_prev": {
        "pcurve": {
            "prevdiff_exp": 0.49262179123723016,
            "prevdiff_hdi": [
                0.14909713595941732,
                0.8133971745346791
            ],
            "prevdiff_prob": 0.987,
            "powdiff_exp": 0.01550617304846598,
            "powdiff_hdi": [
                -0.36615963039524013,
                0.41264036375447105
            ],
            "powdiff_prob": 0.52
        },
        "binom": {
            "prevdiff_exp": 0.26283736072787695,
            "prevdiff_hdi": [
                -0.2882583031759345,
                0.7353424429797546
            ],
            "prevdiff_prob": 0.8166,
            "powdiff_exp": 0.2584216677882076,
            "powdiff_hdi": [
                -0.22983240770080904,
                0.7310518251192848
            ],
            "powdiff_prob": 0.8218
        },
        "pval_group": 0.0068359375,
        "frac_H1_rej": 0.6206896551724138
    },
    "increase_pow": {
        "pcurve": {
            "prevdiff_exp": 0.16991098337511956,
            "prevdiff_hdi": [
                -0.20364425071628706,
                0.5132690005720075
            ],
            "prevdiff_prob": 0.8384,
            "powdiff_exp": 0.2098845476378026,
            "powdiff_hdi": [
                -0.1812642055966227,
                0.6243917177425524
            ],
            "powdiff_prob": 0.829
        },
        "binom": {
            "prevdiff_exp": 0.18062253881218956,
            "prevdiff_hdi": [
                -0.3789316948430904,
                0.7234811371995367
            ],
            "prevdiff_prob": 0.722,
            "powdiff_exp": 0.1801105926348034,
            "powdiff_hdi": [
                -0.411696681371733,
                0.6611925403527096
            ],
            "powdiff_prob": 0.7364
        },
        "pval_group": 0.5322265625,
        "frac_H1_rej": 0.9333333333333333
    },
    "baseline": {
        "frac_H1_rej": 0.42857142857142855
    }
}