{
    "increase_prev": {
        "pcurve": {
            "prevdiff_exp": 0.25030284958006205,
            "prevdiff_hdi": [
                -0.2607524101530434,
                0.8019201499938649
            ],
            "prevdiff_prob": 0.783,
            "powdiff_exp": 0.26244829048599516,
            "powdiff_hdi": [
                -0.050658132284633006,
                0.6126806364861304
            ],
            "powdiff_prob": 0.9398
        },
        "binom": {
            "prevdiff_exp": 0.39779950302597844,
            "prevdiff_hdi": [
                -0.23510207427013696,
                0.9245821701548447
            ],
            "prevdiff_prob": 0.874,
            "powdiff_exp": 0.42876736986010056,
            "powdiff_hdi": [
                -0.17143320978800292,
                0.936296673848556
            ],
            "powdiff_prob": 0.8974
        },
        "pval_group": 0.0009765625,
        "frac_H1_rej": 0.5517241379310345
    },
    "increase_pow": {
        "pcurve": {
            "prevdiff_exp": 0.20753781898039542,
            "prevdiff_hdi": [
                -0.2887998345633498,
                0.7425107279834329
            ],
            "prevdiff_prob": 0.7258,
            "powdiff_exp": 0.4556892017216351,
            "powdiff_hdi": [
                0.1253237269678158,
                0.7326865069651517
            ],
            "powdiff_prob": 0.978
        },
        "binom": {
            "prevdiff_exp": 0.4560985835157266,
            "prevdiff_hdi": [
                -0.15226178448186878,
                0.9386685676924953
            ],
            "prevdiff_prob": 0.9,
            "powdiff_exp": 0.4933489841532172,
            "powdiff_hdi": [
                -0.08788366526887426,
                0.9417812154070385
            ],
            "powdiff_prob": 0.9268
        },
        "pval_group": 0.0107421875,
        "frac_H1_rej": 1.0
    },
    "baseline": {
        "frac_H1_rej": 0.2857142857142857
    }
}