{
    "increase_prev": {
        "pcurve": {
            "prevdiff_exp": 0.2298901317976091,
            "prevdiff_hdi": [
                -0.17862722587505864,
                0.6664299433931277
            ],
            "prevdiff_prob": 0.8428,
            "powdiff_exp": 0.12789981578187326,
            "powdiff_hdi": [
                -0.15167773267911316,
                0.36917377474932855
            ],
            "powdiff_prob": 0.8446
        },
        "binom": {
            "prevdiff_exp": 0.12444213321995623,
            "prevdiff_hdi": [
                -0.4981916736341053,
                0.7353036702573679
            ],
            "prevdiff_prob": 0.6566,
            "powdiff_exp": 0.11229360316735647,
            "powdiff_hdi": [
                -0.47725614413824463,
                0.6833486727929745
            ],
            "powdiff_prob": 0.6448
        },
        "pval_group": 0.0009765625,
        "frac_H1_rej": 0.3448275862068966
    },
    "increase_pow": {
        "pcurve": {
            "prevdiff_exp": -0.004098133368821135,
            "prevdiff_hdi": [
                -0.42117337891976,
                0.4348715518970598
            ],
            "prevdiff_prob": 0.474,
            "powdiff_exp": 0.4534446321401625,
            "powdiff_hdi": [
                0.1807166917856844,
                0.7140576768536189
            ],
            "powdiff_prob": 0.9938
        },
        "binom": {
            "prevdiff_exp": 0.26180094620942884,
            "prevdiff_hdi": [
                -0.3047039655365804,
                0.7948452577293971
            ],
            "prevdiff_prob": 0.8082,
            "powdiff_exp": 0.24532944018015146,
            "powdiff_hdi": [
                -0.28797136276548246,
                0.7443072011273018
            ],
            "powdiff_prob": 0.8018
        },
        "pval_group": 0.1669921875,
        "frac_H1_rej": 1.0
    },
    "baseline": {
        "frac_H1_rej": 0.5
    }
}