{
    "increase_prev": {
        "pcurve": {
            "prevdiff_exp": 0.36551277564629536,
            "prevdiff_hdi": [
                -0.17303758392036106,
                0.8308569714518557
            ],
            "prevdiff_prob": 0.881,
            "powdiff_exp": 0.12676700552251738,
            "powdiff_hdi": [
                -0.35057938772331343,
                0.48608785629941725
            ],
            "powdiff_prob": 0.7498
        },
        "binom": {
            "prevdiff_exp": 0.24097287371020526,
            "prevdiff_hdi": [
                -0.41716178060129705,
                0.8418346277182667
            ],
            "prevdiff_prob": 0.7812,
            "powdiff_exp": 0.20371610974414417,
            "powdiff_hdi": [
                -0.40656218537683375,
                0.7823195103131289
            ],
            "powdiff_prob": 0.7606
        },
        "pval_group": 0.0068359375,
        "frac_H1_rej": 0.36666666666666664
    },
    "increase_pow": {
        "pcurve": {
            "prevdiff_exp": 0.23464777434618736,
            "prevdiff_hdi": [
                -0.29350229651472326,
                0.6583308073324191
            ],
            "prevdiff_prob": 0.7952,
            "powdiff_exp": 0.4920960880479826,
            "powdiff_hdi": [
                0.04229168729658783,
                0.8119217851161197
            ],
            "powdiff_prob": 0.968
        },
        "binom": {
            "prevdiff_exp": 0.3886783757984743,
            "prevdiff_hdi": [
                -0.18687924636423814,
                0.8832003505126289
            ],
            "prevdiff_prob": 0.8888,
            "powdiff_exp": 0.360407703342742,
            "powdiff_hdi": [
                -0.178500311868874,
                0.8601456238554152
            ],
            "powdiff_prob": 0.8788
        },
        "pval_group": 0.0087890625,
        "frac_H1_rej": 1.0
    },
    "baseline": {
        "frac_H1_rej": 0.4444444444444444
    }
}