{
    "increase_prev": {
        "pcurve": {
            "prevdiff_exp": 0.32329263438294376,
            "prevdiff_hdi": [
                -0.03102312085604242,
                0.6951089230968748
            ],
            "prevdiff_prob": 0.9558,
            "powdiff_exp": 0.039043191614824495,
            "powdiff_hdi": [
                -0.31691149179257677,
                0.31943641571199294
            ],
            "powdiff_prob": 0.6228
        },
        "binom": {
            "prevdiff_exp": 0.1642448374326108,
            "prevdiff_hdi": [
                -0.3787641881454532,
                0.6650928293874636
            ],
            "prevdiff_prob": 0.718,
            "powdiff_exp": 0.15832308140783743,
            "powdiff_hdi": [
                -0.3787338833513173,
                0.6140403466343308
            ],
            "powdiff_prob": 0.717
        },
        "pval_group": 0.0283203125,
        "frac_H1_rej": 0.5172413793103449
    },
    "increase_pow": {
        "pcurve": {
            "prevdiff_exp": -0.14563768773063526,
            "prevdiff_hdi": [
                -0.5820475297469104,
                0.27054940506663394
            ],
            "prevdiff_prob": 0.2666,
            "powdiff_exp": 0.18047574860651053,
            "powdiff_hdi": [
                -0.22136347982089166,
                0.5617597539527969
            ],
            "powdiff_prob": 0.8036
        },
        "binom": {
            "prevdiff_exp": 0.059642200590962854,
            "prevdiff_hdi": [
                -0.5372476920602589,
                0.6438613336255519
            ],
            "prevdiff_prob": 0.5774,
            "powdiff_exp": 0.038914915842750405,
            "powdiff_hdi": [
                -0.53679028020581,
                0.5702679956246971
            ],
            "powdiff_prob": 0.5574
        },
        "pval_group": 0.5185546875,
        "frac_H1_rej": 0.9166666666666666
    },
    "baseline": {
        "frac_H1_rej": 0.5833333333333334
    }
}