{
    "increase_prev": {
        "pcurve": {
            "prevdiff_exp": 0.4046101056985126,
            "prevdiff_hdi": [
                -0.036437213142169855,
                0.8093768944192755
            ],
            "prevdiff_prob": 0.9608,
            "powdiff_exp": 0.22550575655664998,
            "powdiff_hdi": [
                -0.09690814368916167,
                0.4951376297249921
            ],
            "powdiff_prob": 0.918
        },
        "binom": {
            "prevdiff_exp": 0.25769909171974875,
            "prevdiff_hdi": [
                -0.37303199111269214,
                0.8166293287071859
            ],
            "prevdiff_prob": 0.7928,
            "powdiff_exp": 0.2453786490238711,
            "powdiff_hdi": [
                -0.34456291192190425,
                0.771228693050741
            ],
            "powdiff_prob": 0.7932
        },
        "pval_group": 0.025390625,
        "frac_H1_rej": 0.4642857142857143
    },
    "increase_pow": {
        "pcurve": {
            "prevdiff_exp": 0.0804731794458304,
            "prevdiff_hdi": [
                -0.42007807543703224,
                0.5219276878799316
            ],
            "prevdiff_prob": 0.6278,
            "powdiff_exp": 0.4005649985108628,
            "powdiff_hdi": [
                0.06518636270538303,
                0.7285848915288506
            ],
            "powdiff_prob": 0.9774
        },
        "binom": {
            "prevdiff_exp": 0.23539055343964366,
            "prevdiff_hdi": [
                -0.3895634657335083,
                0.8322231647154883
            ],
            "prevdiff_prob": 0.7636,
            "powdiff_exp": 0.2210875812034932,
            "powdiff_hdi": [
                -0.39070904803429296,
                0.7636319710329034
            ],
            "powdiff_prob": 0.7692
        },
        "pval_group": 0.0087890625,
        "frac_H1_rej": 1.0
    },
    "baseline": {
        "frac_H1_rej": 0.3125
    }
}