{
    "increase_prev": {
        "pcurve": {
            "prevdiff_exp": 0.3339544281067764,
            "prevdiff_hdi": [
                -0.019281763988291956,
                0.6813398158668289
            ],
            "prevdiff_prob": 0.9656,
            "powdiff_exp": 0.12470402895716051,
            "powdiff_hdi": [
                -0.1809901879649064,
                0.40376539375174453
            ],
            "powdiff_prob": 0.8006
        },
        "binom": {
            "prevdiff_exp": 0.18876861378195248,
            "prevdiff_hdi": [
                -0.3601402524251879,
                0.7099454161478973
            ],
            "prevdiff_prob": 0.7384,
            "powdiff_exp": 0.19192551376798145,
            "powdiff_hdi": [
                -0.32054706837046865,
                0.6882465635812046
            ],
            "powdiff_prob": 0.758
        },
        "pval_group": 0.0029296875,
        "frac_H1_rej": 0.5333333333333333
    },
    "increase_pow": {
        "pcurve": {
            "prevdiff_exp": 0.13939322031077692,
            "prevdiff_hdi": [
                -0.3000599909132793,
                0.5377559215040038
            ],
            "prevdiff_prob": 0.7394,
            "powdiff_exp": 0.2689833390717294,
            "powdiff_hdi": [
                -0.060131382115582666,
                0.5887822523614588
            ],
            "powdiff_prob": 0.9326
        },
        "binom": {
            "prevdiff_exp": 0.2318714790285736,
            "prevdiff_hdi": [
                -0.2844211942886189,
                0.7332259702947241
            ],
            "prevdiff_prob": 0.7816,
            "powdiff_exp": 0.22920894180149234,
            "powdiff_hdi": [
                -0.304989565225532,
                0.6604455880455685
            ],
            "powdiff_prob": 0.7906
        },
        "pval_group": 0.216796875,
        "frac_H1_rej": 0.9333333333333333
    },
    "baseline": {
        "frac_H1_rej": 0.5384615384615384
    }
}