{
    "increase_prev": {
        "pcurve": {
            "prevdiff_exp": 0.23348706271710085,
            "prevdiff_hdi": [
                -0.1271440489530643,
                0.632194382287119
            ],
            "prevdiff_prob": 0.8812,
            "powdiff_exp": 0.14628297364433296,
            "powdiff_hdi": [
                -0.1410928419471762,
                0.4090927968811063
            ],
            "powdiff_prob": 0.8506
        },
        "binom": {
            "prevdiff_exp": 0.1676649634712187,
            "prevdiff_hdi": [
                -0.40451892741105544,
                0.6857561374020695
            ],
            "prevdiff_prob": 0.7238,
            "powdiff_exp": 0.17367796131988902,
            "powdiff_hdi": [
                -0.33026957917358235,
                0.6876691878359391
            ],
            "powdiff_prob": 0.7338
        },
        "pval_group": 0.0009765625,
        "frac_H1_rej": 0.5172413793103449
    },
    "increase_pow": {
        "pcurve": {
            "prevdiff_exp": -0.08196948067973707,
            "prevdiff_hdi": [
                -0.4839091704379311,
                0.3112643742860375
            ],
            "prevdiff_prob": 0.3502,
            "powdiff_exp": 0.45093692396954377,
            "powdiff_hdi": [
                0.16680652427274167,
                0.7225625023416488
            ],
            "powdiff_prob": 0.9966
        },
        "binom": {
            "prevdiff_exp": 0.18876861378195248,
            "prevdiff_hdi": [
                -0.3601402524251879,
                0.7099454161478973
            ],
            "prevdiff_prob": 0.7384,
            "powdiff_exp": 0.19192551376798145,
            "powdiff_hdi": [
                -0.32054706837046865,
                0.6882465635812046
            ],
            "powdiff_prob": 0.758
        },
        "pval_group": 0.0390625,
        "frac_H1_rej": 1.0
    },
    "baseline": {
        "frac_H1_rej": 0.38461538461538464
    }
}