{
    "increase_prev": {
        "pcurve": {
            "prevdiff_exp": 0.11888363764129033,
            "prevdiff_hdi": [
                -0.15762780858702918,
                0.4656520556711551
            ],
            "prevdiff_prob": 0.769,
            "powdiff_exp": 0.1206617587910614,
            "powdiff_hdi": [
                -0.10308145754062015,
                0.3446253938485739
            ],
            "powdiff_prob": 0.8546
        },
        "binom": {
            "prevdiff_exp": 0.10831490789032648,
            "prevdiff_hdi": [
                -0.5019099045829167,
                0.6588128193176792
            ],
            "prevdiff_prob": 0.6384,
            "powdiff_exp": 0.09944761421936701,
            "powdiff_hdi": [
                -0.46053350532630905,
                0.6248992146799097
            ],
            "powdiff_prob": 0.6358
        },
        "pval_group": 0.0556640625,
        "frac_H1_rej": 0.4
    },
    "increase_pow": {
        "pcurve": {
            "prevdiff_exp": -0.38003467835264837,
            "prevdiff_hdi": [
                -0.7037498424067372,
                -0.033056257833887215
            ],
            "prevdiff_prob": 0.0244,
            "powdiff_exp": 0.36249324236342345,
            "powdiff_hdi": [
                0.07502067690046088,
                0.6538167019026191
            ],
            "powdiff_prob": 0.9858
        },
        "binom": {
            "prevdiff_exp": 0.08416597694030455,
            "prevdiff_hdi": [
                -0.524650119485932,
                0.6720343787907468
            ],
            "prevdiff_prob": 0.6084,
            "powdiff_exp": 0.07251734820289443,
            "powdiff_hdi": [
                -0.4931761968061457,
                0.63541072855389
            ],
            "powdiff_prob": 0.5994
        },
        "pval_group": 0.7646484375,
        "frac_H1_rej": 1.0
    },
    "baseline": {
        "frac_H1_rej": 0.4444444444444444
    }
}