{
    "increase_prev": {
        "pcurve": {
            "prevdiff_exp": 0.15667566708288405,
            "prevdiff_hdi": [
                -0.2182990279942344,
                0.569445698879347
            ],
            "prevdiff_prob": 0.7726,
            "powdiff_exp": 0.19189127828597885,
            "powdiff_hdi": [
                -0.06542500147035268,
                0.4424292206481543
            ],
            "powdiff_prob": 0.9272
        },
        "binom": {
            "prevdiff_exp": 0.24069729589869504,
            "prevdiff_hdi": [
                -0.3410728119937153,
                0.7668833485590058
            ],
            "prevdiff_prob": 0.7808,
            "powdiff_exp": 0.22708188773205903,
            "powdiff_hdi": [
                -0.3226554230284957,
                0.7416846982553135
            ],
            "powdiff_prob": 0.779
        },
        "pval_group": 0.0302734375,
        "frac_H1_rej": 0.5172413793103449
    },
    "increase_pow": {
        "pcurve": {
            "prevdiff_exp": -0.17330912534082882,
            "prevdiff_hdi": [
                -0.5458085430298241,
                0.27057033069736897
            ],
            "prevdiff_prob": 0.2082,
            "powdiff_exp": 0.39112477948261326,
            "powdiff_hdi": [
                0.08929975761645359,
                0.6663554512266516
            ],
            "powdiff_prob": 0.986
        },
        "binom": {
            "prevdiff_exp": 0.2226889895403626,
            "prevdiff_hdi": [
                -0.3605755328540975,
                0.7810150693148055
            ],
            "prevdiff_prob": 0.7698,
            "powdiff_exp": 0.20430179306025814,
            "powdiff_hdi": [
                -0.3659388742499372,
                0.7235969266582232
            ],
            "powdiff_prob": 0.7584
        },
        "pval_group": 0.17578125,
        "frac_H1_rej": 1.0
    },
    "baseline": {
        "frac_H1_rej": 0.375
    }
}