{
    "increase_prev": {
        "pcurve": {
            "prevdiff_exp": 0.24713298858114371,
            "prevdiff_hdi": [
                -0.17804249783678416,
                0.6609750949000173
            ],
            "prevdiff_prob": 0.868,
            "powdiff_exp": -0.005670015162149639,
            "powdiff_hdi": [
                -0.3679010299535461,
                0.29937661981984787
            ],
            "powdiff_prob": 0.5052
        },
        "binom": {
            "prevdiff_exp": 0.08349898653091416,
            "prevdiff_hdi": [
                -0.42967454664218535,
                0.5774135488198915
            ],
            "prevdiff_prob": 0.6206,
            "powdiff_exp": 0.10116061311699458,
            "powdiff_hdi": [
                -0.38744821883804315,
                0.5545241342460974
            ],
            "powdiff_prob": 0.6596
        },
        "pval_group": 0.138671875,
        "frac_H1_rej": 0.5357142857142857
    },
    "increase_pow": {
        "pcurve": {
            "prevdiff_exp": -0.02117750102734742,
            "prevdiff_hdi": [
                -0.46228505919833196,
                0.38283236914603225
            ],
            "prevdiff_prob": 0.4666,
            "powdiff_exp": 0.2450676714092222,
            "powdiff_hdi": [
                -0.12761200425861313,
                0.6020370498864804
            ],
            "powdiff_prob": 0.8956
        },
        "binom": {
            "prevdiff_exp": 0.043182141892476565,
            "prevdiff_hdi": [
                -0.5029925486904867,
                0.5534747115350769
            ],
            "prevdiff_prob": 0.5506,
            "powdiff_exp": 0.0540894506248158,
            "powdiff_hdi": [
                -0.4446612502998172,
                0.5544465689856881
            ],
            "powdiff_prob": 0.5762
        },
        "pval_group": 0.205078125,
        "frac_H1_rej": 0.9230769230769231
    },
    "baseline": {
        "frac_H1_rej": 0.6470588235294118
    }
}