{
    "increase_prev": {
        "pcurve": {
            "prevdiff_exp": 0.3545472760542838,
            "prevdiff_hdi": [
                -0.11974772401996292,
                0.7898573749243355
            ],
            "prevdiff_prob": 0.9192,
            "powdiff_exp": 0.22155043168465122,
            "powdiff_hdi": [
                -0.11047955985306995,
                0.532213162929393
            ],
            "powdiff_prob": 0.8952
        },
        "binom": {
            "prevdiff_exp": 0.26180094620942884,
            "prevdiff_hdi": [
                -0.3047039655365804,
                0.7948452577293971
            ],
            "prevdiff_prob": 0.8082,
            "powdiff_exp": 0.24532944018015146,
            "powdiff_hdi": [
                -0.28797136276548246,
                0.7443072011273018
            ],
            "powdiff_prob": 0.8018
        },
        "pval_group": 0.00390625,
        "frac_H1_rej": 0.5555555555555556
    },
    "increase_pow": {
        "pcurve": {
            "prevdiff_exp": 0.060099689060532,
            "prevdiff_hdi": [
                -0.3954051251742047,
                0.5222332297994049
            ],
            "prevdiff_prob": 0.6,
            "powdiff_exp": 0.5170259962000507,
            "powdiff_hdi": [
                0.1985347235306827,
                0.7901032860013892
            ],
            "powdiff_prob": 0.9942
        },
        "binom": {
            "prevdiff_exp": 0.2779369704506556,
            "prevdiff_hdi": [
                -0.2737774460728357,
                0.8092702994395001
            ],
            "prevdiff_prob": 0.817,
            "powdiff_exp": 0.2724319315244672,
            "powdiff_hdi": [
                -0.28101156148382767,
                0.7540020273771277
            ],
            "powdiff_prob": 0.8242
        },
        "pval_group": 0.662109375,
        "frac_H1_rej": 1.0
    },
    "baseline": {
        "frac_H1_rej": 0.42857142857142855
    }
}