{
    "increase_prev": {
        "pcurve": {
            "prevdiff_exp": 0.13618765411772582,
            "prevdiff_hdi": [
                -0.25902021364291805,
                0.5397929316880437
            ],
            "prevdiff_prob": 0.7332,
            "powdiff_exp": 0.044596307947619845,
            "powdiff_hdi": [
                -0.2877150043571355,
                0.3317186330681291
            ],
            "powdiff_prob": 0.6298
        },
        "binom": {
            "prevdiff_exp": 0.1676649634712187,
            "prevdiff_hdi": [
                -0.40451892741105544,
                0.6857561374020695
            ],
            "prevdiff_prob": 0.7238,
            "powdiff_exp": 0.17367796131988902,
            "powdiff_hdi": [
                -0.33026957917358235,
                0.6876691878359391
            ],
            "powdiff_prob": 0.7338
        },
        "pval_group": 0.7392578125,
        "frac_H1_rej": 0.5357142857142857
    },
    "increase_pow": {
        "pcurve": {
            "prevdiff_exp": -0.15731371722587723,
            "prevdiff_hdi": [
                -0.5518567235617047,
                0.2537391102000834
            ],
            "prevdiff_prob": 0.2306,
            "powdiff_exp": 0.29103737095475096,
            "powdiff_hdi": [
                -0.0427548839022196,
                0.6078076883755603
            ],
            "powdiff_prob": 0.9446
        },
        "binom": {
            "prevdiff_exp": 0.10831490789032648,
            "prevdiff_hdi": [
                -0.5019099045829167,
                0.6588128193176792
            ],
            "prevdiff_prob": 0.6384,
            "powdiff_exp": 0.09944761421936701,
            "powdiff_hdi": [
                -0.46053350532630905,
                0.6248992146799097
            ],
            "powdiff_prob": 0.6358
        },
        "pval_group": 0.6884765625,
        "frac_H1_rej": 0.9166666666666666
    },
    "baseline": {
        "frac_H1_rej": 0.4
    }
}