{
    "increase_prev": {
        "pcurve": {
            "prevdiff_exp": 0.22302864834559258,
            "prevdiff_hdi": [
                -0.11631395300320446,
                0.5212045413372528
            ],
            "prevdiff_prob": 0.9074,
            "powdiff_exp": 0.025617344479402844,
            "powdiff_hdi": [
                -0.2504611765006435,
                0.3053210003500334
            ],
            "powdiff_prob": 0.571
        },
        "binom": {
            "prevdiff_exp": 0.07755651919039815,
            "prevdiff_hdi": [
                -0.37645983593406407,
                0.570073280283367
            ],
            "prevdiff_prob": 0.6162,
            "powdiff_exp": 0.09242120628458694,
            "powdiff_hdi": [
                -0.38020134646640735,
                0.5107616572153441
            ],
            "powdiff_prob": 0.649
        },
        "pval_group": 0.0361328125,
        "frac_H1_rej": 0.5666666666666667
    },
    "increase_pow": {
        "pcurve": {
            "prevdiff_exp": -0.12214506514069565,
            "prevdiff_hdi": [
                -0.45202210323464,
                0.22589938562747136
            ],
            "prevdiff_prob": 0.2536,
            "powdiff_exp": 0.3134867691342464,
            "powdiff_hdi": [
                0.017635632276740865,
                0.5883423512705978
            ],
            "powdiff_prob": 0.9778
        },
        "binom": {
            "prevdiff_exp": 0.06142049494917137,
            "prevdiff_hdi": [
                -0.42162751874341997,
                0.5274671573053096
            ],
            "prevdiff_prob": 0.6038,
            "powdiff_exp": 0.06531871494027121,
            "powdiff_hdi": [
                -0.38265984014152266,
                0.4956435850218767
            ],
            "powdiff_prob": 0.6078
        },
        "pval_group": 0.3212890625,
        "frac_H1_rej": 0.9375
    },
    "baseline": {
        "frac_H1_rej": 0.7333333333333333
    }
}