{
    "increase_prev": {
        "pcurve": {
            "prevdiff_exp": 0.404030748566137,
            "prevdiff_hdi": [
                -0.048474748677212576,
                0.8420856937962768
            ],
            "prevdiff_prob": 0.9496,
            "powdiff_exp": 0.19276883330607178,
            "powdiff_hdi": [
                -0.1657944582320927,
                0.4702278939535157
            ],
            "powdiff_prob": 0.871
        },
        "binom": {
            "prevdiff_exp": 0.3129470726300418,
            "prevdiff_hdi": [
                -0.2942382312327132,
                0.8330186748847063
            ],
            "prevdiff_prob": 0.835,
            "powdiff_exp": 0.3135087874880802,
            "powdiff_hdi": [
                -0.25540657363523656,
                0.8309854336949258
            ],
            "powdiff_prob": 0.8376
        },
        "pval_group": 0.0009765625,
        "frac_H1_rej": 0.5862068965517241
    },
    "increase_pow": {
        "pcurve": {
            "prevdiff_exp": 0.010269208455112786,
            "prevdiff_hdi": [
                -0.531327243132371,
                0.5417302357778664
            ],
            "prevdiff_prob": 0.5132,
            "powdiff_exp": 0.34532756455925473,
            "powdiff_hdi": [
                -0.08896168494180656,
                0.7453056414738317
            ],
            "powdiff_prob": 0.9342
        },
        "binom": {
            "prevdiff_exp": 0.19220841154716706,
            "prevdiff_hdi": [
                -0.4019318782099181,
                0.8467984729501401
            ],
            "prevdiff_prob": 0.7244,
            "powdiff_exp": 0.16699813057867743,
            "powdiff_hdi": [
                -0.4660747850865876,
                0.7368521305563903
            ],
            "powdiff_prob": 0.716
        },
        "pval_group": 0.455078125,
        "frac_H1_rej": 1.0
    },
    "baseline": {
        "frac_H1_rej": 0.38461538461538464
    }
}