{
    "increase_prev": {
        "pcurve": {
            "prevdiff_exp": 0.2954531210014128,
            "prevdiff_hdi": [
                -0.14793876722222254,
                0.6822698122676554
            ],
            "prevdiff_prob": 0.899,
            "powdiff_exp": -0.015262303098366795,
            "powdiff_hdi": [
                -0.3452792620814271,
                0.267784408131665
            ],
            "powdiff_prob": 0.504
        },
        "binom": {
            "prevdiff_exp": -0.05140980079247987,
            "prevdiff_hdi": [
                -0.6287080382787518,
                0.588132083993707
            ],
            "prevdiff_prob": 0.4284,
            "powdiff_exp": -0.05888967675518645,
            "powdiff_hdi": [
                -0.6198919754732876,
                0.5132947018203338
            ],
            "powdiff_prob": 0.413
        },
        "pval_group": 0.0380859375,
        "frac_H1_rej": 0.2857142857142857
    },
    "increase_pow": {
        "pcurve": {
            "prevdiff_exp": -0.09183420228267972,
            "prevdiff_hdi": [
                -0.5066746467240316,
                0.35574745105492334
            ],
            "prevdiff_prob": 0.3522,
            "powdiff_exp": 0.3715953874025068,
            "powdiff_hdi": [
                0.021020531602275017,
                0.6968063611941201
            ],
            "powdiff_prob": 0.9692
        },
        "binom": {
            "prevdiff_exp": 0.05690510709784661,
            "prevdiff_hdi": [
                -0.5448465811941846,
                0.5896036613956648
            ],
            "prevdiff_prob": 0.5812,
            "powdiff_exp": 0.04055793746418056,
            "powdiff_hdi": [
                -0.4870286760239793,
                0.5745010533922283
            ],
            "powdiff_prob": 0.5578
        },
        "pval_group": 0.5341796875,
        "frac_H1_rej": 1.0
    },
    "baseline": {
        "frac_H1_rej": 0.6666666666666666
    }
}