{
    "increase_prev": {
        "pcurve": {
            "prevdiff_exp": 0.10776155839657127,
            "prevdiff_hdi": [
                -0.22030693544913793,
                0.5263295285204923
            ],
            "prevdiff_prob": 0.6788,
            "powdiff_exp": 0.23634722917714363,
            "powdiff_hdi": [
                0.010701219854744703,
                0.45656879056926775
            ],
            "powdiff_prob": 0.9716
        },
        "binom": {
            "prevdiff_exp": 0.1676649634712187,
            "prevdiff_hdi": [
                -0.40451892741105544,
                0.6857561374020695
            ],
            "prevdiff_prob": 0.7238,
            "powdiff_exp": 0.17367796131988902,
            "powdiff_hdi": [
                -0.33026957917358235,
                0.6876691878359391
            ],
            "powdiff_prob": 0.7338
        },
        "pval_group": 0.181640625,
        "frac_H1_rej": 0.5769230769230769
    },
    "increase_pow": {
        "pcurve": {
            "prevdiff_exp": -0.30175154616040845,
            "prevdiff_hdi": [
                -0.657533922896022,
                0.10138207654370357
            ],
            "prevdiff_prob": 0.0816,
            "powdiff_exp": 0.5034654028057758,
            "powdiff_hdi": [
                0.25088938586992676,
                0.7351522715388321
            ],
            "powdiff_prob": 0.9992
        },
        "binom": {
            "prevdiff_exp": 0.10831490789032648,
            "prevdiff_hdi": [
                -0.5019099045829167,
                0.6588128193176792
            ],
            "prevdiff_prob": 0.6384,
            "powdiff_exp": 0.09944761421936701,
            "powdiff_hdi": [
                -0.46053350532630905,
                0.6248992146799097
            ],
            "powdiff_prob": 0.6358
        },
        "pval_group": 0.4375,
        "frac_H1_rej": 0.9230769230769231
    },
    "baseline": {
        "frac_H1_rej": 0.4
    }
}