{
    "increase_prev": {
        "pcurve": {
            "prevdiff_exp": 0.19005742743111506,
            "prevdiff_hdi": [
                -0.1559875648482696,
                0.6427157041029317
            ],
            "prevdiff_prob": 0.8222,
            "powdiff_exp": 0.23625831115779466,
            "powdiff_hdi": [
                0.026326589773981224,
                0.43280888042287935
            ],
            "powdiff_prob": 0.9804
        },
        "binom": {
            "prevdiff_exp": 0.2878259917142703,
            "prevdiff_hdi": [
                -0.4014558182959421,
                0.8700002324922181
            ],
            "prevdiff_prob": 0.8054,
            "powdiff_exp": 0.28632452297113625,
            "powdiff_hdi": [
                -0.31719943399925055,
                0.8784749939768535
            ],
            "powdiff_prob": 0.8136
        },
        "pval_group": 0.0009765625,
        "frac_H1_rej": 0.42857142857142855
    },
    "increase_pow": {
        "pcurve": {
            "prevdiff_exp": -0.21515076334272826,
            "prevdiff_hdi": [
                -0.6398038953619839,
                0.27668379970395623
            ],
            "prevdiff_prob": 0.1884,
            "powdiff_exp": 0.37161705374325554,
            "powdiff_hdi": [
                0.06484580011460828,
                0.6872716136865946
            ],
            "powdiff_prob": 0.9836
        },
        "binom": {
            "prevdiff_exp": 0.2878259917142703,
            "prevdiff_hdi": [
                -0.4014558182959421,
                0.8700002324922181
            ],
            "prevdiff_prob": 0.8054,
            "powdiff_exp": 0.28632452297113625,
            "powdiff_hdi": [
                -0.31719943399925055,
                0.8784749939768535
            ],
            "powdiff_prob": 0.8136
        },
        "pval_group": 0.6865234375,
        "frac_H1_rej": 1.0
    },
    "baseline": {
        "frac_H1_rej": 0.2222222222222222
    }
}