{
    "increase_prev": {
        "pcurve": {
            "prevdiff_exp": 0.3418022344016685,
            "prevdiff_hdi": [
                -0.04894844261761344,
                0.7874001396485449
            ],
            "prevdiff_prob": 0.9338,
            "powdiff_exp": 0.2381870790994355,
            "powdiff_hdi": [
                -0.050605984410710625,
                0.5067029555364011
            ],
            "powdiff_prob": 0.9328
        },
        "binom": {
            "prevdiff_exp": 0.296811048388815,
            "prevdiff_hdi": [
                -0.30393763894889625,
                0.8116745479373222
            ],
            "prevdiff_prob": 0.8226,
            "powdiff_exp": 0.28640629614376445,
            "powdiff_hdi": [
                -0.3029142041077365,
                0.7849565289772671
            ],
            "powdiff_prob": 0.8232
        },
        "pval_group": 0.0009765625,
        "frac_H1_rej": 0.5333333333333333
    },
    "increase_pow": {
        "pcurve": {
            "prevdiff_exp": 0.08931021270636486,
            "prevdiff_hdi": [
                -0.41692251085004234,
                0.5551426649959856
            ],
            "prevdiff_prob": 0.6214,
            "powdiff_exp": 0.3040505874644358,
            "powdiff_hdi": [
                -0.04172224742044489,
                0.6217465894167922
            ],
            "powdiff_prob": 0.948
        },
        "binom": {
            "prevdiff_exp": 0.23539055343964366,
            "prevdiff_hdi": [
                -0.3895634657335083,
                0.8322231647154883
            ],
            "prevdiff_prob": 0.7636,
            "powdiff_exp": 0.2210875812034932,
            "powdiff_hdi": [
                -0.39070904803429296,
                0.7636319710329034
            ],
            "powdiff_prob": 0.7692
        },
        "pval_group": 0.5166015625,
        "frac_H1_rej": 1.0
    },
    "baseline": {
        "frac_H1_rej": 0.4
    }
}