{
    "increase_prev": {
        "pcurve": {
            "prevdiff_exp": 0.38643763963125227,
            "prevdiff_hdi": [
                0.0005704211131613013,
                0.6874896379391042
            ],
            "prevdiff_prob": 0.981,
            "powdiff_exp": 0.07589971999432378,
            "powdiff_hdi": [
                -0.21808987972902116,
                0.3829071333527944
            ],
            "powdiff_prob": 0.6876
        },
        "binom": {
            "prevdiff_exp": 0.07593831804030124,
            "prevdiff_hdi": [
                -0.4528953504873372,
                0.6392587784957917
            ],
            "prevdiff_prob": 0.6154,
            "powdiff_exp": 0.06771712207252378,
            "powdiff_hdi": [
                -0.4459913947960648,
                0.578103814261549
            ],
            "powdiff_prob": 0.6038
        },
        "pval_group": 0.00390625,
        "frac_H1_rej": 0.4482758620689655
    },
    "increase_pow": {
        "pcurve": {
            "prevdiff_exp": -0.013071965205344517,
            "prevdiff_hdi": [
                -0.41457410880051404,
                0.36570588166289275
            ],
            "prevdiff_prob": 0.4872,
            "powdiff_exp": 0.24862949815084862,
            "powdiff_hdi": [
                -0.10049869079664908,
                0.5671015966415924
            ],
            "powdiff_prob": 0.9172
        },
        "binom": {
            "prevdiff_exp": 0.07593831804030124,
            "prevdiff_hdi": [
                -0.4528953504873372,
                0.6392587784957917
            ],
            "prevdiff_prob": 0.6154,
            "powdiff_exp": 0.06771712207252378,
            "powdiff_hdi": [
                -0.4459913947960648,
                0.578103814261549
            ],
            "powdiff_prob": 0.6038
        },
        "pval_group": 0.8076171875,
        "frac_H1_rej": 1.0
    },
    "baseline": {
        "frac_H1_rej": 0.6
    }
}