{
    "increase_prev": {
        "pcurve": {
            "prevdiff_exp": 0.22318672894934272,
            "prevdiff_hdi": [
                -0.10916559715608254,
                0.6177233831110797
            ],
            "prevdiff_prob": 0.8778,
            "powdiff_exp": 0.10839604532083472,
            "powdiff_hdi": [
                -0.18744598035897686,
                0.36671259652252663
            ],
            "powdiff_prob": 0.7804
        },
        "binom": {
            "prevdiff_exp": 0.11625516267873881,
            "prevdiff_hdi": [
                -0.423474866124348,
                0.6302312852007835
            ],
            "prevdiff_prob": 0.6606,
            "powdiff_exp": 0.11478828456470255,
            "powdiff_hdi": [
                -0.40506046247352656,
                0.5825808480598362
            ],
            "powdiff_prob": 0.6716
        },
        "pval_group": 0.0068359375,
        "frac_H1_rej": 0.5
    },
    "increase_pow": {
        "pcurve": {
            "prevdiff_exp": -0.23808793306661855,
            "prevdiff_hdi": [
                -0.6207889482389186,
                0.18328069453485363
            ],
            "prevdiff_prob": 0.1334,
            "powdiff_exp": 0.3332858236549021,
            "powdiff_hdi": [
                -0.01617444925250011,
                0.6436018407998282
            ],
            "powdiff_prob": 0.9616
        },
        "binom": {
            "prevdiff_exp": 0.03275617614782467,
            "prevdiff_hdi": [
                -0.5494100435902691,
                0.58470651030441
            ],
            "prevdiff_prob": 0.5458,
            "powdiff_exp": 0.013627671447707984,
            "powdiff_hdi": [
                -0.519616394713682,
                0.5550508367352915
            ],
            "powdiff_prob": 0.5266
        },
        "pval_group": 0.4921875,
        "frac_H1_rej": 0.9090909090909091
    },
    "baseline": {
        "frac_H1_rej": 0.47058823529411764
    }
}