{
    "increase_prev": {
        "pcurve": {
            "prevdiff_exp": 0.22645662658534602,
            "prevdiff_hdi": [
                -0.15149230991606244,
                0.6958646238694236
            ],
            "prevdiff_prob": 0.8462,
            "powdiff_exp": 0.2312478157163506,
            "powdiff_hdi": [
                -0.018205065822651467,
                0.4768376909375661
            ],
            "powdiff_prob": 0.953
        },
        "binom": {
            "prevdiff_exp": 0.23539055343964366,
            "prevdiff_hdi": [
                -0.3895634657335083,
                0.8322231647154883
            ],
            "prevdiff_prob": 0.7636,
            "powdiff_exp": 0.2210875812034932,
            "powdiff_hdi": [
                -0.39070904803429296,
                0.7636319710329034
            ],
            "powdiff_prob": 0.7692
        },
        "pval_group": 0.001953125,
        "frac_H1_rej": 0.43333333333333335
    },
    "increase_pow": {
        "pcurve": {
            "prevdiff_exp": -0.1797479702261755,
            "prevdiff_hdi": [
                -0.5895718467844291,
                0.2988207844631898
            ],
            "prevdiff_prob": 0.223,
            "powdiff_exp": 0.5014570321234338,
            "powdiff_hdi": [
                0.21663904810859774,
                0.7601240258951978
            ],
            "powdiff_prob": 0.995
        },
        "binom": {
            "prevdiff_exp": 0.2757073980780812,
            "prevdiff_hdi": [
                -0.3467688247133779,
                0.8035521512511697
            ],
            "prevdiff_prob": 0.8018,
            "powdiff_exp": 0.268158743695672,
            "powdiff_hdi": [
                -0.30109507152523607,
                0.807761469069551
            ],
            "powdiff_prob": 0.8074
        },
        "pval_group": 0.2138671875,
        "frac_H1_rej": 1.0
    },
    "baseline": {
        "frac_H1_rej": 0.45454545454545453
    }
}