{
    "increase_prev": {
        "pcurve": {
            "prevdiff_exp": 0.4646083418398086,
            "prevdiff_hdi": [
                -0.01574820667324639,
                0.8911174566152926
            ],
            "prevdiff_prob": 0.9612,
            "powdiff_exp": 0.2581536430883936,
            "powdiff_hdi": [
                -0.14598746292158193,
                0.5682338955765782
            ],
            "powdiff_prob": 0.8938
        },
        "binom": {
            "prevdiff_exp": 0.3399139136354361,
            "prevdiff_hdi": [
                -0.2301853465510041,
                0.8501400283154114
            ],
            "prevdiff_prob": 0.8524,
            "powdiff_exp": 0.3236897241772753,
            "powdiff_hdi": [
                -0.23752212552670582,
                0.8078895768154368
            ],
            "powdiff_prob": 0.8536
        },
        "pval_group": 0.0009765625,
        "frac_H1_rej": 0.6206896551724138
    },
    "increase_pow": {
        "pcurve": {
            "prevdiff_exp": 0.2641560473948807,
            "prevdiff_hdi": [
                -0.2605579893697978,
                0.6977912002741271
            ],
            "prevdiff_prob": 0.8156,
            "powdiff_exp": 0.46735850678708085,
            "powdiff_hdi": [
                0.0430340933444201,
                0.7703542238757717
            ],
            "powdiff_prob": 0.973
        },
        "binom": {
            "prevdiff_exp": 0.37723056880571576,
            "prevdiff_hdi": [
                -0.19135458042020792,
                0.8564133944520281
            ],
            "prevdiff_prob": 0.8816,
            "powdiff_exp": 0.36401811023946373,
            "powdiff_hdi": [
                -0.16665481758781164,
                0.8362879644991684
            ],
            "powdiff_prob": 0.883
        },
        "pval_group": 0.005859375,
        "frac_H1_rej": 1.0
    },
    "baseline": {
        "frac_H1_rej": 0.2727272727272727
    }
}