{
    "increase_prev": {
        "pcurve": {
            "prevdiff_exp": 0.12092949677109355,
            "prevdiff_hdi": [
                -0.1927651448332809,
                0.49961926413569696
            ],
            "prevdiff_prob": 0.7496,
            "powdiff_exp": 0.04173377065546149,
            "powdiff_hdi": [
                -0.21288894814517634,
                0.2887951429159349
            ],
            "powdiff_prob": 0.6516
        },
        "binom": {
            "prevdiff_exp": 0.05690510709784661,
            "prevdiff_hdi": [
                -0.5448465811941846,
                0.5896036613956648
            ],
            "prevdiff_prob": 0.5812,
            "powdiff_exp": 0.04055793746418056,
            "powdiff_hdi": [
                -0.4870286760239793,
                0.5745010533922283
            ],
            "powdiff_prob": 0.5578
        },
        "pval_group": 0.2421875,
        "frac_H1_rej": 0.42857142857142855
    },
    "increase_pow": {
        "pcurve": {
            "prevdiff_exp": -0.16761769310081392,
            "prevdiff_hdi": [
                -0.49892868591785855,
                0.2045421945276008
            ],
            "prevdiff_prob": 0.1814,
            "powdiff_exp": 0.4051252057461309,
            "powdiff_hdi": [
                0.13543005097620575,
                0.6538587983973227
            ],
            "powdiff_prob": 0.995
        },
        "binom": {
            "prevdiff_exp": 0.1373588129894726,
            "prevdiff_hdi": [
                -0.3486244795314629,
                0.6650779719949589
            ],
            "prevdiff_prob": 0.6968,
            "powdiff_exp": 0.13303583701279498,
            "powdiff_hdi": [
                -0.3522935981112537,
                0.6119280694944255
            ],
            "powdiff_prob": 0.6948
        },
        "pval_group": 0.5517578125,
        "frac_H1_rej": 1.0
    },
    "baseline": {
        "frac_H1_rej": 0.5263157894736842
    }
}