{
    "increase_prev": {
        "pcurve": {
            "prevdiff_exp": 0.2820736081219239,
            "prevdiff_hdi": [
                -0.09003584177863833,
                0.7340745358540604
            ],
            "prevdiff_prob": 0.9044,
            "powdiff_exp": 0.1886137266789261,
            "powdiff_hdi": [
                -0.11411563764888172,
                0.4354226808049553
            ],
            "powdiff_prob": 0.9036
        },
        "binom": {
            "prevdiff_exp": 0.18134724031780283,
            "prevdiff_hdi": [
                -0.41085524822389996,
                0.7829015215454744
            ],
            "prevdiff_prob": 0.7148,
            "powdiff_exp": 0.15285154063153705,
            "powdiff_hdi": [
                -0.44046063338073094,
                0.694930345960663
            ],
            "powdiff_prob": 0.7082
        },
        "pval_group": 0.005859375,
        "frac_H1_rej": 0.4
    },
    "increase_pow": {
        "pcurve": {
            "prevdiff_exp": -0.14734672816695749,
            "prevdiff_hdi": [
                -0.5811531776794878,
                0.3290103736641593
            ],
            "prevdiff_prob": 0.282,
            "powdiff_exp": 0.4880997365156669,
            "powdiff_hdi": [
                0.18403604746155672,
                0.7745869338854541
            ],
            "powdiff_prob": 0.9872
        },
        "binom": {
            "prevdiff_exp": 0.2003804512602575,
            "prevdiff_hdi": [
                -0.42096537519291255,
                0.751552573457396
            ],
            "prevdiff_prob": 0.7442,
            "powdiff_exp": 0.18001072523988026,
            "powdiff_hdi": [
                -0.3936470525743901,
                0.6977605694974172
            ],
            "powdiff_prob": 0.7366
        },
        "pval_group": 0.77734375,
        "frac_H1_rej": 0.9285714285714286
    },
    "baseline": {
        "frac_H1_rej": 0.42857142857142855
    }
}