{
    "increase_prev": {
        "pcurve": {
            "prevdiff_exp": 0.1869696871108767,
            "prevdiff_hdi": [
                -0.21011418609898425,
                0.5620723823369033
            ],
            "prevdiff_prob": 0.8126,
            "powdiff_exp": 0.18745250487206652,
            "powdiff_hdi": [
                -0.08092283458913241,
                0.44561572223081863
            ],
            "powdiff_prob": 0.9114
        },
        "binom": {
            "prevdiff_exp": 0.1676649634712187,
            "prevdiff_hdi": [
                -0.40451892741105544,
                0.6857561374020695
            ],
            "prevdiff_prob": 0.7238,
            "powdiff_exp": 0.17367796131988902,
            "powdiff_hdi": [
                -0.33026957917358235,
                0.6876691878359391
            ],
            "powdiff_prob": 0.7338
        },
        "pval_group": 0.0107421875,
        "frac_H1_rej": 0.6
    },
    "increase_pow": {
        "pcurve": {
            "prevdiff_exp": 0.019835598590123318,
            "prevdiff_hdi": [
                -0.35460901657789634,
                0.44579795582837145
            ],
            "prevdiff_prob": 0.5088,
            "powdiff_exp": 0.4391513151864369,
            "powdiff_hdi": [
                0.17307213311555658,
                0.6906700142389668
            ],
            "powdiff_prob": 0.996
        },
        "binom": {
            "prevdiff_exp": 0.24706769427170056,
            "prevdiff_hdi": [
                -0.2991861129061152,
                0.7098427537271411
            ],
            "prevdiff_prob": 0.8086,
            "powdiff_exp": 0.2565071280610982,
            "powdiff_hdi": [
                -0.22678777860237476,
                0.7168804897103892
            ],
            "powdiff_prob": 0.8258
        },
        "pval_group": 0.009765625,
        "frac_H1_rej": 1.0
    },
    "baseline": {
        "frac_H1_rej": 0.4666666666666667
    }
}