{
    "increase_prev": {
        "pcurve": {
            "prevdiff_exp": 0.31899461975579263,
            "prevdiff_hdi": [
                0.0251888618122188,
                0.6418196301807064
            ],
            "prevdiff_prob": 0.9736,
            "powdiff_exp": -0.027410701851306656,
            "powdiff_hdi": [
                -0.3170339429896307,
                0.27139445863453765
            ],
            "powdiff_prob": 0.433
        },
        "binom": {
            "prevdiff_exp": 0.05935005558089221,
            "prevdiff_hdi": [
                -0.4443419217523741,
                0.5521524521329959
            ],
            "prevdiff_prob": 0.5886,
            "powdiff_exp": 0.07423034710052201,
            "powdiff_hdi": [
                -0.3691913386729907,
                0.5646650833239937
            ],
            "powdiff_prob": 0.6166
        },
        "pval_group": 0.01171875,
        "frac_H1_rej": 0.5172413793103449
    },
    "increase_pow": {
        "pcurve": {
            "prevdiff_exp": -0.1579434408751544,
            "prevdiff_hdi": [
                -0.5256883370031706,
                0.17393995461488215
            ],
            "prevdiff_prob": 0.1894,
            "powdiff_exp": 0.21774910286036675,
            "powdiff_hdi": [
                -0.12200644486893186,
                0.5517116419887467
            ],
            "powdiff_prob": 0.8912
        },
        "binom": {
            "prevdiff_exp": 0.0,
            "prevdiff_hdi": [
                0.0,
                0.0
            ],
            "prevdiff_prob": 0.0,
            "powdiff_exp": 0.0,
            "powdiff_hdi": [
                0.0,
                0.0
            ],
            "powdiff_prob": 0.0
        },
        "pval_group": 0.84765625,
        "frac_H1_rej": 1.0
    },
    "baseline": {
        "frac_H1_rej": 0.5714285714285714
    }
}