{
    "increase_prev": {
        "pcurve": {
            "prevdiff_exp": 0.38842164568030146,
            "prevdiff_hdi": [
                -0.007112727999838864,
                0.7659032726898789
            ],
            "prevdiff_prob": 0.9708,
            "powdiff_exp": 0.19767058302061738,
            "powdiff_hdi": [
                -0.1659856406696636,
                0.47666444697817417
            ],
            "powdiff_prob": 0.8778
        },
        "binom": {
            "prevdiff_exp": 0.30490381145604994,
            "prevdiff_hdi": [
                -0.23984474766249508,
                0.8244437839585744
            ],
            "prevdiff_prob": 0.8394,
            "powdiff_exp": 0.2826128682136624,
            "powdiff_hdi": [
                -0.23596790094838882,
                0.7686087244330668
            ],
            "powdiff_prob": 0.8292
        },
        "pval_group": 0.0361328125,
        "frac_H1_rej": 0.6206896551724138
    },
    "increase_pow": {
        "pcurve": {
            "prevdiff_exp": -0.1180749712659758,
            "prevdiff_hdi": [
                -0.5625626971810727,
                0.28592928136250373
            ],
            "prevdiff_prob": 0.3084,
            "powdiff_exp": 0.4072069071122581,
            "powdiff_hdi": [
                0.04169023774574376,
                0.7340050979895286
            ],
            "powdiff_prob": 0.9766
        },
        "binom": {
            "prevdiff_exp": 0.18134724031780283,
            "prevdiff_hdi": [
                -0.41085524822389996,
                0.7829015215454744
            ],
            "prevdiff_prob": 0.7148,
            "powdiff_exp": 0.15285154063153705,
            "powdiff_hdi": [
                -0.44046063338073094,
                0.694930345960663
            ],
            "powdiff_prob": 0.7082
        },
        "pval_group": 0.9375,
        "frac_H1_rej": 0.9090909090909091
    },
    "baseline": {
        "frac_H1_rej": 0.35294117647058826
    }
}