{
    "increase_prev": {
        "pcurve": {
            "prevdiff_exp": 0.34126877128226035,
            "prevdiff_hdi": [
                -0.09622199552246902,
                0.7400295254791511
            ],
            "prevdiff_prob": 0.9314,
            "powdiff_exp": 0.12331533518694482,
            "powdiff_hdi": [
                -0.2017400744656278,
                0.4007176643729738
            ],
            "powdiff_prob": 0.8004
        },
        "binom": {
            "prevdiff_exp": 0.13928078958962978,
            "prevdiff_hdi": [
                -0.43925150533188306,
                0.7378011009685618
            ],
            "prevdiff_prob": 0.6808,
            "powdiff_exp": 0.12866034020608225,
            "powdiff_hdi": [
                -0.43529067522658765,
                0.6778648915381699
            ],
            "powdiff_prob": 0.68
        },
        "pval_group": 0.0185546875,
        "frac_H1_rej": 0.4444444444444444
    },
    "increase_pow": {
        "pcurve": {
            "prevdiff_exp": 0.04636226982532046,
            "prevdiff_hdi": [
                -0.4227931044834222,
                0.49728611943510415
            ],
            "prevdiff_prob": 0.5728,
            "powdiff_exp": 0.35205843389309066,
            "powdiff_hdi": [
                -0.013598649375572647,
                0.6737805221618858
            ],
            "powdiff_prob": 0.9602
        },
        "binom": {
            "prevdiff_exp": 0.21973449548125581,
            "prevdiff_hdi": [
                -0.30980099292335084,
                0.7544558410625096
            ],
            "prevdiff_prob": 0.77,
            "powdiff_exp": 0.22113823975469668,
            "powdiff_hdi": [
                -0.30797679955732404,
                0.7019687913977307
            ],
            "powdiff_prob": 0.7838
        },
        "pval_group": 0.4140625,
        "frac_H1_rej": 1.0
    },
    "baseline": {
        "frac_H1_rej": 0.46153846153846156
    }
}