{
    "increase_prev": {
        "pcurve": {
            "prevdiff_exp": 0.27550638044496667,
            "prevdiff_hdi": [
                -0.14734670910435266,
                0.6849757815106479
            ],
            "prevdiff_prob": 0.8822,
            "powdiff_exp": 0.2867288682035014,
            "powdiff_hdi": [
                -0.05875133630034035,
                0.6102081573796789
            ],
            "powdiff_prob": 0.9372
        },
        "binom": {
            "prevdiff_exp": 0.20734770267923194,
            "prevdiff_hdi": [
                -0.2964853389941906,
                0.6931751756182938
            ],
            "prevdiff_prob": 0.7662,
            "powdiff_exp": 0.1956065094413483,
            "powdiff_hdi": [
                -0.3112759819837039,
                0.6398232423189189
            ],
            "powdiff_prob": 0.7702
        },
        "pval_group": 0.01171875,
        "frac_H1_rej": 0.6428571428571429
    },
    "increase_pow": {
        "pcurve": {
            "prevdiff_exp": -0.11139032535900717,
            "prevdiff_hdi": [
                -0.5697284125555613,
                0.28492985637573764
            ],
            "prevdiff_prob": 0.3272,
            "powdiff_exp": 0.3784710610444963,
            "powdiff_hdi": [
                0.019474331321115645,
                0.7252686563223765
            ],
            "powdiff_prob": 0.9692
        },
        "binom": {
            "prevdiff_exp": 0.0837911315409848,
            "prevdiff_hdi": [
                -0.4678493899759329,
                0.674501780275422
            ],
            "prevdiff_prob": 0.6114,
            "powdiff_exp": 0.06584518185922297,
            "powdiff_hdi": [
                -0.49862899932598376,
                0.599270978656073
            ],
            "powdiff_prob": 0.5892
        },
        "pval_group": 0.8818359375,
        "frac_H1_rej": 0.9166666666666666
    },
    "baseline": {
        "frac_H1_rej": 0.5625
    }
}