{
    "increase_prev": {
        "pcurve": {
            "prevdiff_exp": 0.4219847083016366,
            "prevdiff_hdi": [
                0.01629830224358153,
                0.7668830505006957
            ],
            "prevdiff_prob": 0.975,
            "powdiff_exp": -0.1088588900116004,
            "powdiff_hdi": [
                -0.4599695361569147,
                0.22838302928647186
            ],
            "powdiff_prob": 0.2718
        },
        "binom": {
            "prevdiff_exp": 0.05140980079247987,
            "prevdiff_hdi": [
                -0.588132083993707,
                0.6287080382787518
            ],
            "prevdiff_prob": 0.5716,
            "powdiff_exp": 0.05888967675518645,
            "powdiff_hdi": [
                -0.5132947018203338,
                0.6198919754732876
            ],
            "powdiff_prob": 0.587
        },
        "pval_group": 0.03125,
        "frac_H1_rej": 0.3448275862068966
    },
    "increase_pow": {
        "pcurve": {
            "prevdiff_exp": 0.295126890282043,
            "prevdiff_hdi": [
                -0.06293001660726572,
                0.6855066528845517
            ],
            "prevdiff_prob": 0.9318,
            "powdiff_exp": 0.17140963962221278,
            "powdiff_hdi": [
                -0.20696558599031273,
                0.5163768385485319
            ],
            "powdiff_prob": 0.8198
        },
        "binom": {
            "prevdiff_exp": 0.18876861378195248,
            "prevdiff_hdi": [
                -0.3601402524251879,
                0.7099454161478973
            ],
            "prevdiff_prob": 0.7384,
            "powdiff_exp": 0.19192551376798145,
            "powdiff_hdi": [
                -0.32054706837046865,
                0.6882465635812046
            ],
            "powdiff_prob": 0.758
        },
        "pval_group": 0.0986328125,
        "frac_H1_rej": 1.0
    },
    "baseline": {
        "frac_H1_rej": 0.5333333333333333
    }
}