{
    "increase_prev": {
        "pcurve": {
            "prevdiff_exp": 0.1957014489752635,
            "prevdiff_hdi": [
                -0.1861268318347531,
                0.6700933194521254
            ],
            "prevdiff_prob": 0.7976,
            "powdiff_exp": 0.21393261719537385,
            "powdiff_hdi": [
                -0.06523395012597055,
                0.4693538243801179
            ],
            "powdiff_prob": 0.9322
        },
        "binom": {
            "prevdiff_exp": 0.24069729589869504,
            "prevdiff_hdi": [
                -0.3410728119937153,
                0.7668833485590058
            ],
            "prevdiff_prob": 0.7808,
            "powdiff_exp": 0.22708188773205903,
            "powdiff_hdi": [
                -0.3226554230284957,
                0.7416846982553135
            ],
            "powdiff_prob": 0.779
        },
        "pval_group": 0.0009765625,
        "frac_H1_rej": 0.5172413793103449
    },
    "increase_pow": {
        "pcurve": {
            "prevdiff_exp": 0.0408904492178863,
            "prevdiff_hdi": [
                -0.37265923394370193,
                0.5475593799997502
            ],
            "prevdiff_prob": 0.5332,
            "powdiff_exp": 0.38088286619651474,
            "powdiff_hdi": [
                0.09528893530196436,
                0.6919884044211311
            ],
            "powdiff_prob": 0.9806
        },
        "binom": {
            "prevdiff_exp": 0.2779369704506556,
            "prevdiff_hdi": [
                -0.2737774460728357,
                0.8092702994395001
            ],
            "prevdiff_prob": 0.817,
            "powdiff_exp": 0.2724319315244672,
            "powdiff_hdi": [
                -0.28101156148382767,
                0.7540020273771277
            ],
            "powdiff_prob": 0.8242
        },
        "pval_group": 0.0078125,
        "frac_H1_rej": 1.0
    },
    "baseline": {
        "frac_H1_rej": 0.4166666666666667
    }
}