{
    "increase_prev": {
        "pcurve": {
            "prevdiff_exp": 0.08605197273762089,
            "prevdiff_hdi": [
                -0.3250279448362061,
                0.523772307823863
            ],
            "prevdiff_prob": 0.628,
            "powdiff_exp": 0.08078350989644437,
            "powdiff_hdi": [
                -0.2086484278713724,
                0.34676882656642743
            ],
            "powdiff_prob": 0.7444
        },
        "binom": {
            "prevdiff_exp": 0.11513185863960784,
            "prevdiff_hdi": [
                -0.5019513351207843,
                0.6834897525314664
            ],
            "prevdiff_prob": 0.6508,
            "powdiff_exp": 0.10173007418960968,
            "powdiff_hdi": [
                -0.48776414028681725,
                0.6403295760368541
            ],
            "powdiff_prob": 0.642
        },
        "pval_group": 0.068359375,
        "frac_H1_rej": 0.3793103448275862
    },
    "increase_pow": {
        "pcurve": {
            "prevdiff_exp": -0.37955327962052504,
            "prevdiff_hdi": [
                -0.7837587092520235,
                0.06475936668097809
            ],
            "prevdiff_prob": 0.065,
            "powdiff_exp": 0.30784996550134985,
            "powdiff_hdi": [
                -0.08855490880471745,
                0.6879792706689193
            ],
            "powdiff_prob": 0.919
        },
        "binom": {
            "prevdiff_exp": 0.03096588169930333,
            "prevdiff_hdi": [
                -0.6115719901199232,
                0.6944063694051532
            ],
            "prevdiff_prob": 0.5364,
            "powdiff_exp": 0.029212725986715236,
            "powdiff_hdi": [
                -0.5830651134751735,
                0.6429272617568595
            ],
            "powdiff_prob": 0.5434
        },
        "pval_group": 0.990234375,
        "frac_H1_rej": 0.8888888888888888
    },
    "baseline": {
        "frac_H1_rej": 0.4666666666666667
    }
}