{
    "increase_prev": {
        "pcurve": {
            "prevdiff_exp": 0.43105384618224235,
            "prevdiff_hdi": [
                -0.07051520993979066,
                0.8338872501033647
            ],
            "prevdiff_prob": 0.9458,
            "powdiff_exp": 0.11746472396630563,
            "powdiff_hdi": [
                -0.2704584161458513,
                0.4540262231192928
            ],
            "powdiff_prob": 0.7596
        },
        "binom": {
            "prevdiff_exp": 0.1571983093677809,
            "prevdiff_hdi": [
                -0.4867250936871952,
                0.7270621900660879
            ],
            "prevdiff_prob": 0.6946,
            "powdiff_exp": 0.12592127461506447,
            "powdiff_hdi": [
                -0.479039484569405,
                0.6889912720634819
            ],
            "powdiff_prob": 0.678
        },
        "pval_group": 0.0029296875,
        "frac_H1_rej": 0.39285714285714285
    },
    "increase_pow": {
        "pcurve": {
            "prevdiff_exp": 0.06261611086981607,
            "prevdiff_hdi": [
                -0.42305696679922267,
                0.5083066071768093
            ],
            "prevdiff_prob": 0.6266,
            "powdiff_exp": 0.4398051829201755,
            "powdiff_hdi": [
                0.03649631226135419,
                0.7695193753632747
            ],
            "powdiff_prob": 0.9714
        },
        "binom": {
            "prevdiff_exp": 0.2003804512602575,
            "prevdiff_hdi": [
                -0.42096537519291255,
                0.751552573457396
            ],
            "prevdiff_prob": 0.7442,
            "powdiff_exp": 0.18001072523988026,
            "powdiff_hdi": [
                -0.3936470525743901,
                0.6977605694974172
            ],
            "powdiff_prob": 0.7366
        },
        "pval_group": 0.900390625,
        "frac_H1_rej": 1.0
    },
    "baseline": {
        "frac_H1_rej": 0.35714285714285715
    }
}