{
    "increase_prev": {
        "pcurve": {
            "prevdiff_exp": 0.2019922407203549,
            "prevdiff_hdi": [
                -0.1391074832514585,
                0.6580665998527742
            ],
            "prevdiff_prob": 0.8314,
            "powdiff_exp": 0.18509308810151137,
            "powdiff_hdi": [
                -0.07949616205864757,
                0.4478060350291567
            ],
            "powdiff_prob": 0.9108
        },
        "binom": {
            "prevdiff_exp": 0.21973449548125581,
            "prevdiff_hdi": [
                -0.30980099292335084,
                0.7544558410625096
            ],
            "prevdiff_prob": 0.77,
            "powdiff_exp": 0.22113823975469668,
            "powdiff_hdi": [
                -0.30797679955732404,
                0.7019687913977307
            ],
            "powdiff_prob": 0.7838
        },
        "pval_group": 0.0009765625,
        "frac_H1_rej": 0.5517241379310345
    },
    "increase_pow": {
        "pcurve": {
            "prevdiff_exp": -0.21286945640183585,
            "prevdiff_hdi": [
                -0.6014558738605607,
                0.21888240940707288
            ],
            "prevdiff_prob": 0.182,
            "powdiff_exp": 0.45553171215226923,
            "powdiff_hdi": [
                0.14987094034616172,
                0.7101397268973281
            ],
            "powdiff_prob": 0.9938
        },
        "binom": {
            "prevdiff_exp": 0.15831400053208444,
            "prevdiff_hdi": [
                -0.469517779582702,
                0.6818685071085399
            ],
            "prevdiff_prob": 0.7046,
            "powdiff_exp": 0.15581952481442546,
            "powdiff_hdi": [
                -0.43760014099573424,
                0.6699355663760868
            ],
            "powdiff_prob": 0.7052
        },
        "pval_group": 0.2197265625,
        "frac_H1_rej": 1.0
    },
    "baseline": {
        "frac_H1_rej": 0.5
    }
}