{
    "increase_prev": {
        "pcurve": {
            "prevdiff_exp": 0.3071792268365126,
            "prevdiff_hdi": [
                -0.03809425508520714,
                0.665284335833611
            ],
            "prevdiff_prob": 0.9554,
            "powdiff_exp": 0.15860320910585343,
            "powdiff_hdi": [
                -0.12043082291021207,
                0.42933542772203126
            ],
            "powdiff_prob": 0.863
        },
        "binom": {
            "prevdiff_exp": 0.2358705197224826,
            "prevdiff_hdi": [
                -0.31139585837079886,
                0.7326651693531159
            ],
            "prevdiff_prob": 0.79,
            "powdiff_exp": 0.24824073109901243,
            "powdiff_hdi": [
                -0.26538307971165576,
                0.7268303801501576
            ],
            "powdiff_prob": 0.812
        },
        "pval_group": 0.01171875,
        "frac_H1_rej": 0.5666666666666667
    },
    "increase_pow": {
        "pcurve": {
            "prevdiff_exp": -0.13147297541948477,
            "prevdiff_hdi": [
                -0.5604159505069894,
                0.3167272442038502
            ],
            "prevdiff_prob": 0.2766,
            "powdiff_exp": 0.2565678525786173,
            "powdiff_hdi": [
                -0.10797983358745716,
                0.6254228282686335
            ],
            "powdiff_prob": 0.9066
        },
        "binom": {
            "prevdiff_exp": 0.11513185863960784,
            "prevdiff_hdi": [
                -0.5019513351207843,
                0.6834897525314664
            ],
            "prevdiff_prob": 0.6508,
            "powdiff_exp": 0.10173007418960968,
            "powdiff_hdi": [
                -0.48776414028681725,
                0.6403295760368541
            ],
            "powdiff_prob": 0.642
        },
        "pval_group": 0.8134765625,
        "frac_H1_rej": 1.0
    },
    "baseline": {
        "frac_H1_rej": 0.3125
    }
}