{
    "increase_prev": {
        "pcurve": {
            "prevdiff_exp": 0.3779255269295736,
            "prevdiff_hdi": [
                -0.021411407232734714,
                0.719245675785638
            ],
            "prevdiff_prob": 0.9654,
            "powdiff_exp": 0.007201969393035858,
            "powdiff_hdi": [
                -0.3455019995456132,
                0.3187867007813679
            ],
            "powdiff_prob": 0.5478
        },
        "binom": {
            "prevdiff_exp": 0.0837911315409848,
            "prevdiff_hdi": [
                -0.4678493899759329,
                0.674501780275422
            ],
            "prevdiff_prob": 0.6114,
            "powdiff_exp": 0.06584518185922297,
            "powdiff_hdi": [
                -0.49862899932598376,
                0.599270978656073
            ],
            "powdiff_prob": 0.5892
        },
        "pval_group": 0.0263671875,
        "frac_H1_rej": 0.4
    },
    "increase_pow": {
        "pcurve": {
            "prevdiff_exp": 0.035352268285216176,
            "prevdiff_hdi": [
                -0.40772574569096864,
                0.45707974839845017
            ],
            "prevdiff_prob": 0.5752,
            "powdiff_exp": 0.24802718340756655,
            "powdiff_hdi": [
                -0.11590811400636303,
                0.6291917141712599
            ],
            "powdiff_prob": 0.8928
        },
        "binom": {
            "prevdiff_exp": 0.12513288076354456,
            "prevdiff_hdi": [
                -0.42172648575651617,
                0.6718849915044207
            ],
            "prevdiff_prob": 0.665,
            "powdiff_exp": 0.11729543428794409,
            "powdiff_hdi": [
                -0.413050403286488,
                0.620603806694966
            ],
            "powdiff_prob": 0.6636
        },
        "pval_group": 0.69921875,
        "frac_H1_rej": 0.9333333333333333
    },
    "baseline": {
        "frac_H1_rej": 0.6428571428571429
    }
}