{
    "increase_prev": {
        "pcurve": {
            "prevdiff_exp": 0.11683044964227272,
            "prevdiff_hdi": [
                -0.18478861885110598,
                0.47437338921208083
            ],
            "prevdiff_prob": 0.762,
            "powdiff_exp": 0.0323419807819659,
            "powdiff_hdi": [
                -0.19445501666020115,
                0.2719773364566995
            ],
            "powdiff_prob": 0.624
        },
        "binom": {
            "prevdiff_exp": 0.05140980079247987,
            "prevdiff_hdi": [
                -0.588132083993707,
                0.6287080382787518
            ],
            "prevdiff_prob": 0.5716,
            "powdiff_exp": 0.05888967675518645,
            "powdiff_hdi": [
                -0.5132947018203338,
                0.6198919754732876
            ],
            "powdiff_prob": 0.587
        },
        "pval_group": 0.6728515625,
        "frac_H1_rej": 0.3448275862068966
    },
    "increase_pow": {
        "pcurve": {
            "prevdiff_exp": -0.19270366397904154,
            "prevdiff_hdi": [
                -0.5476096419079484,
                0.18184310088665523
            ],
            "prevdiff_prob": 0.1524,
            "powdiff_exp": 0.2905872610773884,
            "powdiff_hdi": [
                -0.023770142481169876,
                0.5726594689522289
            ],
            "powdiff_prob": 0.9608
        },
        "binom": {
            "prevdiff_exp": 0.10831490789032648,
            "prevdiff_hdi": [
                -0.5019099045829167,
                0.6588128193176792
            ],
            "prevdiff_prob": 0.6384,
            "powdiff_exp": 0.09944761421936701,
            "powdiff_hdi": [
                -0.46053350532630905,
                0.6248992146799097
            ],
            "powdiff_prob": 0.6358
        },
        "pval_group": 0.798828125,
        "frac_H1_rej": 1.0
    },
    "baseline": {
        "frac_H1_rej": 0.4117647058823529
    }
}