{
    "increase_prev": {
        "pcurve": {
            "prevdiff_exp": 0.14070025841387798,
            "prevdiff_hdi": [
                -0.3688818567906244,
                0.5920173293019143
            ],
            "prevdiff_prob": 0.697,
            "powdiff_exp": 0.14411674632233368,
            "powdiff_hdi": [
                -0.21673712212527058,
                0.46066652026994864
            ],
            "powdiff_prob": 0.8148
        },
        "binom": {
            "prevdiff_exp": 0.15945223539934242,
            "prevdiff_hdi": [
                -0.4965966591173275,
                0.771613441180991
            ],
            "prevdiff_prob": 0.6912,
            "powdiff_exp": 0.15337045913096944,
            "powdiff_hdi": [
                -0.4906825992054199,
                0.69320856065334
            ],
            "powdiff_prob": 0.7008
        },
        "pval_group": 0.0078125,
        "frac_H1_rej": 0.35714285714285715
    },
    "increase_pow": {
        "pcurve": {
            "prevdiff_exp": -0.05725465885202343,
            "prevdiff_hdi": [
                -0.511327841556646,
                0.4123354329725773
            ],
            "prevdiff_prob": 0.4212,
            "powdiff_exp": 0.39767783094303266,
            "powdiff_hdi": [
                0.03010113665787134,
                0.7024443662618255
            ],
            "powdiff_prob": 0.9794
        },
        "binom": {
            "prevdiff_exp": 0.19220841154716706,
            "prevdiff_hdi": [
                -0.4019318782099181,
                0.8467984729501401
            ],
            "prevdiff_prob": 0.7244,
            "powdiff_exp": 0.16699813057867743,
            "powdiff_hdi": [
                -0.4660747850865876,
                0.7368521305563903
            ],
            "powdiff_prob": 0.716
        },
        "pval_group": 0.0302734375,
        "frac_H1_rej": 0.8461538461538461
    },
    "baseline": {
        "frac_H1_rej": 0.2727272727272727
    }
}