{
    "increase_prev": {
        "pcurve": {
            "prevdiff_exp": 0.1306557373970458,
            "prevdiff_hdi": [
                -0.16526386960001782,
                0.4611342953000048
            ],
            "prevdiff_prob": 0.8036,
            "powdiff_exp": 0.06813664845038354,
            "powdiff_hdi": [
                -0.1651123246045873,
                0.30187245184536965
            ],
            "powdiff_prob": 0.7292
        },
        "binom": {
            "prevdiff_exp": 0.03275617614782467,
            "prevdiff_hdi": [
                -0.5494100435902691,
                0.58470651030441
            ],
            "prevdiff_prob": 0.5458,
            "powdiff_exp": 0.013627671447707984,
            "powdiff_hdi": [
                -0.519616394713682,
                0.5550508367352915
            ],
            "powdiff_prob": 0.5266
        },
        "pval_group": 0.1240234375,
        "frac_H1_rej": 0.3793103448275862
    },
    "increase_pow": {
        "pcurve": {
            "prevdiff_exp": -0.3001416627879183,
            "prevdiff_hdi": [
                -0.6201365108197752,
                0.04730727651721617
            ],
            "prevdiff_prob": 0.0586,
            "powdiff_exp": 0.42911093225845043,
            "powdiff_hdi": [
                0.17486009329907326,
                0.6758619750059545
            ],
            "powdiff_prob": 0.9972
        },
        "binom": {
            "prevdiff_exp": 0.09824685632040636,
            "prevdiff_hdi": [
                -0.4504361746328593,
                0.5949655075398061
            ],
            "prevdiff_prob": 0.6356,
            "powdiff_exp": 0.09200818989290167,
            "powdiff_hdi": [
                -0.41606465604034126,
                0.5700181479327263
            ],
            "powdiff_prob": 0.639
        },
        "pval_group": 0.1796875,
        "frac_H1_rej": 1.0
    },
    "baseline": {
        "frac_H1_rej": 0.5294117647058824
    }
}