{
    "increase_prev": {
        "pcurve": {
            "prevdiff_exp": 0.1587857716079775,
            "prevdiff_hdi": [
                -0.21424140545492887,
                0.5247254242382065
            ],
            "prevdiff_prob": 0.797,
            "powdiff_exp": 0.10335564977260972,
            "powdiff_hdi": [
                -0.13562258824104073,
                0.3321584439475346
            ],
            "powdiff_prob": 0.819
        },
        "binom": {
            "prevdiff_exp": 0.19220841154716706,
            "prevdiff_hdi": [
                -0.4019318782099181,
                0.8467984729501401
            ],
            "prevdiff_prob": 0.7244,
            "powdiff_exp": 0.16699813057867743,
            "powdiff_hdi": [
                -0.4660747850865876,
                0.7368521305563903
            ],
            "powdiff_prob": 0.716
        },
        "pval_group": 0.0126953125,
        "frac_H1_rej": 0.3793103448275862
    },
    "increase_pow": {
        "pcurve": {
            "prevdiff_exp": -0.19264733615112928,
            "prevdiff_hdi": [
                -0.5655752462249923,
                0.22726530769479286
            ],
            "prevdiff_prob": 0.1888,
            "powdiff_exp": 0.34542376900282706,
            "powdiff_hdi": [
                0.03510754157927637,
                0.6136349158843177
            ],
            "powdiff_prob": 0.9844
        },
        "binom": {
            "prevdiff_exp": 0.25769909171974875,
            "prevdiff_hdi": [
                -0.37303199111269214,
                0.8166293287071859
            ],
            "prevdiff_prob": 0.7928,
            "powdiff_exp": 0.2453786490238711,
            "powdiff_hdi": [
                -0.34456291192190425,
                0.771228693050741
            ],
            "powdiff_prob": 0.7932
        },
        "pval_group": 0.0224609375,
        "frac_H1_rej": 1.0
    },
    "baseline": {
        "frac_H1_rej": 0.4166666666666667
    }
}