{
    "increase_prev": {
        "pcurve": {
            "prevdiff_exp": 0.1241270124740035,
            "prevdiff_hdi": [
                -0.14661689997681682,
                0.45721686336611334
            ],
            "prevdiff_prob": 0.7902,
            "powdiff_exp": 0.15244481777576033,
            "powdiff_hdi": [
                -0.0667279414025414,
                0.36155959283726097
            ],
            "powdiff_prob": 0.9162
        },
        "binom": {
            "prevdiff_exp": 0.15831400053208444,
            "prevdiff_hdi": [
                -0.469517779582702,
                0.6818685071085399
            ],
            "prevdiff_prob": 0.7046,
            "powdiff_exp": 0.15581952481442546,
            "powdiff_hdi": [
                -0.43760014099573424,
                0.6699355663760868
            ],
            "powdiff_prob": 0.7052
        },
        "pval_group": 0.0009765625,
        "frac_H1_rej": 0.4482758620689655
    },
    "increase_pow": {
        "pcurve": {
            "prevdiff_exp": -0.17990593353545453,
            "prevdiff_hdi": [
                -0.4995172319947688,
                0.19455234325361082
            ],
            "prevdiff_prob": 0.1584,
            "powdiff_exp": 0.4066974199246051,
            "powdiff_hdi": [
                0.15000816653874616,
                0.6572492134181439
            ],
            "powdiff_prob": 0.9956
        },
        "binom": {
            "prevdiff_exp": 0.2358705197224826,
            "prevdiff_hdi": [
                -0.31139585837079886,
                0.7326651693531159
            ],
            "prevdiff_prob": 0.79,
            "powdiff_exp": 0.24824073109901243,
            "powdiff_hdi": [
                -0.26538307971165576,
                0.7268303801501576
            ],
            "powdiff_prob": 0.812
        },
        "pval_group": 0.1435546875,
        "frac_H1_rej": 1.0
    },
    "baseline": {
        "frac_H1_rej": 0.5
    }
}