{
    "increase_prev": {
        "pcurve": {
            "prevdiff_exp": 0.3293853187439053,
            "prevdiff_hdi": [
                -0.02989475041956957,
                0.6714941825685383
            ],
            "prevdiff_prob": 0.9624,
            "powdiff_exp": -0.004186866766691577,
            "powdiff_hdi": [
                -0.3118545926814368,
                0.2775561344299992
            ],
            "powdiff_prob": 0.5064
        },
        "binom": {
            "prevdiff_exp": 0.05140980079247987,
            "prevdiff_hdi": [
                -0.588132083993707,
                0.6287080382787518
            ],
            "prevdiff_prob": 0.5716,
            "powdiff_exp": 0.05888967675518645,
            "powdiff_hdi": [
                -0.5132947018203338,
                0.6198919754732876
            ],
            "powdiff_prob": 0.587
        },
        "pval_group": 0.1826171875,
        "frac_H1_rej": 0.32142857142857145
    },
    "increase_pow": {
        "pcurve": {
            "prevdiff_exp": -0.12046008188461767,
            "prevdiff_hdi": [
                -0.5178461188819548,
                0.31321506959403356
            ],
            "prevdiff_prob": 0.283,
            "powdiff_exp": 0.19397587906725375,
            "powdiff_hdi": [
                -0.21327977260544223,
                0.5661414457284646
            ],
            "powdiff_prob": 0.8224
        },
        "binom": {
            "prevdiff_exp": 0.05140980079247987,
            "prevdiff_hdi": [
                -0.588132083993707,
                0.6287080382787518
            ],
            "prevdiff_prob": 0.5716,
            "powdiff_exp": 0.05888967675518645,
            "powdiff_hdi": [
                -0.5132947018203338,
                0.6198919754732876
            ],
            "powdiff_prob": 0.587
        },
        "pval_group": 0.8935546875,
        "frac_H1_rej": 1.0
    },
    "baseline": {
        "frac_H1_rej": 0.5333333333333333
    }
}