{
    "increase_prev": {
        "pcurve": {
            "prevdiff_exp": 0.3605099860424004,
            "prevdiff_hdi": [
                -0.0684735179552528,
                0.7548081136506783
            ],
            "prevdiff_prob": 0.9416,
            "powdiff_exp": 0.12308842004075436,
            "powdiff_hdi": [
                -0.22764336557463571,
                0.43978827555603034
            ],
            "powdiff_prob": 0.7722
        },
        "binom": {
            "prevdiff_exp": 0.15831400053208444,
            "prevdiff_hdi": [
                -0.469517779582702,
                0.6818685071085399
            ],
            "prevdiff_prob": 0.7046,
            "powdiff_exp": 0.15581952481442546,
            "powdiff_hdi": [
                -0.43760014099573424,
                0.6699355663760868
            ],
            "powdiff_prob": 0.7052
        },
        "pval_group": 0.005859375,
        "frac_H1_rej": 0.5
    },
    "increase_pow": {
        "pcurve": {
            "prevdiff_exp": 0.07954692352273784,
            "prevdiff_hdi": [
                -0.4320417895538146,
                0.5886630176400343
            ],
            "prevdiff_prob": 0.612,
            "powdiff_exp": 0.18380970086810602,
            "powdiff_hdi": [
                -0.23885952820928075,
                0.5808708963763864
            ],
            "powdiff_prob": 0.8088
        },
        "binom": {
            "prevdiff_exp": 0.0823756824917832,
            "prevdiff_hdi": [
                -0.551672919939673,
                0.6629496040432425
            ],
            "prevdiff_prob": 0.6132,
            "powdiff_exp": 0.08810240274190169,
            "powdiff_hdi": [
                -0.5108181897673101,
                0.6373444349495678
            ],
            "powdiff_prob": 0.6238
        },
        "pval_group": 0.4814453125,
        "frac_H1_rej": 0.9
    },
    "baseline": {
        "frac_H1_rej": 0.38461538461538464
    }
}