{
    "increase_prev": {
        "pcurve": {
            "prevdiff_exp": 0.18521784743386543,
            "prevdiff_hdi": [
                -0.183854786109113,
                0.5690080654958432
            ],
            "prevdiff_prob": 0.8202,
            "powdiff_exp": 0.1570620780580563,
            "powdiff_hdi": [
                -0.09321464271887298,
                0.40282924804800485
            ],
            "powdiff_prob": 0.8994
        },
        "binom": {
            "prevdiff_exp": 0.28415501560268175,
            "prevdiff_hdi": [
                -0.3418700184273562,
                0.8740334268642953
            ],
            "prevdiff_prob": 0.8142,
            "powdiff_exp": 0.25780556036895996,
            "powdiff_hdi": [
                -0.32330480728412214,
                0.836248841650578
            ],
            "powdiff_prob": 0.7996
        },
        "pval_group": 0.001953125,
        "frac_H1_rej": 0.4642857142857143
    },
    "increase_pow": {
        "pcurve": {
            "prevdiff_exp": -0.2820353636226515,
            "prevdiff_hdi": [
                -0.6509738476381439,
                0.13031300897946613
            ],
            "prevdiff_prob": 0.0974,
            "powdiff_exp": 0.5228949381577002,
            "powdiff_hdi": [
                0.25202034366050574,
                0.7720420242597157
            ],
            "powdiff_prob": 0.9986
        },
        "binom": {
            "prevdiff_exp": 0.26512180466022717,
            "prevdiff_hdi": [
                -0.3541130910737406,
                0.8587765663240259
            ],
            "prevdiff_prob": 0.7864,
            "powdiff_exp": 0.23064637576061672,
            "powdiff_hdi": [
                -0.36055373579773875,
                0.80859936979514
            ],
            "powdiff_prob": 0.7714
        },
        "pval_group": 0.0048828125,
        "frac_H1_rej": 1.0
    },
    "baseline": {
        "frac_H1_rej": 0.1
    }
}