{
    "increase_prev": {
        "pcurve": {
            "prevdiff_exp": 0.4162354294225631,
            "prevdiff_hdi": [
                0.028814202429959468,
                0.7341204987375392
            ],
            "prevdiff_prob": 0.9802,
            "powdiff_exp": 0.08411935990529924,
            "powdiff_hdi": [
                -0.26198959966714463,
                0.41777144129691646
            ],
            "powdiff_prob": 0.6826
        },
        "binom": {
            "prevdiff_exp": 0.26283736072787695,
            "prevdiff_hdi": [
                -0.2882583031759345,
                0.7353424429797546
            ],
            "prevdiff_prob": 0.8166,
            "powdiff_exp": 0.2584216677882076,
            "powdiff_hdi": [
                -0.22983240770080904,
                0.7310518251192848
            ],
            "powdiff_prob": 0.8218
        },
        "pval_group": 0.001953125,
        "frac_H1_rej": 0.6
    },
    "increase_pow": {
        "pcurve": {
            "prevdiff_exp": -0.015080620452530844,
            "prevdiff_hdi": [
                -0.39773622484528093,
                0.33822441614128435
            ],
            "prevdiff_prob": 0.4896,
            "powdiff_exp": 0.39297717004544236,
            "powdiff_hdi": [
                0.052623942207289276,
                0.7237690877727792
            ],
            "powdiff_prob": 0.9838
        },
        "binom": {
            "prevdiff_exp": 0.18062253881218956,
            "prevdiff_hdi": [
                -0.3789316948430904,
                0.7234811371995367
            ],
            "prevdiff_prob": 0.722,
            "powdiff_exp": 0.1801105926348034,
            "powdiff_hdi": [
                -0.411696681371733,
                0.6611925403527096
            ],
            "powdiff_prob": 0.7364
        },
        "pval_group": 0.5458984375,
        "frac_H1_rej": 1.0
    },
    "baseline": {
        "frac_H1_rej": 0.4166666666666667
    }
}