{
    "increase_prev": {
        "pcurve": {
            "prevdiff_exp": 0.17331121151626386,
            "prevdiff_hdi": [
                -0.13691166863361293,
                0.5227605010489165
            ],
            "prevdiff_prob": 0.8476,
            "powdiff_exp": 0.16759290023837678,
            "powdiff_hdi": [
                -0.06631049973301179,
                0.402817180766245
            ],
            "powdiff_prob": 0.9086
        },
        "binom": {
            "prevdiff_exp": 0.21973449548125581,
            "prevdiff_hdi": [
                -0.30980099292335084,
                0.7544558410625096
            ],
            "prevdiff_prob": 0.77,
            "powdiff_exp": 0.22113823975469668,
            "powdiff_hdi": [
                -0.30797679955732404,
                0.7019687913977307
            ],
            "powdiff_prob": 0.7838
        },
        "pval_group": 0.048828125,
        "frac_H1_rej": 0.5357142857142857
    },
    "increase_pow": {
        "pcurve": {
            "prevdiff_exp": -0.19199696546699407,
            "prevdiff_hdi": [
                -0.568000798003004,
                0.21778214041826094
            ],
            "prevdiff_prob": 0.1846,
            "powdiff_exp": 0.27257483496427265,
            "powdiff_hdi": [
                -0.06028969594475314,
                0.5777961617994773
            ],
            "powdiff_prob": 0.9466
        },
        "binom": {
            "prevdiff_exp": 0.11513185863960784,
            "prevdiff_hdi": [
                -0.5019513351207843,
                0.6834897525314664
            ],
            "prevdiff_prob": 0.6508,
            "powdiff_exp": 0.10173007418960968,
            "powdiff_hdi": [
                -0.48776414028681725,
                0.6403295760368541
            ],
            "powdiff_prob": 0.642
        },
        "pval_group": 0.2705078125,
        "frac_H1_rej": 1.0
    },
    "baseline": {
        "frac_H1_rej": 0.4375
    }
}