{
    "increase_prev": {
        "pcurve": {
            "prevdiff_exp": 0.4881163665326357,
            "prevdiff_hdi": [
                0.2017141572146396,
                0.7855682850047154
            ],
            "prevdiff_prob": 0.9924,
            "powdiff_exp": -0.19949762213739228,
            "powdiff_hdi": [
                -0.5166777355971233,
                0.13236276058523416
            ],
            "powdiff_prob": 0.1256
        },
        "binom": {
            "prevdiff_exp": 0.1373588129894726,
            "prevdiff_hdi": [
                -0.3486244795314629,
                0.6650779719949589
            ],
            "prevdiff_prob": 0.6968,
            "powdiff_exp": 0.13303583701279498,
            "powdiff_hdi": [
                -0.3522935981112537,
                0.6119280694944255
            ],
            "powdiff_prob": 0.6948
        },
        "pval_group": 0.1220703125,
        "frac_H1_rej": 0.5925925925925926
    },
    "increase_pow": {
        "pcurve": {
            "prevdiff_exp": 0.12118977094267247,
            "prevdiff_hdi": [
                -0.1818608204382794,
                0.4338865521120895
            ],
            "prevdiff_prob": 0.7722,
            "powdiff_exp": 0.16853527821817257,
            "powdiff_hdi": [
                -0.1489189366414725,
                0.5144288618376572
            ],
            "powdiff_prob": 0.839
        },
        "binom": {
            "prevdiff_exp": 0.1373588129894726,
            "prevdiff_hdi": [
                -0.3486244795314629,
                0.6650779719949589
            ],
            "prevdiff_prob": 0.6968,
            "powdiff_exp": 0.13303583701279498,
            "powdiff_hdi": [
                -0.3522935981112537,
                0.6119280694944255
            ],
            "powdiff_prob": 0.6948
        },
        "pval_group": 0.46484375,
        "frac_H1_rej": 1.0
    },
    "baseline": {
        "frac_H1_rej": 0.6666666666666666
    }
}