{
    "increase_prev": {
        "pcurve": {
            "prevdiff_exp": 0.5673843110083262,
            "prevdiff_hdi": [
                0.17678801630665586,
                0.8792878083412822
            ],
            "prevdiff_prob": 0.9922,
            "powdiff_exp": -0.00601571645846839,
            "powdiff_hdi": [
                -0.4152225212938061,
                0.38858809233820707
            ],
            "powdiff_prob": 0.5014
        },
        "binom": {
            "prevdiff_exp": 0.2003804512602575,
            "prevdiff_hdi": [
                -0.42096537519291255,
                0.751552573457396
            ],
            "prevdiff_prob": 0.7442,
            "powdiff_exp": 0.18001072523988026,
            "powdiff_hdi": [
                -0.3936470525743901,
                0.6977605694974172
            ],
            "powdiff_prob": 0.7366
        },
        "pval_group": 0.0068359375,
        "frac_H1_rej": 0.43333333333333335
    },
    "increase_pow": {
        "pcurve": {
            "prevdiff_exp": 0.3789013651048345,
            "prevdiff_hdi": [
                -0.025513862950393595,
                0.7747919086404135
            ],
            "prevdiff_prob": 0.9528,
            "powdiff_exp": 0.2036567340609252,
            "powdiff_hdi": [
                -0.22192928256507183,
                0.6114309970417393
            ],
            "powdiff_prob": 0.809
        },
        "binom": {
            "prevdiff_exp": 0.24069729589869504,
            "prevdiff_hdi": [
                -0.3410728119937153,
                0.7668833485590058
            ],
            "prevdiff_prob": 0.7808,
            "powdiff_exp": 0.22708188773205903,
            "powdiff_hdi": [
                -0.3226554230284957,
                0.7416846982553135
            ],
            "powdiff_prob": 0.779
        },
        "pval_group": 0.1865234375,
        "frac_H1_rej": 0.8125
    },
    "baseline": {
        "frac_H1_rej": 0.6666666666666666
    }
}