{
    "increase_prev": {
        "pcurve": {
            "prevdiff_exp": 0.16125618264020222,
            "prevdiff_hdi": [
                -0.2296131269864432,
                0.5295162542914826
            ],
            "prevdiff_prob": 0.7874,
            "powdiff_exp": -0.02664003685036313,
            "powdiff_hdi": [
                -0.3205433198065475,
                0.2691023345485218
            ],
            "powdiff_prob": 0.4338
        },
        "binom": {
            "prevdiff_exp": 0.03275617614782467,
            "prevdiff_hdi": [
                -0.5494100435902691,
                0.58470651030441
            ],
            "prevdiff_prob": 0.5458,
            "powdiff_exp": 0.013627671447707984,
            "powdiff_hdi": [
                -0.519616394713682,
                0.5550508367352915
            ],
            "powdiff_prob": 0.5266
        },
        "pval_group": 0.1640625,
        "frac_H1_rej": 0.39285714285714285
    },
    "increase_pow": {
        "pcurve": {
            "prevdiff_exp": 0.0502049642706,
            "prevdiff_hdi": [
                -0.30671441247313214,
                0.3866716643576053
            ],
            "prevdiff_prob": 0.6038,
            "powdiff_exp": 0.3784385968402517,
            "powdiff_hdi": [
                0.10632475441960632,
                0.6343053816623743
            ],
            "powdiff_prob": 0.9946
        },
        "binom": {
            "prevdiff_exp": 0.24436988291615325,
            "prevdiff_hdi": [
                -0.21582312392689873,
                0.6646267175224876
            ],
            "prevdiff_prob": 0.8224,
            "powdiff_exp": 0.22378259027417038,
            "powdiff_hdi": [
                -0.22032490205373478,
                0.6163592997028645
            ],
            "powdiff_prob": 0.8144
        },
        "pval_group": 0.0400390625,
        "frac_H1_rej": 0.9523809523809523
    },
    "baseline": {
        "frac_H1_rej": 0.5294117647058824
    }
}