{
    "increase_prev": {
        "pcurve": {
            "prevdiff_exp": 0.40221346762807925,
            "prevdiff_hdi": [
                -0.06400137792472049,
                0.792401231573262
            ],
            "prevdiff_prob": 0.9454,
            "powdiff_exp": 0.05964176232963135,
            "powdiff_hdi": [
                -0.32215039979251536,
                0.39313783932042756
            ],
            "powdiff_prob": 0.6418
        },
        "binom": {
            "prevdiff_exp": 0.15831400053208444,
            "prevdiff_hdi": [
                -0.469517779582702,
                0.6818685071085399
            ],
            "prevdiff_prob": 0.7046,
            "powdiff_exp": 0.15581952481442546,
            "powdiff_hdi": [
                -0.43760014099573424,
                0.6699355663760868
            ],
            "powdiff_prob": 0.7052
        },
        "pval_group": 0.00390625,
        "frac_H1_rej": 0.43333333333333335
    },
    "increase_pow": {
        "pcurve": {
            "prevdiff_exp": 0.08840088358529781,
            "prevdiff_hdi": [
                -0.3922603009624573,
                0.5258216439379182
            ],
            "prevdiff_prob": 0.6658,
            "powdiff_exp": 0.3453290871781812,
            "powdiff_hdi": [
                -0.04334230869718736,
                0.7237523161218034
            ],
            "powdiff_prob": 0.9408
        },
        "binom": {
            "prevdiff_exp": 0.15831400053208444,
            "prevdiff_hdi": [
                -0.469517779582702,
                0.6818685071085399
            ],
            "prevdiff_prob": 0.7046,
            "powdiff_exp": 0.15581952481442546,
            "powdiff_hdi": [
                -0.43760014099573424,
                0.6699355663760868
            ],
            "powdiff_prob": 0.7052
        },
        "pval_group": 0.138671875,
        "frac_H1_rej": 0.9285714285714286
    },
    "baseline": {
        "frac_H1_rej": 0.5
    }
}