{
    "increase_prev": {
        "pcurve": {
            "prevdiff_exp": 0.6073674394884061,
            "prevdiff_hdi": [
                0.22744624892278387,
                0.9129815943578479
            ],
            "prevdiff_prob": 0.99,
            "powdiff_exp": -0.07394771162594002,
            "powdiff_hdi": [
                -0.4902421530001285,
                0.3859102302758424
            ],
            "powdiff_prob": 0.3676
        },
        "binom": {
            "prevdiff_exp": 0.26180094620942884,
            "prevdiff_hdi": [
                -0.3047039655365804,
                0.7948452577293971
            ],
            "prevdiff_prob": 0.8082,
            "powdiff_exp": 0.24532944018015146,
            "powdiff_hdi": [
                -0.28797136276548246,
                0.7443072011273018
            ],
            "powdiff_prob": 0.8018
        },
        "pval_group": 0.0029296875,
        "frac_H1_rej": 0.5517241379310345
    },
    "increase_pow": {
        "pcurve": {
            "prevdiff_exp": 0.21410462160669444,
            "prevdiff_hdi": [
                -0.2026721976640109,
                0.5451378755855785
            ],
            "prevdiff_prob": 0.884,
            "powdiff_exp": 0.265473258911346,
            "powdiff_hdi": [
                -0.1399436692775684,
                0.7460782198223734
            ],
            "powdiff_prob": 0.8582
        },
        "binom": {
            "prevdiff_exp": 0.24069729589869504,
            "prevdiff_hdi": [
                -0.3410728119937153,
                0.7668833485590058
            ],
            "prevdiff_prob": 0.7808,
            "powdiff_exp": 0.22708188773205903,
            "powdiff_hdi": [
                -0.3226554230284957,
                0.7416846982553135
            ],
            "powdiff_prob": 0.779
        },
        "pval_group": 0.21484375,
        "frac_H1_rej": 1.0
    },
    "baseline": {
        "frac_H1_rej": 0.6666666666666666
    }
}