{
    "increase_prev": {
        "pcurve": {
            "prevdiff_exp": 0.20072261484895454,
            "prevdiff_hdi": [
                -0.12489394236890716,
                0.5342143696743284
            ],
            "prevdiff_prob": 0.8812,
            "powdiff_exp": 0.0028306626871683702,
            "powdiff_hdi": [
                -0.27483074179624933,
                0.2711684610238557
            ],
            "powdiff_prob": 0.5294
        },
        "binom": {
            "prevdiff_exp": 0.0837911315409848,
            "prevdiff_hdi": [
                -0.4678493899759329,
                0.674501780275422
            ],
            "prevdiff_prob": 0.6114,
            "powdiff_exp": 0.06584518185922297,
            "powdiff_hdi": [
                -0.49862899932598376,
                0.599270978656073
            ],
            "powdiff_prob": 0.5892
        },
        "pval_group": 0.2275390625,
        "frac_H1_rej": 0.4
    },
    "increase_pow": {
        "pcurve": {
            "prevdiff_exp": -0.15861002553950262,
            "prevdiff_hdi": [
                -0.49262691840932904,
                0.21228480797220955
            ],
            "prevdiff_prob": 0.1962,
            "powdiff_exp": 0.35074153528559193,
            "powdiff_hdi": [
                0.05195875807386813,
                0.5999364729992169
            ],
            "powdiff_prob": 0.989
        },
        "binom": {
            "prevdiff_exp": 0.1642448374326108,
            "prevdiff_hdi": [
                -0.3787641881454532,
                0.6650928293874636
            ],
            "prevdiff_prob": 0.718,
            "powdiff_exp": 0.15832308140783743,
            "powdiff_hdi": [
                -0.3787338833513173,
                0.6140403466343308
            ],
            "powdiff_prob": 0.717
        },
        "pval_group": 0.6337890625,
        "frac_H1_rej": 1.0
    },
    "baseline": {
        "frac_H1_rej": 0.4117647058823529
    }
}