{
    "increase_prev": {
        "pcurve": {
            "prevdiff_exp": 0.26131295305242036,
            "prevdiff_hdi": [
                -0.12056125563542974,
                0.6415118746579744
            ],
            "prevdiff_prob": 0.906,
            "powdiff_exp": 0.07668042632160839,
            "powdiff_hdi": [
                -0.22031728746014567,
                0.34924645640906443
            ],
            "powdiff_prob": 0.7062
        },
        "binom": {
            "prevdiff_exp": 0.11513185863960784,
            "prevdiff_hdi": [
                -0.5019513351207843,
                0.6834897525314664
            ],
            "prevdiff_prob": 0.6508,
            "powdiff_exp": 0.10173007418960968,
            "powdiff_hdi": [
                -0.48776414028681725,
                0.6403295760368541
            ],
            "powdiff_prob": 0.642
        },
        "pval_group": 0.041015625,
        "frac_H1_rej": 0.39285714285714285
    },
    "increase_pow": {
        "pcurve": {
            "prevdiff_exp": 0.025145767585012364,
            "prevdiff_hdi": [
                -0.355523371368635,
                0.413407234040914
            ],
            "prevdiff_prob": 0.5408,
            "powdiff_exp": 0.3234127158216791,
            "powdiff_hdi": [
                0.03099105947704267,
                0.6079876347118339
            ],
            "powdiff_prob": 0.9784
        },
        "binom": {
            "prevdiff_exp": 0.18062253881218956,
            "prevdiff_hdi": [
                -0.3789316948430904,
                0.7234811371995367
            ],
            "prevdiff_prob": 0.722,
            "powdiff_exp": 0.1801105926348034,
            "powdiff_hdi": [
                -0.411696681371733,
                0.6611925403527096
            ],
            "powdiff_prob": 0.7364
        },
        "pval_group": 0.67578125,
        "frac_H1_rej": 1.0
    },
    "baseline": {
        "frac_H1_rej": 0.4666666666666667
    }
}