{
    "increase_prev": {
        "pcurve": {
            "prevdiff_exp": 0.3520969504441895,
            "prevdiff_hdi": [
                0.002126064096422464,
                0.6439599575667541
            ],
            "prevdiff_prob": 0.9786,
            "powdiff_exp": 0.029576327871259866,
            "powdiff_hdi": [
                -0.26733762196559374,
                0.3217363802132355
            ],
            "powdiff_prob": 0.579
        },
        "binom": {
            "prevdiff_exp": 0.20490463802317926,
            "prevdiff_hdi": [
                -0.3165248470603046,
                0.7265634478988441
            ],
            "prevdiff_prob": 0.7504,
            "powdiff_exp": 0.21902800511229717,
            "powdiff_hdi": [
                -0.28825511090028877,
                0.6914733754110773
            ],
            "powdiff_prob": 0.7832
        },
        "pval_group": 0.03515625,
        "frac_H1_rej": 0.6071428571428571
    },
    "increase_pow": {
        "pcurve": {
            "prevdiff_exp": -0.02059181907918987,
            "prevdiff_hdi": [
                -0.39325909412254534,
                0.3322132201824181
            ],
            "prevdiff_prob": 0.4648,
            "powdiff_exp": 0.2385749416664895,
            "powdiff_hdi": [
                -0.07369822490628164,
                0.5713457332137866
            ],
            "powdiff_prob": 0.913
        },
        "binom": {
            "prevdiff_exp": 0.14965665711288625,
            "prevdiff_hdi": [
                -0.4163530545531227,
                0.6808775977880356
            ],
            "prevdiff_prob": 0.6946,
            "powdiff_exp": 0.15089786664808813,
            "powdiff_hdi": [
                -0.37586251276460314,
                0.6580555930080574
            ],
            "powdiff_prob": 0.7124
        },
        "pval_group": 0.955078125,
        "frac_H1_rej": 0.9333333333333333
    },
    "baseline": {
        "frac_H1_rej": 0.4666666666666667
    }
}