{
    "increase_prev": {
        "pcurve": {
            "prevdiff_exp": 0.16417829819377144,
            "prevdiff_hdi": [
                -0.12835681906178142,
                0.48536398732899094
            ],
            "prevdiff_prob": 0.857,
            "powdiff_exp": 0.10036110049893461,
            "powdiff_hdi": [
                -0.13092375087702984,
                0.3354944337067835
            ],
            "powdiff_prob": 0.8044
        },
        "binom": {
            "prevdiff_exp": 0.18876861378195248,
            "prevdiff_hdi": [
                -0.3601402524251879,
                0.7099454161478973
            ],
            "prevdiff_prob": 0.7384,
            "powdiff_exp": 0.19192551376798145,
            "powdiff_hdi": [
                -0.32054706837046865,
                0.6882465635812046
            ],
            "powdiff_prob": 0.758
        },
        "pval_group": 0.0087890625,
        "frac_H1_rej": 0.5517241379310345
    },
    "increase_pow": {
        "pcurve": {
            "prevdiff_exp": 0.0001043039183977104,
            "prevdiff_hdi": [
                -0.3889902811171781,
                0.4230359945464069
            ],
            "prevdiff_prob": 0.5082,
            "powdiff_exp": 0.13659968695072966,
            "powdiff_hdi": [
                -0.150289282856376,
                0.43332404881283637
            ],
            "powdiff_prob": 0.8192
        },
        "binom": {
            "prevdiff_exp": 0.12734811883278113,
            "prevdiff_hdi": [
                -0.44697379344167426,
                0.6973820359212584
            ],
            "prevdiff_prob": 0.6726,
            "powdiff_exp": 0.12660679882771023,
            "powdiff_hdi": [
                -0.4375004499379109,
                0.6411227405304529
            ],
            "powdiff_prob": 0.6734
        },
        "pval_group": 0.0048828125,
        "frac_H1_rej": 0.9090909090909091
    },
    "baseline": {
        "frac_H1_rej": 0.7
    }
}