{
    "increase_prev": {
        "pcurve": {
            "prevdiff_exp": 0.42573684472150325,
            "prevdiff_hdi": [
                0.04257830086387926,
                0.7687445735620575
            ],
            "prevdiff_prob": 0.981,
            "powdiff_exp": 0.12081678928582212,
            "powdiff_hdi": [
                -0.1839774701009101,
                0.4283243459705447
            ],
            "powdiff_prob": 0.7682
        },
        "binom": {
            "prevdiff_exp": 0.1676649634712187,
            "prevdiff_hdi": [
                -0.40451892741105544,
                0.6857561374020695
            ],
            "prevdiff_prob": 0.7238,
            "powdiff_exp": 0.17367796131988902,
            "powdiff_hdi": [
                -0.33026957917358235,
                0.6876691878359391
            ],
            "powdiff_prob": 0.7338
        },
        "pval_group": 0.005859375,
        "frac_H1_rej": 0.5
    },
    "increase_pow": {
        "pcurve": {
            "prevdiff_exp": 0.01975852573290056,
            "prevdiff_hdi": [
                -0.39415611633535513,
                0.40584550755052073
            ],
            "prevdiff_prob": 0.5594,
            "powdiff_exp": 0.2890934991820046,
            "powdiff_hdi": [
                -0.08488484407135971,
                0.6138341751006633
            ],
            "powdiff_prob": 0.9384
        },
        "binom": {
            "prevdiff_exp": 0.1676649634712187,
            "prevdiff_hdi": [
                -0.40451892741105544,
                0.6857561374020695
            ],
            "prevdiff_prob": 0.7238,
            "powdiff_exp": 0.17367796131988902,
            "powdiff_hdi": [
                -0.33026957917358235,
                0.6876691878359391
            ],
            "powdiff_prob": 0.7338
        },
        "pval_group": 0.24609375,
        "frac_H1_rej": 0.9375
    },
    "baseline": {
        "frac_H1_rej": 0.4666666666666667
    }
}