{
    "increase_prev": {
        "pcurve": {
            "prevdiff_exp": 0.2795339211423897,
            "prevdiff_hdi": [
                -0.16082352495221808,
                0.7252097439198686
            ],
            "prevdiff_prob": 0.859,
            "powdiff_exp": 0.17430312333575296,
            "powdiff_hdi": [
                -0.17294444101604145,
                0.46723933926512595
            ],
            "powdiff_prob": 0.8566
        },
        "binom": {
            "prevdiff_exp": 0.198630845170522,
            "prevdiff_hdi": [
                -0.35708615240591746,
                0.7424931583026386
            ],
            "prevdiff_prob": 0.7498,
            "powdiff_exp": 0.20289068730660423,
            "powdiff_hdi": [
                -0.3435128745420697,
                0.6837769918460008
            ],
            "powdiff_prob": 0.7638
        },
        "pval_group": 0.009765625,
        "frac_H1_rej": 0.5172413793103449
    },
    "increase_pow": {
        "pcurve": {
            "prevdiff_exp": -0.13331207357817348,
            "prevdiff_hdi": [
                -0.5964019105966842,
                0.33332256092304463
            ],
            "prevdiff_prob": 0.3122,
            "powdiff_exp": 0.35258445978051284,
            "powdiff_hdi": [
                -0.025930595752547192,
                0.7068777940390445
            ],
            "powdiff_prob": 0.9516
        },
        "binom": {
            "prevdiff_exp": 0.11513185863960784,
            "prevdiff_hdi": [
                -0.5019513351207843,
                0.6834897525314664
            ],
            "prevdiff_prob": 0.6508,
            "powdiff_exp": 0.10173007418960968,
            "powdiff_hdi": [
                -0.48776414028681725,
                0.6403295760368541
            ],
            "powdiff_prob": 0.642
        },
        "pval_group": 0.125,
        "frac_H1_rej": 1.0
    },
    "baseline": {
        "frac_H1_rej": 0.5
    }
}