{
    "increase_prev": {
        "pcurve": {
            "prevdiff_exp": 0.21876187944266004,
            "prevdiff_hdi": [
                -0.1523526365294664,
                0.5712600008215145
            ],
            "prevdiff_prob": 0.8672,
            "powdiff_exp": 0.13331534098610467,
            "powdiff_hdi": [
                -0.16747156157820053,
                0.41486724726774893
            ],
            "powdiff_prob": 0.8112
        },
        "binom": {
            "prevdiff_exp": 0.1373588129894726,
            "prevdiff_hdi": [
                -0.3486244795314629,
                0.6650779719949589
            ],
            "prevdiff_prob": 0.6968,
            "powdiff_exp": 0.13303583701279498,
            "powdiff_hdi": [
                -0.3522935981112537,
                0.6119280694944255
            ],
            "powdiff_prob": 0.6948
        },
        "pval_group": 0.0146484375,
        "frac_H1_rej": 0.5517241379310345
    },
    "increase_pow": {
        "pcurve": {
            "prevdiff_exp": -0.25553924714267967,
            "prevdiff_hdi": [
                -0.6528400432695987,
                0.12368519159946706
            ],
            "prevdiff_prob": 0.1112,
            "powdiff_exp": 0.36165800560556105,
            "powdiff_hdi": [
                0.01877065559814084,
                0.6651263488222896
            ],
            "powdiff_prob": 0.9728
        },
        "binom": {
            "prevdiff_exp": 0.03275617614782467,
            "prevdiff_hdi": [
                -0.5494100435902691,
                0.58470651030441
            ],
            "prevdiff_prob": 0.5458,
            "powdiff_exp": 0.013627671447707984,
            "powdiff_hdi": [
                -0.519616394713682,
                0.5550508367352915
            ],
            "powdiff_prob": 0.5266
        },
        "pval_group": 0.837890625,
        "frac_H1_rej": 0.9166666666666666
    },
    "baseline": {
        "frac_H1_rej": 0.7692307692307693
    }
}