{
    "increase_prev": {
        "pcurve": {
            "prevdiff_exp": 0.1830610368443912,
            "prevdiff_hdi": [
                -0.2838203899275221,
                0.6518790054408783
            ],
            "prevdiff_prob": 0.7576,
            "powdiff_exp": 0.05081613104741109,
            "powdiff_hdi": [
                -0.3057137669349525,
                0.35418140083281785
            ],
            "powdiff_prob": 0.647
        },
        "binom": {
            "prevdiff_exp": 0.18134724031780283,
            "prevdiff_hdi": [
                -0.41085524822389996,
                0.7829015215454744
            ],
            "prevdiff_prob": 0.7148,
            "powdiff_exp": 0.15285154063153705,
            "powdiff_hdi": [
                -0.44046063338073094,
                0.694930345960663
            ],
            "powdiff_prob": 0.7082
        },
        "pval_group": 0.01953125,
        "frac_H1_rej": 0.42857142857142855
    },
    "increase_pow": {
        "pcurve": {
            "prevdiff_exp": -0.12219252041646823,
            "prevdiff_hdi": [
                -0.5670612235912041,
                0.336161992494656
            ],
            "prevdiff_prob": 0.3094,
            "powdiff_exp": 0.3751658987433827,
            "powdiff_hdi": [
                0.009671811150756326,
                0.7040867267575316
            ],
            "powdiff_prob": 0.9644
        },
        "binom": {
            "prevdiff_exp": 0.18134724031780283,
            "prevdiff_hdi": [
                -0.41085524822389996,
                0.7829015215454744
            ],
            "prevdiff_prob": 0.7148,
            "powdiff_exp": 0.15285154063153705,
            "powdiff_hdi": [
                -0.44046063338073094,
                0.694930345960663
            ],
            "powdiff_prob": 0.7082
        },
        "pval_group": 0.1162109375,
        "frac_H1_rej": 1.0
    },
    "baseline": {
        "frac_H1_rej": 0.35714285714285715
    }
}