{
    "increase_prev": {
        "pcurve": {
            "prevdiff_exp": 0.32623594661423766,
            "prevdiff_hdi": [
                -0.06271980055915694,
                0.7477271708812441
            ],
            "prevdiff_prob": 0.934,
            "powdiff_exp": 0.10969465337871838,
            "powdiff_hdi": [
                -0.1917759579012418,
                0.3769754603834754
            ],
            "powdiff_prob": 0.7896
        },
        "binom": {
            "prevdiff_exp": 0.12444213321995623,
            "prevdiff_hdi": [
                -0.4981916736341053,
                0.7353036702573679
            ],
            "prevdiff_prob": 0.6566,
            "powdiff_exp": 0.11229360316735647,
            "powdiff_hdi": [
                -0.47725614413824463,
                0.6833486727929745
            ],
            "powdiff_prob": 0.6448
        },
        "pval_group": 0.0263671875,
        "frac_H1_rej": 0.35714285714285715
    },
    "increase_pow": {
        "pcurve": {
            "prevdiff_exp": -0.12995634235262965,
            "prevdiff_hdi": [
                -0.5816903261455701,
                0.3036534366447193
            ],
            "prevdiff_prob": 0.2956,
            "powdiff_exp": 0.46635650108246446,
            "powdiff_hdi": [
                0.14781984514153057,
                0.7818054658921435
            ],
            "powdiff_prob": 0.9886
        },
        "binom": {
            "prevdiff_exp": 0.18134724031780283,
            "prevdiff_hdi": [
                -0.41085524822389996,
                0.7829015215454744
            ],
            "prevdiff_prob": 0.7148,
            "powdiff_exp": 0.15285154063153705,
            "powdiff_hdi": [
                -0.44046063338073094,
                0.694930345960663
            ],
            "powdiff_prob": 0.7082
        },
        "pval_group": 0.6435546875,
        "frac_H1_rej": 1.0
    },
    "baseline": {
        "frac_H1_rej": 0.42857142857142855
    }
}