{
    "increase_prev": {
        "pcurve": {
            "prevdiff_exp": 0.1223921164888679,
            "prevdiff_hdi": [
                -0.2695082973126839,
                0.598159429209805
            ],
            "prevdiff_prob": 0.692,
            "powdiff_exp": 0.13965854683813717,
            "powdiff_hdi": [
                -0.12454067477339875,
                0.37014855128897833
            ],
            "powdiff_prob": 0.8794
        },
        "binom": {
            "prevdiff_exp": 0.12444213321995623,
            "prevdiff_hdi": [
                -0.4981916736341053,
                0.7353036702573679
            ],
            "prevdiff_prob": 0.6566,
            "powdiff_exp": 0.11229360316735647,
            "powdiff_hdi": [
                -0.47725614413824463,
                0.6833486727929745
            ],
            "powdiff_prob": 0.6448
        },
        "pval_group": 0.0048828125,
        "frac_H1_rej": 0.35714285714285715
    },
    "increase_pow": {
        "pcurve": {
            "prevdiff_exp": -0.1750375104892927,
            "prevdiff_hdi": [
                -0.566441049880412,
                0.26679064838334515
            ],
            "prevdiff_prob": 0.2184,
            "powdiff_exp": 0.4789619059959263,
            "powdiff_hdi": [
                0.2172464077300686,
                0.7423731165695759
            ],
            "powdiff_prob": 0.9964
        },
        "binom": {
            "prevdiff_exp": 0.2226889895403626,
            "prevdiff_hdi": [
                -0.3605755328540975,
                0.7810150693148055
            ],
            "prevdiff_prob": 0.7698,
            "powdiff_exp": 0.20430179306025814,
            "powdiff_hdi": [
                -0.3659388742499372,
                0.7235969266582232
            ],
            "powdiff_prob": 0.7584
        },
        "pval_group": 0.0966796875,
        "frac_H1_rej": 0.9333333333333333
    },
    "baseline": {
        "frac_H1_rej": 0.45454545454545453
    }
}