{
    "increase_prev": {
        "pcurve": {
            "prevdiff_exp": 0.14651223120841964,
            "prevdiff_hdi": [
                -0.1771295989115076,
                0.48375062131728463
            ],
            "prevdiff_prob": 0.7956,
            "powdiff_exp": 0.09805511606942789,
            "powdiff_hdi": [
                -0.1799689989482941,
                0.3497603884415965
            ],
            "powdiff_prob": 0.769
        },
        "binom": {
            "prevdiff_exp": 0.10460263684164793,
            "prevdiff_hdi": [
                -0.41670099706974006,
                0.5912001786075288
            ],
            "prevdiff_prob": 0.6566,
            "powdiff_exp": 0.11940816556508703,
            "powdiff_hdi": [
                -0.35363874738123746,
                0.579447628120703
            ],
            "powdiff_prob": 0.695
        },
        "pval_group": 0.0166015625,
        "frac_H1_rej": 0.5333333333333333
    },
    "increase_pow": {
        "pcurve": {
            "prevdiff_exp": -0.04625105944233667,
            "prevdiff_hdi": [
                -0.4017718929079493,
                0.33883836452740435
            ],
            "prevdiff_prob": 0.3938,
            "powdiff_exp": 0.3090570022788492,
            "powdiff_hdi": [
                0.01360666407989436,
                0.5876329077274843
            ],
            "powdiff_prob": 0.9756
        },
        "binom": {
            "prevdiff_exp": 0.10460263684164793,
            "prevdiff_hdi": [
                -0.41670099706974006,
                0.5912001786075288
            ],
            "prevdiff_prob": 0.6566,
            "powdiff_exp": 0.11940816556508703,
            "powdiff_hdi": [
                -0.35363874738123746,
                0.579447628120703
            ],
            "powdiff_prob": 0.695
        },
        "pval_group": 0.150390625,
        "frac_H1_rej": 0.9411764705882353
    },
    "baseline": {
        "frac_H1_rej": 0.5882352941176471
    }
}