{
    "increase_prev": {
        "pcurve": {
            "prevdiff_exp": 0.19667279567849158,
            "prevdiff_hdi": [
                -0.3251951443330727,
                0.7425366566904558
            ],
            "prevdiff_prob": 0.736,
            "powdiff_exp": 0.17453895533243344,
            "powdiff_hdi": [
                -0.2494192017931509,
                0.49315001565219746
            ],
            "powdiff_prob": 0.8506
        },
        "binom": {
            "prevdiff_exp": 0.24097287371020526,
            "prevdiff_hdi": [
                -0.41716178060129705,
                0.8418346277182667
            ],
            "prevdiff_prob": 0.7812,
            "powdiff_exp": 0.20371610974414417,
            "powdiff_hdi": [
                -0.40656218537683375,
                0.7823195103131289
            ],
            "powdiff_prob": 0.7606
        },
        "pval_group": 0.0380859375,
        "frac_H1_rej": 0.44
    },
    "increase_pow": {
        "pcurve": {
            "prevdiff_exp": -0.040216936675105244,
            "prevdiff_hdi": [
                -0.5214941756503484,
                0.4407595509352637
            ],
            "prevdiff_prob": 0.4502,
            "powdiff_exp": 0.5733692708160842,
            "powdiff_hdi": [
                0.23365326461530378,
                0.8473634775776212
            ],
            "powdiff_prob": 0.9896
        },
        "binom": {
            "prevdiff_exp": 0.3244718602411194,
            "prevdiff_hdi": [
                -0.24459917779504814,
                0.9020248547893676
            ],
            "prevdiff_prob": 0.8456,
            "powdiff_exp": 0.30487672286113876,
            "powdiff_hdi": [
                -0.2746985996800374,
                0.8187391075092914
            ],
            "powdiff_prob": 0.8412
        },
        "pval_group": 0.82421875,
        "frac_H1_rej": 1.0
    },
    "baseline": {
        "frac_H1_rej": 0.3333333333333333
    }
}