{
    "increase_prev": {
        "pcurve": {
            "prevdiff_exp": 0.25164584446616983,
            "prevdiff_hdi": [
                -0.15652866013312705,
                0.6955156501830425
            ],
            "prevdiff_prob": 0.864,
            "powdiff_exp": 0.15122541001686818,
            "powdiff_hdi": [
                -0.13768632037918005,
                0.3934293138726267
            ],
            "powdiff_prob": 0.8808
        },
        "binom": {
            "prevdiff_exp": 0.09755610877681803,
            "prevdiff_hdi": [
                -0.5251801550218109,
                0.7635827897139151
            ],
            "prevdiff_prob": 0.6222,
            "powdiff_exp": 0.08700635877231405,
            "powdiff_hdi": [
                -0.5204209004219931,
                0.7062424616109438
            ],
            "powdiff_prob": 0.6196
        },
        "pval_group": 0.013671875,
        "frac_H1_rej": 0.2857142857142857
    },
    "increase_pow": {
        "pcurve": {
            "prevdiff_exp": -0.18122998405896643,
            "prevdiff_hdi": [
                -0.6124013788879441,
                0.24983240055293632
            ],
            "prevdiff_prob": 0.2254,
            "powdiff_exp": 0.5420584928012885,
            "powdiff_hdi": [
                0.2506339571997886,
                0.7808996578198033
            ],
            "powdiff_prob": 0.9992
        },
        "binom": {
            "prevdiff_exp": 0.2226889895403626,
            "prevdiff_hdi": [
                -0.3605755328540975,
                0.7810150693148055
            ],
            "prevdiff_prob": 0.7698,
            "powdiff_exp": 0.20430179306025814,
            "powdiff_hdi": [
                -0.3659388742499372,
                0.7235969266582232
            ],
            "powdiff_prob": 0.7584
        },
        "pval_group": 0.1396484375,
        "frac_H1_rej": 1.0
    },
    "baseline": {
        "frac_H1_rej": 0.42857142857142855
    }
}