{
    "increase_prev": {
        "pcurve": {
            "prevdiff_exp": 0.2206589900382871,
            "prevdiff_hdi": [
                -0.12723090558769135,
                0.6533154114548625
            ],
            "prevdiff_prob": 0.8684,
            "powdiff_exp": 0.2063569724969281,
            "powdiff_hdi": [
                -0.02734725931901083,
                0.4306684891626093
            ],
            "powdiff_prob": 0.9516
        },
        "binom": {
            "prevdiff_exp": 0.25769909171974875,
            "prevdiff_hdi": [
                -0.37303199111269214,
                0.8166293287071859
            ],
            "prevdiff_prob": 0.7928,
            "powdiff_exp": 0.2453786490238711,
            "powdiff_hdi": [
                -0.34456291192190425,
                0.771228693050741
            ],
            "powdiff_prob": 0.7932
        },
        "pval_group": 0.001953125,
        "frac_H1_rej": 0.4827586206896552
    },
    "increase_pow": {
        "pcurve": {
            "prevdiff_exp": -0.09417598668270423,
            "prevdiff_hdi": [
                -0.4794214696662315,
                0.35351910998297964
            ],
            "prevdiff_prob": 0.3164,
            "powdiff_exp": 0.5227884827920694,
            "powdiff_hdi": [
                0.28194120642177,
                0.7556005121512706
            ],
            "powdiff_prob": 0.9984
        },
        "binom": {
            "prevdiff_exp": 0.3129470726300418,
            "prevdiff_hdi": [
                -0.2942382312327132,
                0.8330186748847063
            ],
            "prevdiff_prob": 0.835,
            "powdiff_exp": 0.3135087874880802,
            "powdiff_hdi": [
                -0.25540657363523656,
                0.8309854336949258
            ],
            "powdiff_prob": 0.8376
        },
        "pval_group": 0.0048828125,
        "frac_H1_rej": 1.0
    },
    "baseline": {
        "frac_H1_rej": 0.3076923076923077
    }
}