{
    "increase_prev": {
        "pcurve": {
            "prevdiff_exp": 0.36566002294648686,
            "prevdiff_hdi": [
                -0.009744581339412473,
                0.7252926625141765
            ],
            "prevdiff_prob": 0.9668,
            "powdiff_exp": 0.171662039210291,
            "powdiff_hdi": [
                -0.1380884901555547,
                0.44704576315132755
            ],
            "powdiff_prob": 0.8628
        },
        "binom": {
            "prevdiff_exp": 0.18062253881218956,
            "prevdiff_hdi": [
                -0.3789316948430904,
                0.7234811371995367
            ],
            "prevdiff_prob": 0.722,
            "powdiff_exp": 0.1801105926348034,
            "powdiff_hdi": [
                -0.411696681371733,
                0.6611925403527096
            ],
            "powdiff_prob": 0.7364
        },
        "pval_group": 0.0068359375,
        "frac_H1_rej": 0.4666666666666667
    },
    "increase_pow": {
        "pcurve": {
            "prevdiff_exp": 0.05176622214114443,
            "prevdiff_hdi": [
                -0.40585981356416423,
                0.492065615085785
            ],
            "prevdiff_prob": 0.5962,
            "powdiff_exp": 0.40081448130754727,
            "powdiff_hdi": [
                0.047965793498101705,
                0.7124814172547145
            ],
            "powdiff_prob": 0.9796
        },
        "binom": {
            "prevdiff_exp": 0.198630845170522,
            "prevdiff_hdi": [
                -0.35708615240591746,
                0.7424931583026386
            ],
            "prevdiff_prob": 0.7498,
            "powdiff_exp": 0.20289068730660423,
            "powdiff_hdi": [
                -0.3435128745420697,
                0.6837769918460008
            ],
            "powdiff_prob": 0.7638
        },
        "pval_group": 1.0,
        "frac_H1_rej": 1.0
    },
    "baseline": {
        "frac_H1_rej": 0.4
    }
}