{
    "increase_prev": {
        "pcurve": {
            "prevdiff_exp": 0.17463533732509398,
            "prevdiff_hdi": [
                -0.1416401260764506,
                0.5649009138425083
            ],
            "prevdiff_prob": 0.828,
            "powdiff_exp": 0.24268373839658566,
            "powdiff_hdi": [
                0.003023347852542213,
                0.4602726356135392
            ],
            "powdiff_prob": 0.973
        },
        "binom": {
            "prevdiff_exp": 0.296811048388815,
            "prevdiff_hdi": [
                -0.30393763894889625,
                0.8116745479373222
            ],
            "prevdiff_prob": 0.8226,
            "powdiff_exp": 0.28640629614376445,
            "powdiff_hdi": [
                -0.3029142041077365,
                0.7849565289772671
            ],
            "powdiff_prob": 0.8232
        },
        "pval_group": 0.001953125,
        "frac_H1_rej": 0.5333333333333333
    },
    "increase_pow": {
        "pcurve": {
            "prevdiff_exp": -0.33231119509783913,
            "prevdiff_hdi": [
                -0.6990791768143698,
                0.09482050821785742
            ],
            "prevdiff_prob": 0.0674,
            "powdiff_exp": 0.45615409400949175,
            "powdiff_hdi": [
                0.14978705216902055,
                0.7309100088721325
            ],
            "powdiff_prob": 0.995
        },
        "binom": {
            "prevdiff_exp": 0.15945223539934242,
            "prevdiff_hdi": [
                -0.4965966591173275,
                0.771613441180991
            ],
            "prevdiff_prob": 0.6912,
            "powdiff_exp": 0.15337045913096944,
            "powdiff_hdi": [
                -0.4906825992054199,
                0.69320856065334
            ],
            "powdiff_prob": 0.7008
        },
        "pval_group": 0.89453125,
        "frac_H1_rej": 1.0
    },
    "baseline": {
        "frac_H1_rej": 0.29411764705882354
    }
}