{
    "increase_prev": {
        "pcurve": {
            "prevdiff_exp": 0.32400942399570304,
            "prevdiff_hdi": [
                -0.11927565798113626,
                0.7244894524203266
            ],
            "prevdiff_prob": 0.8978,
            "powdiff_exp": 0.10083517605818683,
            "powdiff_hdi": [
                -0.2737967595049646,
                0.44038832092366864
            ],
            "powdiff_prob": 0.719
        },
        "binom": {
            "prevdiff_exp": 0.18876861378195248,
            "prevdiff_hdi": [
                -0.3601402524251879,
                0.7099454161478973
            ],
            "prevdiff_prob": 0.7384,
            "powdiff_exp": 0.19192551376798145,
            "powdiff_hdi": [
                -0.32054706837046865,
                0.6882465635812046
            ],
            "powdiff_prob": 0.758
        },
        "pval_group": 0.0048828125,
        "frac_H1_rej": 0.5517241379310345
    },
    "increase_pow": {
        "pcurve": {
            "prevdiff_exp": 0.08007496580857558,
            "prevdiff_hdi": [
                -0.38077990698230013,
                0.4875774022791983
            ],
            "prevdiff_prob": 0.6468,
            "powdiff_exp": 0.3543934139662508,
            "powdiff_hdi": [
                -0.0158408374181499,
                0.6907094582887607
            ],
            "powdiff_prob": 0.9546
        },
        "binom": {
            "prevdiff_exp": 0.20490463802317926,
            "prevdiff_hdi": [
                -0.3165248470603046,
                0.7265634478988441
            ],
            "prevdiff_prob": 0.7504,
            "powdiff_exp": 0.21902800511229717,
            "powdiff_hdi": [
                -0.28825511090028877,
                0.6914733754110773
            ],
            "powdiff_prob": 0.7832
        },
        "pval_group": 0.048828125,
        "frac_H1_rej": 1.0
    },
    "baseline": {
        "frac_H1_rej": 0.5833333333333334
    }
}