{
    "increase_prev": {
        "pcurve": {
            "prevdiff_exp": 0.3011831297713,
            "prevdiff_hdi": [
                -0.1190673886928807,
                0.7578410229593485
            ],
            "prevdiff_prob": 0.9016,
            "powdiff_exp": 0.16335447737375075,
            "powdiff_hdi": [
                -0.11266204794859358,
                0.4225013222015795
            ],
            "powdiff_prob": 0.8894
        },
        "binom": {
            "prevdiff_exp": 0.13256621095620422,
            "prevdiff_hdi": [
                -0.5173907485098828,
                0.7875955509898785
            ],
            "prevdiff_prob": 0.6692,
            "powdiff_exp": 0.12808321473592701,
            "powdiff_hdi": [
                -0.48994352799983326,
                0.7603473497560782
            ],
            "powdiff_prob": 0.6664
        },
        "pval_group": 0.00390625,
        "frac_H1_rej": 0.3103448275862069
    },
    "increase_pow": {
        "pcurve": {
            "prevdiff_exp": -0.14334288601768813,
            "prevdiff_hdi": [
                -0.6243922339181435,
                0.3571331672684282
            ],
            "prevdiff_prob": 0.2906,
            "powdiff_exp": 0.3962132312002471,
            "powdiff_hdi": [
                0.017481356575435758,
                0.7390323937695632
            ],
            "powdiff_prob": 0.9658
        },
        "binom": {
            "prevdiff_exp": 0.15945223539934242,
            "prevdiff_hdi": [
                -0.4965966591173275,
                0.771613441180991
            ],
            "prevdiff_prob": 0.6912,
            "powdiff_exp": 0.15337045913096944,
            "powdiff_hdi": [
                -0.4906825992054199,
                0.69320856065334
            ],
            "powdiff_prob": 0.7008
        },
        "pval_group": 0.0966796875,
        "frac_H1_rej": 1.0
    },
    "baseline": {
        "frac_H1_rej": 0.35714285714285715
    }
}