{
    "increase_prev": {
        "pcurve": {
            "prevdiff_exp": 0.3114133472686832,
            "prevdiff_hdi": [
                -0.08855233761933712,
                0.7685097628930907
            ],
            "prevdiff_prob": 0.9084,
            "powdiff_exp": 0.14280862649459924,
            "powdiff_hdi": [
                -0.23053930277356421,
                0.4707290194795253
            ],
            "powdiff_prob": 0.805
        },
        "binom": {
            "prevdiff_exp": 0.12734811883278113,
            "prevdiff_hdi": [
                -0.44697379344167426,
                0.6973820359212584
            ],
            "prevdiff_prob": 0.6726,
            "powdiff_exp": 0.12660679882771023,
            "powdiff_hdi": [
                -0.4375004499379109,
                0.6411227405304529
            ],
            "powdiff_prob": 0.6734
        },
        "pval_group": 0.0068359375,
        "frac_H1_rej": 0.43333333333333335
    },
    "increase_pow": {
        "pcurve": {
            "prevdiff_exp": 0.02853136558640794,
            "prevdiff_hdi": [
                -0.4637593397044695,
                0.5635162357180259
            ],
            "prevdiff_prob": 0.532,
            "powdiff_exp": 0.2601817830324487,
            "powdiff_hdi": [
                -0.17718191573444464,
                0.6302141752724966
            ],
            "powdiff_prob": 0.8816
        },
        "binom": {
            "prevdiff_exp": 0.14965665711288625,
            "prevdiff_hdi": [
                -0.4163530545531227,
                0.6808775977880356
            ],
            "prevdiff_prob": 0.6946,
            "powdiff_exp": 0.15089786664808813,
            "powdiff_hdi": [
                -0.37586251276460314,
                0.6580555930080574
            ],
            "powdiff_prob": 0.7124
        },
        "pval_group": 0.6875,
        "frac_H1_rej": 1.0
    },
    "baseline": {
        "frac_H1_rej": 0.6153846153846154
    }
}