{
    "increase_prev": {
        "pcurve": {
            "prevdiff_exp": 0.28069619298133186,
            "prevdiff_hdi": [
                -0.20167273165793853,
                0.7238968316006833
            ],
            "prevdiff_prob": 0.8614,
            "powdiff_exp": 0.23496362898365378,
            "powdiff_hdi": [
                -0.08072941251575166,
                0.5202903536234862
            ],
            "powdiff_prob": 0.93
        },
        "binom": {
            "prevdiff_exp": 0.23539055343964366,
            "prevdiff_hdi": [
                -0.3895634657335083,
                0.8322231647154883
            ],
            "prevdiff_prob": 0.7636,
            "powdiff_exp": 0.2210875812034932,
            "powdiff_hdi": [
                -0.39070904803429296,
                0.7636319710329034
            ],
            "powdiff_prob": 0.7692
        },
        "pval_group": 0.03125,
        "frac_H1_rej": 0.48
    },
    "increase_pow": {
        "pcurve": {
            "prevdiff_exp": -0.008637278467094058,
            "prevdiff_hdi": [
                -0.49557472152307974,
                0.4797103787898847
            ],
            "prevdiff_prob": 0.4868,
            "powdiff_exp": 0.3724476655135256,
            "powdiff_hdi": [
                0.025114755583076298,
                0.6995143303601568
            ],
            "powdiff_prob": 0.9712
        },
        "binom": {
            "prevdiff_exp": 0.21635734249718902,
            "prevdiff_hdi": [
                -0.41850166710642706,
                0.7937426377387214
            ],
            "prevdiff_prob": 0.7456,
            "powdiff_exp": 0.19392839659515002,
            "powdiff_hdi": [
                -0.41134146749219225,
                0.7751400561832572
            ],
            "powdiff_prob": 0.741
        },
        "pval_group": 0.126953125,
        "frac_H1_rej": 1.0
    },
    "baseline": {
        "frac_H1_rej": 0.45454545454545453
    }
}