{
    "increase_prev": {
        "pcurve": {
            "prevdiff_exp": 0.20103197571925424,
            "prevdiff_hdi": [
                -0.20656298743357038,
                0.61236231918424
            ],
            "prevdiff_prob": 0.8164,
            "powdiff_exp": 0.11806117834247129,
            "powdiff_hdi": [
                -0.15443688158772717,
                0.3948764235143122
            ],
            "powdiff_prob": 0.816
        },
        "binom": {
            "prevdiff_exp": 0.059642200590962854,
            "prevdiff_hdi": [
                -0.5372476920602589,
                0.6438613336255519
            ],
            "prevdiff_prob": 0.5774,
            "powdiff_exp": 0.038914915842750405,
            "powdiff_hdi": [
                -0.53679028020581,
                0.5702679956246971
            ],
            "powdiff_prob": 0.5574
        },
        "pval_group": 0.017578125,
        "frac_H1_rej": 0.39285714285714285
    },
    "increase_pow": {
        "pcurve": {
            "prevdiff_exp": 0.09900342274150929,
            "prevdiff_hdi": [
                -0.2751616330541379,
                0.5122988100677733
            ],
            "prevdiff_prob": 0.657,
            "powdiff_exp": 0.47931150363209124,
            "powdiff_hdi": [
                0.23085695320574318,
                0.72536158374665
            ],
            "powdiff_prob": 0.9992
        },
        "binom": {
            "prevdiff_exp": 0.27125590735929145,
            "prevdiff_hdi": [
                -0.23140125303304915,
                0.7112695121619637
            ],
            "prevdiff_prob": 0.8324,
            "powdiff_exp": 0.24906983466921284,
            "powdiff_hdi": [
                -0.19721293335061274,
                0.7046932211299275
            ],
            "powdiff_prob": 0.8206
        },
        "pval_group": 0.0009765625,
        "frac_H1_rej": 1.0
    },
    "baseline": {
        "frac_H1_rej": 0.5333333333333333
    }
}