{
    "increase_prev": {
        "pcurve": {
            "prevdiff_exp": 0.32684592877268676,
            "prevdiff_hdi": [
                -0.08359614063662157,
                0.7359404283962312
            ],
            "prevdiff_prob": 0.9236,
            "powdiff_exp": 0.09275495779939527,
            "powdiff_hdi": [
                -0.21903560855989884,
                0.3858011531711988
            ],
            "powdiff_prob": 0.7408
        },
        "binom": {
            "prevdiff_exp": 0.1571983093677809,
            "prevdiff_hdi": [
                -0.4867250936871952,
                0.7270621900660879
            ],
            "prevdiff_prob": 0.6946,
            "powdiff_exp": 0.12592127461506447,
            "powdiff_hdi": [
                -0.479039484569405,
                0.6889912720634819
            ],
            "powdiff_prob": 0.678
        },
        "pval_group": 0.0087890625,
        "frac_H1_rej": 0.39285714285714285
    },
    "increase_pow": {
        "pcurve": {
            "prevdiff_exp": 0.0434735188876162,
            "prevdiff_hdi": [
                -0.3918806362675391,
                0.4507394431573833
            ],
            "prevdiff_prob": 0.5886,
            "powdiff_exp": 0.454435875941767,
            "powdiff_hdi": [
                0.12496334915419183,
                0.7424966524456995
            ],
            "powdiff_prob": 0.9924
        },
        "binom": {
            "prevdiff_exp": 0.26180094620942884,
            "prevdiff_hdi": [
                -0.3047039655365804,
                0.7948452577293971
            ],
            "prevdiff_prob": 0.8082,
            "powdiff_exp": 0.24532944018015146,
            "powdiff_hdi": [
                -0.28797136276548246,
                0.7443072011273018
            ],
            "powdiff_prob": 0.8018
        },
        "pval_group": 0.0009765625,
        "frac_H1_rej": 1.0
    },
    "baseline": {
        "frac_H1_rej": 0.4
    }
}