{
    "increase_prev": {
        "pcurve": {
            "prevdiff_exp": 0.2891356256019065,
            "prevdiff_hdi": [
                -0.11961855022089218,
                0.6887951368609243
            ],
            "prevdiff_prob": 0.9042,
            "powdiff_exp": 0.11970226064757446,
            "powdiff_hdi": [
                -0.22070698693784607,
                0.4139280341427758
            ],
            "powdiff_prob": 0.7768
        },
        "binom": {
            "prevdiff_exp": 0.18062253881218956,
            "prevdiff_hdi": [
                -0.3789316948430904,
                0.7234811371995367
            ],
            "prevdiff_prob": 0.722,
            "powdiff_exp": 0.1801105926348034,
            "powdiff_hdi": [
                -0.411696681371733,
                0.6611925403527096
            ],
            "powdiff_prob": 0.7364
        },
        "pval_group": 0.0244140625,
        "frac_H1_rej": 0.5
    },
    "increase_pow": {
        "pcurve": {
            "prevdiff_exp": 0.2145014648359578,
            "prevdiff_hdi": [
                -0.19689538514437654,
                0.6134275143869924
            ],
            "prevdiff_prob": 0.8394,
            "powdiff_exp": 0.26416428598667624,
            "powdiff_hdi": [
                -0.06107523644183155,
                0.5838208735413817
            ],
            "powdiff_prob": 0.9336
        },
        "binom": {
            "prevdiff_exp": 0.26283736072787695,
            "prevdiff_hdi": [
                -0.2882583031759345,
                0.7353424429797546
            ],
            "prevdiff_prob": 0.8166,
            "powdiff_exp": 0.2584216677882076,
            "powdiff_hdi": [
                -0.22983240770080904,
                0.7310518251192848
            ],
            "powdiff_prob": 0.8218
        },
        "pval_group": 0.359375,
        "frac_H1_rej": 1.0
    },
    "baseline": {
        "frac_H1_rej": 0.42857142857142855
    }
}