{
    "increase_prev": {
        "pcurve": {
            "prevdiff_exp": 0.2613754191961838,
            "prevdiff_hdi": [
                -0.13581890352694748,
                0.7484393423388458
            ],
            "prevdiff_prob": 0.8664,
            "powdiff_exp": 0.22952220543509885,
            "powdiff_hdi": [
                -0.05200977911278015,
                0.449860414376895
            ],
            "powdiff_prob": 0.9436
        },
        "binom": {
            "prevdiff_exp": 0.21635734249718902,
            "prevdiff_hdi": [
                -0.41850166710642706,
                0.7937426377387214
            ],
            "prevdiff_prob": 0.7456,
            "powdiff_exp": 0.19392839659515002,
            "powdiff_hdi": [
                -0.41134146749219225,
                0.7751400561832572
            ],
            "powdiff_prob": 0.741
        },
        "pval_group": 0.001953125,
        "frac_H1_rej": 0.41379310344827586
    },
    "increase_pow": {
        "pcurve": {
            "prevdiff_exp": -0.09795078825713151,
            "prevdiff_hdi": [
                -0.5302086087624499,
                0.4119025301021468
            ],
            "prevdiff_prob": 0.3292,
            "powdiff_exp": 0.5030270881464974,
            "powdiff_hdi": [
                0.22517302112675452,
                0.7523350621530527
            ],
            "powdiff_prob": 0.9942
        },
        "binom": {
            "prevdiff_exp": 0.3129470726300418,
            "prevdiff_hdi": [
                -0.2942382312327132,
                0.8330186748847063
            ],
            "prevdiff_prob": 0.835,
            "powdiff_exp": 0.3135087874880802,
            "powdiff_hdi": [
                -0.25540657363523656,
                0.8309854336949258
            ],
            "powdiff_prob": 0.8376
        },
        "pval_group": 0.0146484375,
        "frac_H1_rej": 1.0
    },
    "baseline": {
        "frac_H1_rej": 0.45454545454545453
    }
}