{
    "increase_prev": {
        "pcurve": {
            "prevdiff_exp": 0.36274634915192827,
            "prevdiff_hdi": [
                -0.010939139127538411,
                0.7385849191880961
            ],
            "prevdiff_prob": 0.9632,
            "powdiff_exp": 0.03628643049337111,
            "powdiff_hdi": [
                -0.3150203074360074,
                0.3451066650360805
            ],
            "powdiff_prob": 0.6044
        },
        "binom": {
            "prevdiff_exp": 0.10831490789032648,
            "prevdiff_hdi": [
                -0.5019099045829167,
                0.6588128193176792
            ],
            "prevdiff_prob": 0.6384,
            "powdiff_exp": 0.09944761421936701,
            "powdiff_hdi": [
                -0.46053350532630905,
                0.6248992146799097
            ],
            "powdiff_prob": 0.6358
        },
        "pval_group": 0.017578125,
        "frac_H1_rej": 0.4
    },
    "increase_pow": {
        "pcurve": {
            "prevdiff_exp": 0.0007054819880305697,
            "prevdiff_hdi": [
                -0.4185358618934062,
                0.39555400879799496
            ],
            "prevdiff_prob": 0.5108,
            "powdiff_exp": 0.3448051785891707,
            "powdiff_hdi": [
                -0.0074052386573252305,
                0.6763124301003248
            ],
            "powdiff_prob": 0.962
        },
        "binom": {
            "prevdiff_exp": 0.1676649634712187,
            "prevdiff_hdi": [
                -0.40451892741105544,
                0.6857561374020695
            ],
            "prevdiff_prob": 0.7238,
            "powdiff_exp": 0.17367796131988902,
            "powdiff_hdi": [
                -0.33026957917358235,
                0.6876691878359391
            ],
            "powdiff_prob": 0.7338
        },
        "pval_group": 0.64453125,
        "frac_H1_rej": 1.0
    },
    "baseline": {
        "frac_H1_rej": 0.5714285714285714
    }
}