{
    "increase_prev": {
        "pcurve": {
            "prevdiff_exp": 0.4765201318553604,
            "prevdiff_hdi": [
                -0.10143482827994244,
                0.9410710271265256
            ],
            "prevdiff_prob": 0.9246,
            "powdiff_exp": 0.19871447826303337,
            "powdiff_hdi": [
                -0.3448472147588237,
                0.5475750795870632
            ],
            "powdiff_prob": 0.8338
        },
        "binom": {
            "prevdiff_exp": 0.3291677409368301,
            "prevdiff_hdi": [
                -0.3566785236731375,
                0.8652182471650137
            ],
            "prevdiff_prob": 0.8324,
            "powdiff_exp": 0.33777477539985734,
            "powdiff_hdi": [
                -0.26870171787817176,
                0.8883308732393073
            ],
            "powdiff_prob": 0.8538
        },
        "pval_group": 0.0009765625,
        "frac_H1_rej": 0.5
    },
    "increase_pow": {
        "pcurve": {
            "prevdiff_exp": 0.4399356945147876,
            "prevdiff_hdi": [
                -0.11767243573013109,
                0.8707621572233897
            ],
            "prevdiff_prob": 0.9174,
            "powdiff_exp": 0.36540162159408446,
            "powdiff_hdi": [
                -0.1563837791635717,
                0.7025513005059847
            ],
            "powdiff_prob": 0.9132
        },
        "binom": {
            "prevdiff_exp": 0.3471760472951625,
            "prevdiff_hdi": [
                -0.2666603518363327,
                0.9234581379003726
            ],
            "prevdiff_prob": 0.8452,
            "powdiff_exp": 0.36055487007165826,
            "powdiff_hdi": [
                -0.2380676433303308,
                0.8696746718182069
            ],
            "powdiff_prob": 0.8674
        },
        "pval_group": 0.013671875,
        "frac_H1_rej": 0.8666666666666667
    },
    "baseline": {
        "frac_H1_rej": 0.3
    }
}