{
    "increase_prev": {
        "pcurve": {
            "prevdiff_exp": 0.1548908863473625,
            "prevdiff_hdi": [
                -0.22614507646177107,
                0.6023140391286367
            ],
            "prevdiff_prob": 0.7522,
            "powdiff_exp": 0.12680418918558525,
            "powdiff_hdi": [
                -0.11964874002367037,
                0.3851867693681525
            ],
            "powdiff_prob": 0.8586
        },
        "binom": {
            "prevdiff_exp": 0.12513288076354456,
            "prevdiff_hdi": [
                -0.42172648575651617,
                0.6718849915044207
            ],
            "prevdiff_prob": 0.665,
            "powdiff_exp": 0.11729543428794409,
            "powdiff_hdi": [
                -0.413050403286488,
                0.620603806694966
            ],
            "powdiff_prob": 0.6636
        },
        "pval_group": 0.017578125,
        "frac_H1_rej": 0.4827586206896552
    },
    "increase_pow": {
        "pcurve": {
            "prevdiff_exp": -0.11058131745748556,
            "prevdiff_hdi": [
                -0.5063921369576112,
                0.3278050961922304
            ],
            "prevdiff_prob": 0.2904,
            "powdiff_exp": 0.44369018405592087,
            "powdiff_hdi": [
                0.17158717066236057,
                0.6974455701516624
            ],
            "powdiff_prob": 0.9952
        },
        "binom": {
            "prevdiff_exp": 0.1642448374326108,
            "prevdiff_hdi": [
                -0.3787641881454532,
                0.6650928293874636
            ],
            "prevdiff_prob": 0.718,
            "powdiff_exp": 0.15832308140783743,
            "powdiff_hdi": [
                -0.3787338833513173,
                0.6140403466343308
            ],
            "powdiff_prob": 0.717
        },
        "pval_group": 0.1171875,
        "frac_H1_rej": 1.0
    },
    "baseline": {
        "frac_H1_rej": 0.6153846153846154
    }
}