{
    "increase_prev": {
        "pcurve": {
            "prevdiff_exp": 0.1740197130932727,
            "prevdiff_hdi": [
                -0.13908966064465378,
                0.5216988273066023
            ],
            "prevdiff_prob": 0.8566,
            "powdiff_exp": 0.24575904027050138,
            "powdiff_hdi": [
                0.016715862670773407,
                0.49167746814884106
            ],
            "powdiff_prob": 0.971
        },
        "binom": {
            "prevdiff_exp": 0.34222046662632966,
            "prevdiff_hdi": [
                -0.18904787736612827,
                0.8159634310143895
            ],
            "prevdiff_prob": 0.8672,
            "powdiff_exp": 0.32294125427585074,
            "powdiff_hdi": [
                -0.19423074264723006,
                0.7798522514122804
            ],
            "powdiff_prob": 0.8648
        },
        "pval_group": 0.009765625,
        "frac_H1_rej": 0.6666666666666666
    },
    "increase_pow": {
        "pcurve": {
            "prevdiff_exp": -0.17013830898166585,
            "prevdiff_hdi": [
                -0.5331096896684264,
                0.1976881331246998
            ],
            "prevdiff_prob": 0.186,
            "powdiff_exp": 0.4093847450609809,
            "powdiff_hdi": [
                0.14709461659487993,
                0.6796973314232522
            ],
            "powdiff_prob": 0.9952
        },
        "binom": {
            "prevdiff_exp": 0.24069729589869504,
            "prevdiff_hdi": [
                -0.3410728119937153,
                0.7668833485590058
            ],
            "prevdiff_prob": 0.7808,
            "powdiff_exp": 0.22708188773205903,
            "powdiff_hdi": [
                -0.3226554230284957,
                0.7416846982553135
            ],
            "powdiff_prob": 0.779
        },
        "pval_group": 0.40234375,
        "frac_H1_rej": 1.0
    },
    "baseline": {
        "frac_H1_rej": 0.3333333333333333
    }
}