{
    "increase_prev": {
        "pcurve": {
            "prevdiff_exp": 0.20019760201304948,
            "prevdiff_hdi": [
                -0.08752484204325173,
                0.5296427414525147
            ],
            "prevdiff_prob": 0.9058,
            "powdiff_exp": 0.10156191941480872,
            "powdiff_hdi": [
                -0.15480877857248598,
                0.3346572367519729
            ],
            "powdiff_prob": 0.8026
        },
        "binom": {
            "prevdiff_exp": 0.20490463802317926,
            "prevdiff_hdi": [
                -0.3165248470603046,
                0.7265634478988441
            ],
            "prevdiff_prob": 0.7504,
            "powdiff_exp": 0.21902800511229717,
            "powdiff_hdi": [
                -0.28825511090028877,
                0.6914733754110773
            ],
            "powdiff_prob": 0.7832
        },
        "pval_group": 0.03515625,
        "frac_H1_rej": 0.5666666666666667
    },
    "increase_pow": {
        "pcurve": {
            "prevdiff_exp": -0.02130768029281453,
            "prevdiff_hdi": [
                -0.34501683603219946,
                0.33582617870057074
            ],
            "prevdiff_prob": 0.4422,
            "powdiff_exp": 0.34239438687913,
            "powdiff_hdi": [
                0.07692603675099952,
                0.604301608017157
            ],
            "powdiff_prob": 0.9884
        },
        "binom": {
            "prevdiff_exp": 0.20490463802317926,
            "prevdiff_hdi": [
                -0.3165248470603046,
                0.7265634478988441
            ],
            "prevdiff_prob": 0.7504,
            "powdiff_exp": 0.21902800511229717,
            "powdiff_hdi": [
                -0.28825511090028877,
                0.6914733754110773
            ],
            "powdiff_prob": 0.7832
        },
        "pval_group": 0.833984375,
        "frac_H1_rej": 0.9444444444444444
    },
    "baseline": {
        "frac_H1_rej": 0.4444444444444444
    }
}