{
    "increase_prev": {
        "pcurve": {
            "prevdiff_exp": 0.4607039909934267,
            "prevdiff_hdi": [
                -0.049607148331067275,
                0.9233039653103365
            ],
            "prevdiff_prob": 0.936,
            "powdiff_exp": 0.2216617746338609,
            "powdiff_hdi": [
                -0.17455881841636445,
                0.5450022684205014
            ],
            "powdiff_prob": 0.8788
        },
        "binom": {
            "prevdiff_exp": 0.30685920265672495,
            "prevdiff_hdi": [
                -0.33600748308298445,
                0.8967567591279123
            ],
            "prevdiff_prob": 0.8222,
            "powdiff_exp": 0.31348370757947946,
            "powdiff_hdi": [
                -0.27655249306430135,
                0.8843398513188392
            ],
            "powdiff_prob": 0.8394
        },
        "pval_group": 0.005859375,
        "frac_H1_rej": 0.43333333333333335
    },
    "increase_pow": {
        "pcurve": {
            "prevdiff_exp": 0.05632256729453176,
            "prevdiff_hdi": [
                -0.4925186886766534,
                0.5334835054977102
            ],
            "prevdiff_prob": 0.6054,
            "powdiff_exp": 0.505586356773774,
            "powdiff_hdi": [
                0.08963172754146526,
                0.8485881061676074
            ],
            "powdiff_prob": 0.9726
        },
        "binom": {
            "prevdiff_exp": 0.2878259917142703,
            "prevdiff_hdi": [
                -0.4014558182959421,
                0.8700002324922181
            ],
            "prevdiff_prob": 0.8054,
            "powdiff_exp": 0.28632452297113625,
            "powdiff_hdi": [
                -0.31719943399925055,
                0.8784749939768535
            ],
            "powdiff_prob": 0.8136
        },
        "pval_group": 0.7705078125,
        "frac_H1_rej": 0.9166666666666666
    },
    "baseline": {
        "frac_H1_rej": 0.2727272727272727
    }
}