{
    "increase_prev": {
        "pcurve": {
            "prevdiff_exp": 0.3021652488754508,
            "prevdiff_hdi": [
                -0.06100344434884619,
                0.6781771780318002
            ],
            "prevdiff_prob": 0.9394,
            "powdiff_exp": -0.011036654441500395,
            "powdiff_hdi": [
                -0.3261293350819521,
                0.2788622647059857
            ],
            "powdiff_prob": 0.502
        },
        "binom": {
            "prevdiff_exp": 0.05140980079247987,
            "prevdiff_hdi": [
                -0.588132083993707,
                0.6287080382787518
            ],
            "prevdiff_prob": 0.5716,
            "powdiff_exp": 0.05888967675518645,
            "powdiff_hdi": [
                -0.5132947018203338,
                0.6198919754732876
            ],
            "powdiff_prob": 0.587
        },
        "pval_group": 0.0517578125,
        "frac_H1_rej": 0.3448275862068966
    },
    "increase_pow": {
        "pcurve": {
            "prevdiff_exp": -0.006533785181538737,
            "prevdiff_hdi": [
                -0.41116009482031524,
                0.39494813359609426
            ],
            "prevdiff_prob": 0.4868,
            "powdiff_exp": 0.3189345421900979,
            "powdiff_hdi": [
                -0.02764480495317867,
                0.6448709954678402
            ],
            "powdiff_prob": 0.9534
        },
        "binom": {
            "prevdiff_exp": 0.1676649634712187,
            "prevdiff_hdi": [
                -0.40451892741105544,
                0.6857561374020695
            ],
            "prevdiff_prob": 0.7238,
            "powdiff_exp": 0.17367796131988902,
            "powdiff_hdi": [
                -0.33026957917358235,
                0.6876691878359391
            ],
            "powdiff_prob": 0.7338
        },
        "pval_group": 0.1279296875,
        "frac_H1_rej": 1.0
    },
    "baseline": {
        "frac_H1_rej": 0.4
    }
}