{
    "increase_prev": {
        "pcurve": {
            "prevdiff_exp": 0.37034318438998687,
            "prevdiff_hdi": [
                -0.09032497795798855,
                0.866057813358897
            ],
            "prevdiff_prob": 0.9106,
            "powdiff_exp": 0.19840545453473102,
            "powdiff_hdi": [
                -0.09913821481337043,
                0.47175551768866053
            ],
            "powdiff_prob": 0.9108
        },
        "binom": {
            "prevdiff_exp": 0.2878259917142703,
            "prevdiff_hdi": [
                -0.4014558182959421,
                0.8700002324922181
            ],
            "prevdiff_prob": 0.8054,
            "powdiff_exp": 0.28632452297113625,
            "powdiff_hdi": [
                -0.31719943399925055,
                0.8784749939768535
            ],
            "powdiff_prob": 0.8136
        },
        "pval_group": 0.005859375,
        "frac_H1_rej": 0.42857142857142855
    },
    "increase_pow": {
        "pcurve": {
            "prevdiff_exp": -0.0635541172111208,
            "prevdiff_hdi": [
                -0.5838793183718115,
                0.4281066999530251
            ],
            "prevdiff_prob": 0.422,
            "powdiff_exp": 0.5294485180941747,
            "powdiff_hdi": [
                0.19059351372685818,
                0.8099990858384244
            ],
            "powdiff_prob": 0.9886
        },
        "binom": {
            "prevdiff_exp": 0.2878259917142703,
            "prevdiff_hdi": [
                -0.4014558182959421,
                0.8700002324922181
            ],
            "prevdiff_prob": 0.8054,
            "powdiff_exp": 0.28632452297113625,
            "powdiff_hdi": [
                -0.31719943399925055,
                0.8784749939768535
            ],
            "powdiff_prob": 0.8136
        },
        "pval_group": 0.798828125,
        "frac_H1_rej": 1.0
    },
    "baseline": {
        "frac_H1_rej": 0.23076923076923078
    }
}