{
    "increase_prev": {
        "pcurve": {
            "prevdiff_exp": 0.4537362455823919,
            "prevdiff_hdi": [
                0.005207523186413043,
                0.8474324359010371
            ],
            "prevdiff_prob": 0.9676,
            "powdiff_exp": 0.19185794589997426,
            "powdiff_hdi": [
                -0.19522705593053724,
                0.49390708387821514
            ],
            "powdiff_prob": 0.8602
        },
        "binom": {
            "prevdiff_exp": 0.2226889895403626,
            "prevdiff_hdi": [
                -0.3605755328540975,
                0.7810150693148055
            ],
            "prevdiff_prob": 0.7698,
            "powdiff_exp": 0.20430179306025814,
            "powdiff_hdi": [
                -0.3659388742499372,
                0.7235969266582232
            ],
            "powdiff_prob": 0.7584
        },
        "pval_group": 0.0009765625,
        "frac_H1_rej": 0.4666666666666667
    },
    "increase_pow": {
        "pcurve": {
            "prevdiff_exp": -0.06809475855110252,
            "prevdiff_hdi": [
                -0.5524366011653046,
                0.37420999244845665
            ],
            "prevdiff_prob": 0.4108,
            "powdiff_exp": 0.35697454469068063,
            "powdiff_hdi": [
                -0.053377048871349086,
                0.7635381707127316
            ],
            "powdiff_prob": 0.9364
        },
        "binom": {
            "prevdiff_exp": 0.12444213321995623,
            "prevdiff_hdi": [
                -0.4981916736341053,
                0.7353036702573679
            ],
            "prevdiff_prob": 0.6566,
            "powdiff_exp": 0.11229360316735647,
            "powdiff_hdi": [
                -0.47725614413824463,
                0.6833486727929745
            ],
            "powdiff_prob": 0.6448
        },
        "pval_group": 0.923828125,
        "frac_H1_rej": 1.0
    },
    "baseline": {
        "frac_H1_rej": 0.5555555555555556
    }
}