{
    "increase_prev": {
        "pcurve": {
            "prevdiff_exp": 0.29108030965470705,
            "prevdiff_hdi": [
                -0.14894974678166195,
                0.7298453570461932
            ],
            "prevdiff_prob": 0.8882,
            "powdiff_exp": 0.1261519543832771,
            "powdiff_hdi": [
                -0.21717154244509118,
                0.4149566974640381
            ],
            "powdiff_prob": 0.782
        },
        "binom": {
            "prevdiff_exp": 0.10831490789032648,
            "prevdiff_hdi": [
                -0.5019099045829167,
                0.6588128193176792
            ],
            "prevdiff_prob": 0.6384,
            "powdiff_exp": 0.09944761421936701,
            "powdiff_hdi": [
                -0.46053350532630905,
                0.6248992146799097
            ],
            "powdiff_prob": 0.6358
        },
        "pval_group": 0.0029296875,
        "frac_H1_rej": 0.41379310344827586
    },
    "increase_pow": {
        "pcurve": {
            "prevdiff_exp": -0.06946620876765214,
            "prevdiff_hdi": [
                -0.5146494990010428,
                0.3413480457651876
            ],
            "prevdiff_prob": 0.3862,
            "powdiff_exp": 0.46823698403208264,
            "powdiff_hdi": [
                0.16220762592917498,
                0.7710719175294127
            ],
            "powdiff_prob": 0.9932
        },
        "binom": {
            "prevdiff_exp": 0.14965665711288625,
            "prevdiff_hdi": [
                -0.4163530545531227,
                0.6808775977880356
            ],
            "prevdiff_prob": 0.6946,
            "powdiff_exp": 0.15089786664808813,
            "powdiff_hdi": [
                -0.37586251276460314,
                0.6580555930080574
            ],
            "powdiff_prob": 0.7124
        },
        "pval_group": 0.1904296875,
        "frac_H1_rej": 1.0
    },
    "baseline": {
        "frac_H1_rej": 0.5
    }
}