{
    "increase_prev": {
        "pcurve": {
            "prevdiff_exp": 0.27523388143728655,
            "prevdiff_hdi": [
                -0.17483261842312114,
                0.7172678593724466
            ],
            "prevdiff_prob": 0.8722,
            "powdiff_exp": 0.12131012974800465,
            "powdiff_hdi": [
                -0.1480593433804392,
                0.36241292251161783
            ],
            "powdiff_prob": 0.833
        },
        "binom": {
            "prevdiff_exp": 0.15945223539934242,
            "prevdiff_hdi": [
                -0.4965966591173275,
                0.771613441180991
            ],
            "prevdiff_prob": 0.6912,
            "powdiff_exp": 0.15337045913096944,
            "powdiff_hdi": [
                -0.4906825992054199,
                0.69320856065334
            ],
            "powdiff_prob": 0.7008
        },
        "pval_group": 0.0048828125,
        "frac_H1_rej": 0.3333333333333333
    },
    "increase_pow": {
        "pcurve": {
            "prevdiff_exp": -0.1091584035907072,
            "prevdiff_hdi": [
                -0.5379526280191268,
                0.34616501080828976
            ],
            "prevdiff_prob": 0.3358,
            "powdiff_exp": 0.5535376166964585,
            "powdiff_hdi": [
                0.285301005997629,
                0.8046910560985433
            ],
            "powdiff_prob": 0.9992
        },
        "binom": {
            "prevdiff_exp": 0.25769909171974875,
            "prevdiff_hdi": [
                -0.37303199111269214,
                0.8166293287071859
            ],
            "prevdiff_prob": 0.7928,
            "powdiff_exp": 0.2453786490238711,
            "powdiff_hdi": [
                -0.34456291192190425,
                0.771228693050741
            ],
            "powdiff_prob": 0.7932
        },
        "pval_group": 0.171875,
        "frac_H1_rej": 0.9333333333333333
    },
    "baseline": {
        "frac_H1_rej": 0.5
    }
}