{
    "increase_prev": {
        "pcurve": {
            "prevdiff_exp": 0.17055181910406286,
            "prevdiff_hdi": [
                -0.1906836092412989,
                0.6371261872434795
            ],
            "prevdiff_prob": 0.774,
            "powdiff_exp": 0.2256360667002479,
            "powdiff_hdi": [
                -0.008897696030899405,
                0.4691829585282371
            ],
            "powdiff_prob": 0.96
        },
        "binom": {
            "prevdiff_exp": 0.26180094620942884,
            "prevdiff_hdi": [
                -0.3047039655365804,
                0.7948452577293971
            ],
            "prevdiff_prob": 0.8082,
            "powdiff_exp": 0.24532944018015146,
            "powdiff_hdi": [
                -0.28797136276548246,
                0.7443072011273018
            ],
            "powdiff_prob": 0.8018
        },
        "pval_group": 0.0048828125,
        "frac_H1_rej": 0.5333333333333333
    },
    "increase_pow": {
        "pcurve": {
            "prevdiff_exp": -0.20016881574835893,
            "prevdiff_hdi": [
                -0.5783321272107961,
                0.24340204902999618
            ],
            "prevdiff_prob": 0.1904,
            "powdiff_exp": 0.6042221979942001,
            "powdiff_hdi": [
                0.3814392628820854,
                0.8164889346850402
            ],
            "powdiff_prob": 0.9998
        },
        "binom": {
            "prevdiff_exp": 0.24069729589869504,
            "prevdiff_hdi": [
                -0.3410728119937153,
                0.7668833485590058
            ],
            "prevdiff_prob": 0.7808,
            "powdiff_exp": 0.22708188773205903,
            "powdiff_hdi": [
                -0.3226554230284957,
                0.7416846982553135
            ],
            "powdiff_prob": 0.779
        },
        "pval_group": 0.4013671875,
        "frac_H1_rej": 1.0
    },
    "baseline": {
        "frac_H1_rej": 0.35714285714285715
    }
}