{
    "increase_prev": {
        "pcurve": {
            "prevdiff_exp": 0.3676572758001785,
            "prevdiff_hdi": [
                -0.030800918276262523,
                0.7444756496774807
            ],
            "prevdiff_prob": 0.9562,
            "powdiff_exp": 0.05238934865070939,
            "powdiff_hdi": [
                -0.30752596217444406,
                0.3516049272625227
            ],
            "powdiff_prob": 0.6438
        },
        "binom": {
            "prevdiff_exp": 0.12734811883278113,
            "prevdiff_hdi": [
                -0.44697379344167426,
                0.6973820359212584
            ],
            "prevdiff_prob": 0.6726,
            "powdiff_exp": 0.12660679882771023,
            "powdiff_hdi": [
                -0.4375004499379109,
                0.6411227405304529
            ],
            "powdiff_prob": 0.6734
        },
        "pval_group": 0.03515625,
        "frac_H1_rej": 0.4642857142857143
    },
    "increase_pow": {
        "pcurve": {
            "prevdiff_exp": 0.08286379056440786,
            "prevdiff_hdi": [
                -0.356424890542534,
                0.47851437398335306
            ],
            "prevdiff_prob": 0.648,
            "powdiff_exp": 0.3285252556136035,
            "powdiff_hdi": [
                -0.03357335033204878,
                0.6756505517458764
            ],
            "powdiff_prob": 0.9474
        },
        "binom": {
            "prevdiff_exp": 0.1676649634712187,
            "prevdiff_hdi": [
                -0.40451892741105544,
                0.6857561374020695
            ],
            "prevdiff_prob": 0.7238,
            "powdiff_exp": 0.17367796131988902,
            "powdiff_hdi": [
                -0.33026957917358235,
                0.6876691878359391
            ],
            "powdiff_prob": 0.7338
        },
        "pval_group": 0.3017578125,
        "frac_H1_rej": 0.8823529411764706
    },
    "baseline": {
        "frac_H1_rej": 0.6153846153846154
    }
}