{
    "increase_prev": {
        "pcurve": {
            "prevdiff_exp": 0.4655318867819623,
            "prevdiff_hdi": [
                0.0064065066735997656,
                0.8119333463354128
            ],
            "prevdiff_prob": 0.9726,
            "powdiff_exp": -0.04412588768409122,
            "powdiff_hdi": [
                -0.41892448059298365,
                0.3129779620550506
            ],
            "powdiff_prob": 0.4434
        },
        "binom": {
            "prevdiff_exp": 0.055489658048645,
            "prevdiff_hdi": [
                -0.5717540455184618,
                0.6898667165188554
            ],
            "prevdiff_prob": 0.5744,
            "powdiff_exp": 0.06281515834685926,
            "powdiff_hdi": [
                -0.5228776920764655,
                0.652112812538809
            ],
            "powdiff_prob": 0.5786
        },
        "pval_group": 0.0234375,
        "frac_H1_rej": 0.3103448275862069
    },
    "increase_pow": {
        "pcurve": {
            "prevdiff_exp": -0.036547539942126325,
            "prevdiff_hdi": [
                -0.5024150428036082,
                0.3848165909002201
            ],
            "prevdiff_prob": 0.4648,
            "powdiff_exp": 0.23712773647534513,
            "powdiff_hdi": [
                -0.1925580800848503,
                0.6748120865185512
            ],
            "powdiff_prob": 0.8406
        },
        "binom": {
            "prevdiff_exp": 0.11513185863960784,
            "prevdiff_hdi": [
                -0.5019513351207843,
                0.6834897525314664
            ],
            "prevdiff_prob": 0.6508,
            "powdiff_exp": 0.10173007418960968,
            "powdiff_hdi": [
                -0.48776414028681725,
                0.6403295760368541
            ],
            "powdiff_prob": 0.642
        },
        "pval_group": 0.677734375,
        "frac_H1_rej": 0.8888888888888888
    },
    "baseline": {
        "frac_H1_rej": 0.5384615384615384
    }
}