{
    "increase_prev": {
        "pcurve": {
            "prevdiff_exp": 0.42331756400188786,
            "prevdiff_hdi": [
                0.03204000695478726,
                0.7691874384003438
            ],
            "prevdiff_prob": 0.9834,
            "powdiff_exp": 0.13278269383924457,
            "powdiff_hdi": [
                -0.22784472313011472,
                0.4394503895872306
            ],
            "powdiff_prob": 0.778
        },
        "binom": {
            "prevdiff_exp": 0.143141187121877,
            "prevdiff_hdi": [
                -0.38740471006485294,
                0.6710863002707265
            ],
            "prevdiff_prob": 0.6864,
            "powdiff_exp": 0.14007552895974498,
            "powdiff_hdi": [
                -0.39332672104633926,
                0.6305774621765518
            ],
            "powdiff_prob": 0.6988
        },
        "pval_group": 0.009765625,
        "frac_H1_rej": 0.5
    },
    "increase_pow": {
        "pcurve": {
            "prevdiff_exp": 0.16328817530016604,
            "prevdiff_hdi": [
                -0.2702988416610982,
                0.5657928891886046
            ],
            "prevdiff_prob": 0.7654,
            "powdiff_exp": 0.22913420219109834,
            "powdiff_hdi": [
                -0.15778806198011208,
                0.5688925085591189
            ],
            "powdiff_prob": 0.8806
        },
        "binom": {
            "prevdiff_exp": 0.12513288076354456,
            "prevdiff_hdi": [
                -0.42172648575651617,
                0.6718849915044207
            ],
            "prevdiff_prob": 0.665,
            "powdiff_exp": 0.11729543428794409,
            "powdiff_hdi": [
                -0.413050403286488,
                0.620603806694966
            ],
            "powdiff_prob": 0.6636
        },
        "pval_group": 0.5986328125,
        "frac_H1_rej": 0.8125
    },
    "baseline": {
        "frac_H1_rej": 0.4375
    }
}