{
    "increase_prev": {
        "pcurve": {
            "prevdiff_exp": 0.31919569009941895,
            "prevdiff_hdi": [
                -0.031560408364866954,
                0.6614162105337988
            ],
            "prevdiff_prob": 0.961,
            "powdiff_exp": 0.14833550511918286,
            "powdiff_hdi": [
                -0.14779572895308601,
                0.42505087632334004
            ],
            "powdiff_prob": 0.8424
        },
        "binom": {
            "prevdiff_exp": 0.198630845170522,
            "prevdiff_hdi": [
                -0.35708615240591746,
                0.7424931583026386
            ],
            "prevdiff_prob": 0.7498,
            "powdiff_exp": 0.20289068730660423,
            "powdiff_hdi": [
                -0.3435128745420697,
                0.6837769918460008
            ],
            "powdiff_prob": 0.7638
        },
        "pval_group": 0.001953125,
        "frac_H1_rej": 0.5
    },
    "increase_pow": {
        "pcurve": {
            "prevdiff_exp": -0.21845216222231598,
            "prevdiff_hdi": [
                -0.6092299992053565,
                0.16488798603265556
            ],
            "prevdiff_prob": 0.1558,
            "powdiff_exp": 0.37433685822875246,
            "powdiff_hdi": [
                0.04437147915447026,
                0.6836841262819273
            ],
            "powdiff_prob": 0.9776
        },
        "binom": {
            "prevdiff_exp": 0.13928078958962978,
            "prevdiff_hdi": [
                -0.43925150533188306,
                0.7378011009685618
            ],
            "prevdiff_prob": 0.6808,
            "powdiff_exp": 0.12866034020608225,
            "powdiff_hdi": [
                -0.43529067522658765,
                0.6778648915381699
            ],
            "powdiff_prob": 0.68
        },
        "pval_group": 0.1650390625,
        "frac_H1_rej": 1.0
    },
    "baseline": {
        "frac_H1_rej": 0.46153846153846156
    }
}