{
    "increase_prev": {
        "pcurve": {
            "prevdiff_exp": 0.27720468532402154,
            "prevdiff_hdi": [
                -0.10038812550159604,
                0.6732422630556947
            ],
            "prevdiff_prob": 0.9074,
            "powdiff_exp": 0.03560057661905831,
            "powdiff_hdi": [
                -0.26497943392584766,
                0.31446483128503955
            ],
            "powdiff_prob": 0.6114
        },
        "binom": {
            "prevdiff_exp": 0.13928078958962978,
            "prevdiff_hdi": [
                -0.43925150533188306,
                0.7378011009685618
            ],
            "prevdiff_prob": 0.6808,
            "powdiff_exp": 0.12866034020608225,
            "powdiff_hdi": [
                -0.43529067522658765,
                0.6778648915381699
            ],
            "powdiff_prob": 0.68
        },
        "pval_group": 0.0078125,
        "frac_H1_rej": 0.4444444444444444
    },
    "increase_pow": {
        "pcurve": {
            "prevdiff_exp": 0.09842968346501563,
            "prevdiff_hdi": [
                -0.29158705398680274,
                0.4893028005765518
            ],
            "prevdiff_prob": 0.6896,
            "powdiff_exp": 0.3696008078254104,
            "powdiff_hdi": [
                0.0559848623433189,
                0.6508798431960241
            ],
            "powdiff_prob": 0.9842
        },
        "binom": {
            "prevdiff_exp": 0.27803357597100387,
            "prevdiff_hdi": [
                -0.25548782021204364,
                0.7618609357484508
            ],
            "prevdiff_prob": 0.8232,
            "powdiff_exp": 0.2857198540478134,
            "powdiff_hdi": [
                -0.20116256032547364,
                0.764122863195918
            ],
            "powdiff_prob": 0.841
        },
        "pval_group": 0.021484375,
        "frac_H1_rej": 0.9411764705882353
    },
    "baseline": {
        "frac_H1_rej": 0.3125
    }
}