{
    "increase_prev": {
        "pcurve": {
            "prevdiff_exp": 0.18336304178888005,
            "prevdiff_hdi": [
                -0.13144064370899577,
                0.5353686780269948
            ],
            "prevdiff_prob": 0.8486,
            "powdiff_exp": 0.15914742674424115,
            "powdiff_hdi": [
                -0.1238707555695352,
                0.4123630838964503
            ],
            "powdiff_prob": 0.8724
        },
        "binom": {
            "prevdiff_exp": 0.20734770267923194,
            "prevdiff_hdi": [
                -0.2964853389941906,
                0.6931751756182938
            ],
            "prevdiff_prob": 0.7662,
            "powdiff_exp": 0.1956065094413483,
            "powdiff_hdi": [
                -0.3112759819837039,
                0.6398232423189189
            ],
            "powdiff_prob": 0.7702
        },
        "pval_group": 0.01953125,
        "frac_H1_rej": 0.6428571428571429
    },
    "increase_pow": {
        "pcurve": {
            "prevdiff_exp": -0.12885959442504677,
            "prevdiff_hdi": [
                -0.48359449853054226,
                0.26773145911280055
            ],
            "prevdiff_prob": 0.2598,
            "powdiff_exp": 0.3759767419700124,
            "powdiff_hdi": [
                0.08750043693289544,
                0.654272308473276
            ],
            "powdiff_prob": 0.9886
        },
        "binom": {
            "prevdiff_exp": 0.143141187121877,
            "prevdiff_hdi": [
                -0.38740471006485294,
                0.6710863002707265
            ],
            "prevdiff_prob": 0.6864,
            "powdiff_exp": 0.14007552895974498,
            "powdiff_hdi": [
                -0.39332672104633926,
                0.6305774621765518
            ],
            "powdiff_prob": 0.6988
        },
        "pval_group": 0.6826171875,
        "frac_H1_rej": 1.0
    },
    "baseline": {
        "frac_H1_rej": 0.47368421052631576
    }
}