{
    "increase_prev": {
        "pcurve": {
            "prevdiff_exp": 0.5085458940034902,
            "prevdiff_hdi": [
                0.08598844991247634,
                0.9010530667137192
            ],
            "prevdiff_prob": 0.9764,
            "powdiff_exp": -0.006274960599643127,
            "powdiff_hdi": [
                -0.41335134143718616,
                0.3840104955859542
            ],
            "powdiff_prob": 0.5118
        },
        "binom": {
            "prevdiff_exp": 0.13928078958962978,
            "prevdiff_hdi": [
                -0.43925150533188306,
                0.7378011009685618
            ],
            "prevdiff_prob": 0.6808,
            "powdiff_exp": 0.12866034020608225,
            "powdiff_hdi": [
                -0.43529067522658765,
                0.6778648915381699
            ],
            "powdiff_prob": 0.68
        },
        "pval_group": 0.0029296875,
        "frac_H1_rej": 0.4444444444444444
    },
    "increase_pow": {
        "pcurve": {
            "prevdiff_exp": 0.42053813088003106,
            "prevdiff_hdi": [
                0.035550794625151316,
                0.7988892100846628
            ],
            "prevdiff_prob": 0.9658,
            "powdiff_exp": 0.35288067588648403,
            "powdiff_hdi": [
                -0.03647875354957253,
                0.7178289455156079
            ],
            "powdiff_prob": 0.9472
        },
        "binom": {
            "prevdiff_exp": 0.3424141601343316,
            "prevdiff_hdi": [
                -0.14437951146341843,
                0.7931431149484149
            ],
            "prevdiff_prob": 0.882,
            "powdiff_exp": 0.3339986852013538,
            "powdiff_hdi": [
                -0.14605782900675768,
                0.7522696844428238
            ],
            "powdiff_prob": 0.8878
        },
        "pval_group": 0.0029296875,
        "frac_H1_rej": 0.9523809523809523
    },
    "baseline": {
        "frac_H1_rej": 0.5
    }
}