{
    "increase_prev": {
        "pcurve": {
            "prevdiff_exp": 0.4203764351822998,
            "prevdiff_hdi": [
                -0.04570489175932524,
                0.8829853067857614
            ],
            "prevdiff_prob": 0.944,
            "powdiff_exp": 0.26549899258830956,
            "powdiff_hdi": [
                -0.0843121627096795,
                0.5312148380644653
            ],
            "powdiff_prob": 0.932
        },
        "binom": {
            "prevdiff_exp": 0.3244718602411194,
            "prevdiff_hdi": [
                -0.24459917779504814,
                0.9020248547893676
            ],
            "prevdiff_prob": 0.8456,
            "powdiff_exp": 0.30487672286113876,
            "powdiff_hdi": [
                -0.2746985996800374,
                0.8187391075092914
            ],
            "powdiff_prob": 0.8412
        },
        "pval_group": 0.0009765625,
        "frac_H1_rej": 0.5172413793103449
    },
    "increase_pow": {
        "pcurve": {
            "prevdiff_exp": 0.11854339534759874,
            "prevdiff_hdi": [
                -0.405209855591142,
                0.576910063462664
            ],
            "prevdiff_prob": 0.6596,
            "powdiff_exp": 0.5100060936498872,
            "powdiff_hdi": [
                0.1643873344003795,
                0.7882516834822946
            ],
            "powdiff_prob": 0.9864
        },
        "binom": {
            "prevdiff_exp": 0.3886783757984743,
            "prevdiff_hdi": [
                -0.18687924636423814,
                0.8832003505126289
            ],
            "prevdiff_prob": 0.8888,
            "powdiff_exp": 0.360407703342742,
            "powdiff_hdi": [
                -0.178500311868874,
                0.8601456238554152
            ],
            "powdiff_prob": 0.8788
        },
        "pval_group": 0.0068359375,
        "frac_H1_rej": 1.0
    },
    "baseline": {
        "frac_H1_rej": 0.375
    }
}