{
    "increase_prev": {
        "pcurve": {
            "prevdiff_exp": 0.339106648039749,
            "prevdiff_hdi": [
                -0.16240745825859781,
                0.7656171806949073
            ],
            "prevdiff_prob": 0.8964,
            "powdiff_exp": 0.09983208169658894,
            "powdiff_hdi": [
                -0.2637115334188581,
                0.4243037620338557
            ],
            "powdiff_prob": 0.7458
        },
        "binom": {
            "prevdiff_exp": 0.24097287371020526,
            "prevdiff_hdi": [
                -0.41716178060129705,
                0.8418346277182667
            ],
            "prevdiff_prob": 0.7812,
            "powdiff_exp": 0.20371610974414417,
            "powdiff_hdi": [
                -0.40656218537683375,
                0.7823195103131289
            ],
            "powdiff_prob": 0.7606
        },
        "pval_group": 0.0029296875,
        "frac_H1_rej": 0.3793103448275862
    },
    "increase_pow": {
        "pcurve": {
            "prevdiff_exp": 0.1180206677513715,
            "prevdiff_hdi": [
                -0.3677664970976674,
                0.5498782793164759
            ],
            "prevdiff_prob": 0.6818,
            "powdiff_exp": 0.4568141511606105,
            "powdiff_hdi": [
                0.10398848003400651,
                0.7710350501364076
            ],
            "powdiff_prob": 0.9804
        },
        "binom": {
            "prevdiff_exp": 0.3886783757984743,
            "prevdiff_hdi": [
                -0.18687924636423814,
                0.8832003505126289
            ],
            "prevdiff_prob": 0.8888,
            "powdiff_exp": 0.360407703342742,
            "powdiff_hdi": [
                -0.178500311868874,
                0.8601456238554152
            ],
            "powdiff_prob": 0.8788
        },
        "pval_group": 0.0087890625,
        "frac_H1_rej": 1.0
    },
    "baseline": {
        "frac_H1_rej": 0.3333333333333333
    }
}