{
    "increase_prev": {
        "pcurve": {
            "prevdiff_exp": 0.22011709086169154,
            "prevdiff_hdi": [
                -0.2474486132532704,
                0.7169873250121521
            ],
            "prevdiff_prob": 0.7976,
            "powdiff_exp": 0.03440236977210538,
            "powdiff_hdi": [
                -0.35399952416990066,
                0.37575135257932457
            ],
            "powdiff_prob": 0.6166
        },
        "binom": {
            "prevdiff_exp": 0.10831490789032648,
            "prevdiff_hdi": [
                -0.5019099045829167,
                0.6588128193176792
            ],
            "prevdiff_prob": 0.6384,
            "powdiff_exp": 0.09944761421936701,
            "powdiff_hdi": [
                -0.46053350532630905,
                0.6248992146799097
            ],
            "powdiff_prob": 0.6358
        },
        "pval_group": 0.0234375,
        "frac_H1_rej": 0.41379310344827586
    },
    "increase_pow": {
        "pcurve": {
            "prevdiff_exp": -0.07291806198184042,
            "prevdiff_hdi": [
                -0.5399457145281834,
                0.42881481171692115
            ],
            "prevdiff_prob": 0.4036,
            "powdiff_exp": 0.20705923611539775,
            "powdiff_hdi": [
                -0.22184923881431656,
                0.6310812995625624
            ],
            "powdiff_prob": 0.8278
        },
        "binom": {
            "prevdiff_exp": 0.08416597694030455,
            "prevdiff_hdi": [
                -0.524650119485932,
                0.6720343787907468
            ],
            "prevdiff_prob": 0.6084,
            "powdiff_exp": 0.07251734820289443,
            "powdiff_hdi": [
                -0.4931761968061457,
                0.63541072855389
            ],
            "powdiff_prob": 0.5994
        },
        "pval_group": 0.8544921875,
        "frac_H1_rej": 0.8888888888888888
    },
    "baseline": {
        "frac_H1_rej": 0.5384615384615384
    }
}