{
    "increase_prev": {
        "pcurve": {
            "prevdiff_exp": 0.1506136313036325,
            "prevdiff_hdi": [
                -0.17962121640981488,
                0.4846307606994684
            ],
            "prevdiff_prob": 0.8088,
            "powdiff_exp": 0.12072569650194273,
            "powdiff_hdi": [
                -0.15263908929684983,
                0.35987671885346423
            ],
            "powdiff_prob": 0.8198
        },
        "binom": {
            "prevdiff_exp": 0.11625516267873881,
            "prevdiff_hdi": [
                -0.423474866124348,
                0.6302312852007835
            ],
            "prevdiff_prob": 0.6606,
            "powdiff_exp": 0.11478828456470255,
            "powdiff_hdi": [
                -0.40506046247352656,
                0.5825808480598362
            ],
            "powdiff_prob": 0.6716
        },
        "pval_group": 0.0078125,
        "frac_H1_rej": 0.5172413793103449
    },
    "increase_pow": {
        "pcurve": {
            "prevdiff_exp": -0.26560605517290503,
            "prevdiff_hdi": [
                -0.6236647159612702,
                0.13288030294150588
            ],
            "prevdiff_prob": 0.0986,
            "powdiff_exp": 0.3024992255199371,
            "powdiff_hdi": [
                -0.05764260419448691,
                0.5995093599440938
            ],
            "powdiff_prob": 0.9472
        },
        "binom": {
            "prevdiff_exp": 0.03275617614782467,
            "prevdiff_hdi": [
                -0.5494100435902691,
                0.58470651030441
            ],
            "prevdiff_prob": 0.5458,
            "powdiff_exp": 0.013627671447707984,
            "powdiff_hdi": [
                -0.519616394713682,
                0.5550508367352915
            ],
            "powdiff_prob": 0.5266
        },
        "pval_group": 0.30859375,
        "frac_H1_rej": 0.9166666666666666
    },
    "baseline": {
        "frac_H1_rej": 0.47058823529411764
    }
}