{
    "increase_prev": {
        "pcurve": {
            "prevdiff_exp": 0.33849424977842674,
            "prevdiff_hdi": [
                3.125493112482447e-05,
                0.6538275863375549
            ],
            "prevdiff_prob": 0.975,
            "powdiff_exp": 0.0992047673766476,
            "powdiff_hdi": [
                -0.19835992309868905,
                0.3580447664330938
            ],
            "powdiff_prob": 0.7558
        },
        "binom": {
            "prevdiff_exp": 0.1642448374326108,
            "prevdiff_hdi": [
                -0.3787641881454532,
                0.6650928293874636
            ],
            "prevdiff_prob": 0.718,
            "powdiff_exp": 0.15832308140783743,
            "powdiff_hdi": [
                -0.3787338833513173,
                0.6140403466343308
            ],
            "powdiff_prob": 0.717
        },
        "pval_group": 0.0009765625,
        "frac_H1_rej": 0.5714285714285714
    },
    "increase_pow": {
        "pcurve": {
            "prevdiff_exp": 0.11013674005348198,
            "prevdiff_hdi": [
                -0.2700159791762162,
                0.4607455786205829
            ],
            "prevdiff_prob": 0.7176,
            "powdiff_exp": 0.28246142483173514,
            "powdiff_hdi": [
                -0.031844755845329975,
                0.5740178176326698
            ],
            "powdiff_prob": 0.9586
        },
        "binom": {
            "prevdiff_exp": 0.18038086167383757,
            "prevdiff_hdi": [
                -0.3461478898742931,
                0.6919228506700618
            ],
            "prevdiff_prob": 0.7328,
            "powdiff_exp": 0.18542557275215316,
            "powdiff_hdi": [
                -0.3247523544771336,
                0.6652507045765934
            ],
            "powdiff_prob": 0.7522
        },
        "pval_group": 0.140625,
        "frac_H1_rej": 1.0
    },
    "baseline": {
        "frac_H1_rej": 0.5714285714285714
    }
}