{
    "increase_prev": {
        "pcurve": {
            "prevdiff_exp": 0.29146529004379035,
            "prevdiff_hdi": [
                -0.10570263704195348,
                0.7371677150340286
            ],
            "prevdiff_prob": 0.902,
            "powdiff_exp": 0.185029288418174,
            "powdiff_hdi": [
                -0.08364001640449892,
                0.42415710387598016
            ],
            "powdiff_prob": 0.909
        },
        "binom": {
            "prevdiff_exp": 0.0823756824917832,
            "prevdiff_hdi": [
                -0.551672919939673,
                0.6629496040432425
            ],
            "prevdiff_prob": 0.6132,
            "powdiff_exp": 0.08810240274190169,
            "powdiff_hdi": [
                -0.5108181897673101,
                0.6373444349495678
            ],
            "powdiff_prob": 0.6238
        },
        "pval_group": 0.0087890625,
        "frac_H1_rej": 0.3333333333333333
    },
    "increase_pow": {
        "pcurve": {
            "prevdiff_exp": -0.08983983175513909,
            "prevdiff_hdi": [
                -0.551840061408852,
                0.37523078592374853
            ],
            "prevdiff_prob": 0.351,
            "powdiff_exp": 0.4905002727934777,
            "powdiff_hdi": [
                0.2033514094047697,
                0.8016633207892219
            ],
            "powdiff_prob": 0.9924
        },
        "binom": {
            "prevdiff_exp": 0.15831400053208444,
            "prevdiff_hdi": [
                -0.469517779582702,
                0.6818685071085399
            ],
            "prevdiff_prob": 0.7046,
            "powdiff_exp": 0.15581952481442546,
            "powdiff_hdi": [
                -0.43760014099573424,
                0.6699355663760868
            ],
            "powdiff_prob": 0.7052
        },
        "pval_group": 0.0341796875,
        "frac_H1_rej": 1.0
    },
    "baseline": {
        "frac_H1_rej": 0.4166666666666667
    }
}