{
    "increase_prev": {
        "pcurve": {
            "prevdiff_exp": 0.218757100781172,
            "prevdiff_hdi": [
                -0.15783415845845294,
                0.5928005243522595
            ],
            "prevdiff_prob": 0.8656,
            "powdiff_exp": 0.03959911323769799,
            "powdiff_hdi": [
                -0.26892387202750073,
                0.3244335933564392
            ],
            "powdiff_prob": 0.6088
        },
        "binom": {
            "prevdiff_exp": 0.05690510709784661,
            "prevdiff_hdi": [
                -0.5448465811941846,
                0.5896036613956648
            ],
            "prevdiff_prob": 0.5812,
            "powdiff_exp": 0.04055793746418056,
            "powdiff_hdi": [
                -0.4870286760239793,
                0.5745010533922283
            ],
            "powdiff_prob": 0.5578
        },
        "pval_group": 0.0361328125,
        "frac_H1_rej": 0.42857142857142855
    },
    "increase_pow": {
        "pcurve": {
            "prevdiff_exp": 0.014762936661197046,
            "prevdiff_hdi": [
                -0.3715616953537413,
                0.3848401995228815
            ],
            "prevdiff_prob": 0.5206,
            "powdiff_exp": 0.38767428340727883,
            "powdiff_hdi": [
                0.08143976037540623,
                0.6497406312920584
            ],
            "powdiff_prob": 0.9906
        },
        "binom": {
            "prevdiff_exp": 0.18046167823609374,
            "prevdiff_hdi": [
                -0.3015282729853014,
                0.6642888178019241
            ],
            "prevdiff_prob": 0.7468,
            "powdiff_exp": 0.17031926504630587,
            "powdiff_hdi": [
                -0.27237608769535215,
                0.6396198885459088
            ],
            "powdiff_prob": 0.7492
        },
        "pval_group": 0.5966796875,
        "frac_H1_rej": 1.0
    },
    "baseline": {
        "frac_H1_rej": 0.5714285714285714
    }
}