{
    "increase_prev": {
        "pcurve": {
            "prevdiff_exp": 0.4963127611194044,
            "prevdiff_hdi": [
                -0.001100480539671489,
                0.9142767731888971
            ],
            "prevdiff_prob": 0.9648,
            "powdiff_exp": 0.17341962950738776,
            "powdiff_hdi": [
                -0.23618945060794427,
                0.49044974617500026
            ],
            "powdiff_prob": 0.8092
        },
        "binom": {
            "prevdiff_exp": 0.25769909171974875,
            "prevdiff_hdi": [
                -0.37303199111269214,
                0.8166293287071859
            ],
            "prevdiff_prob": 0.7928,
            "powdiff_exp": 0.2453786490238711,
            "powdiff_hdi": [
                -0.34456291192190425,
                0.771228693050741
            ],
            "powdiff_prob": 0.7932
        },
        "pval_group": 0.0078125,
        "frac_H1_rej": 0.5
    },
    "increase_pow": {
        "pcurve": {
            "prevdiff_exp": 0.05896565982467807,
            "prevdiff_hdi": [
                -0.4560808848246659,
                0.4956739753877465
            ],
            "prevdiff_prob": 0.6306,
            "powdiff_exp": 0.4762072357284518,
            "powdiff_hdi": [
                0.05724943266480209,
                0.80051403226557
            ],
            "powdiff_prob": 0.9752
        },
        "binom": {
            "prevdiff_exp": 0.23539055343964366,
            "prevdiff_hdi": [
                -0.3895634657335083,
                0.8322231647154883
            ],
            "prevdiff_prob": 0.7636,
            "powdiff_exp": 0.2210875812034932,
            "powdiff_hdi": [
                -0.39070904803429296,
                0.7636319710329034
            ],
            "powdiff_prob": 0.7692
        },
        "pval_group": 0.02734375,
        "frac_H1_rej": 1.0
    },
    "baseline": {
        "frac_H1_rej": 0.36363636363636365
    }
}