{
    "increase_prev": {
        "pcurve": {
            "prevdiff_exp": 0.3525338060651208,
            "prevdiff_hdi": [
                -0.0251253712866244,
                0.7334201257618913
            ],
            "prevdiff_prob": 0.9552,
            "powdiff_exp": 0.08978214902445464,
            "powdiff_hdi": [
                -0.23013593485432832,
                0.3979137733784713
            ],
            "powdiff_prob": 0.7186
        },
        "binom": {
            "prevdiff_exp": 0.1642448374326108,
            "prevdiff_hdi": [
                -0.3787641881454532,
                0.6650928293874636
            ],
            "prevdiff_prob": 0.718,
            "powdiff_exp": 0.15832308140783743,
            "powdiff_hdi": [
                -0.3787338833513173,
                0.6140403466343308
            ],
            "powdiff_prob": 0.717
        },
        "pval_group": 0.056640625,
        "frac_H1_rej": 0.5172413793103449
    },
    "increase_pow": {
        "pcurve": {
            "prevdiff_exp": -0.2234245889118476,
            "prevdiff_hdi": [
                -0.6547781495110754,
                0.17465564842147446
            ],
            "prevdiff_prob": 0.1442,
            "powdiff_exp": 0.29167401503153406,
            "powdiff_hdi": [
                -0.11469824687723679,
                0.6920139642057841
            ],
            "powdiff_prob": 0.9086
        },
        "binom": {
            "prevdiff_exp": 0.0268860244431382,
            "prevdiff_hdi": [
                -0.550831554498189,
                0.6035178722204599
            ],
            "prevdiff_prob": 0.5378,
            "powdiff_exp": 0.025287244395042426,
            "powdiff_hdi": [
                -0.5496732157516877,
                0.5806730655455874
            ],
            "powdiff_prob": 0.539
        },
        "pval_group": 0.93359375,
        "frac_H1_rej": 1.0
    },
    "baseline": {
        "frac_H1_rej": 0.5333333333333333
    }
}