{
    "increase_prev": {
        "pcurve": {
            "prevdiff_exp": 0.37657859230603946,
            "prevdiff_hdi": [
                -0.04645618870368107,
                0.7903223403396366
            ],
            "prevdiff_prob": 0.953,
            "powdiff_exp": 0.28582602555759024,
            "powdiff_hdi": [
                -0.06889945628757921,
                0.5525575369840623
            ],
            "powdiff_prob": 0.9386
        },
        "binom": {
            "prevdiff_exp": 0.35511012887856314,
            "prevdiff_hdi": [
                -0.20588124458997492,
                0.8461788116823477
            ],
            "prevdiff_prob": 0.8636,
            "powdiff_exp": 0.35098791043688116,
            "powdiff_hdi": [
                -0.22356966656867416,
                0.8045328741841651
            ],
            "powdiff_prob": 0.877
        },
        "pval_group": 0.001953125,
        "frac_H1_rej": 0.6333333333333333
    },
    "increase_pow": {
        "pcurve": {
            "prevdiff_exp": 0.0008833899507649105,
            "prevdiff_hdi": [
                -0.4561710447930588,
                0.4673455213231328
            ],
            "prevdiff_prob": 0.501,
            "powdiff_exp": 0.46827560989136874,
            "powdiff_hdi": [
                0.11894883091006403,
                0.7547554094884811
            ],
            "powdiff_prob": 0.9872
        },
        "binom": {
            "prevdiff_exp": 0.3129470726300418,
            "prevdiff_hdi": [
                -0.2942382312327132,
                0.8330186748847063
            ],
            "prevdiff_prob": 0.835,
            "powdiff_exp": 0.3135087874880802,
            "powdiff_hdi": [
                -0.25540657363523656,
                0.8309854336949258
            ],
            "powdiff_prob": 0.8376
        },
        "pval_group": 0.91015625,
        "frac_H1_rej": 1.0
    },
    "baseline": {
        "frac_H1_rej": 0.35714285714285715
    }
}