{
    "increase_prev": {
        "pcurve": {
            "prevdiff_exp": 0.4116131055785442,
            "prevdiff_hdi": [
                0.03934081490133534,
                0.7502520113971749
            ],
            "prevdiff_prob": 0.9772,
            "powdiff_exp": -0.16614844260432748,
            "powdiff_hdi": [
                -0.509513153327602,
                0.18023567361119086
            ],
            "powdiff_prob": 0.1958
        },
        "binom": {
            "prevdiff_exp": 0.0837911315409848,
            "prevdiff_hdi": [
                -0.4678493899759329,
                0.674501780275422
            ],
            "prevdiff_prob": 0.6114,
            "powdiff_exp": 0.06584518185922297,
            "powdiff_hdi": [
                -0.49862899932598376,
                0.599270978656073
            ],
            "powdiff_prob": 0.5892
        },
        "pval_group": 0.0927734375,
        "frac_H1_rej": 0.41379310344827586
    },
    "increase_pow": {
        "pcurve": {
            "prevdiff_exp": 0.14269638674925847,
            "prevdiff_hdi": [
                -0.2344694875465716,
                0.482660950229678
            ],
            "prevdiff_prob": 0.7914,
            "powdiff_exp": 0.19554800141062878,
            "powdiff_hdi": [
                -0.1539226585282869,
                0.5617058040439367
            ],
            "powdiff_prob": 0.8448
        },
        "binom": {
            "prevdiff_exp": 0.18038086167383757,
            "prevdiff_hdi": [
                -0.3461478898742931,
                0.6919228506700618
            ],
            "prevdiff_prob": 0.7328,
            "powdiff_exp": 0.18542557275215316,
            "powdiff_hdi": [
                -0.3247523544771336,
                0.6652507045765934
            ],
            "powdiff_prob": 0.7522
        },
        "pval_group": 0.302734375,
        "frac_H1_rej": 1.0
    },
    "baseline": {
        "frac_H1_rej": 0.6
    }
}