{
    "increase_prev": {
        "pcurve": {
            "prevdiff_exp": 0.5459299507258143,
            "prevdiff_hdi": [
                -0.008676502939879538,
                0.9345341815397817
            ],
            "prevdiff_prob": 0.9588,
            "powdiff_exp": 0.13655379016227517,
            "powdiff_hdi": [
                -0.40380949430866087,
                0.46586209004866846
            ],
            "powdiff_prob": 0.7766
        },
        "binom": {
            "prevdiff_exp": 0.28415501560268175,
            "prevdiff_hdi": [
                -0.3418700184273562,
                0.8740334268642953
            ],
            "prevdiff_prob": 0.8142,
            "powdiff_exp": 0.25780556036895996,
            "powdiff_hdi": [
                -0.32330480728412214,
                0.836248841650578
            ],
            "powdiff_prob": 0.7996
        },
        "pval_group": 0.0009765625,
        "frac_H1_rej": 0.41379310344827586
    },
    "increase_pow": {
        "pcurve": {
            "prevdiff_exp": 0.2604074037811515,
            "prevdiff_hdi": [
                -0.2923552201098042,
                0.7166829522769704
            ],
            "prevdiff_prob": 0.8208,
            "powdiff_exp": 0.4016474392173162,
            "powdiff_hdi": [
                -0.1426583601373047,
                0.7740019715130864
            ],
            "powdiff_prob": 0.9184
        },
        "binom": {
            "prevdiff_exp": 0.28415501560268175,
            "prevdiff_hdi": [
                -0.3418700184273562,
                0.8740334268642953
            ],
            "prevdiff_prob": 0.8142,
            "powdiff_exp": 0.25780556036895996,
            "powdiff_hdi": [
                -0.32330480728412214,
                0.836248841650578
            ],
            "powdiff_prob": 0.7996
        },
        "pval_group": 0.0185546875,
        "frac_H1_rej": 1.0
    },
    "baseline": {
        "frac_H1_rej": 0.2857142857142857
    }
}