{
    "increase_prev": {
        "pcurve": {
            "prevdiff_exp": 0.3883533396627273,
            "prevdiff_hdi": [
                0.06433544835735328,
                0.6838134064225867
            ],
            "prevdiff_prob": 0.9874,
            "powdiff_exp": -0.08806070102902962,
            "powdiff_hdi": [
                -0.38217102727765917,
                0.22100685645849538
            ],
            "powdiff_prob": 0.2806
        },
        "binom": {
            "prevdiff_exp": 0.06549068017258171,
            "prevdiff_hdi": [
                -0.4512558852777509,
                0.5969497027933123
            ],
            "prevdiff_prob": 0.5928,
            "powdiff_exp": 0.07838051844519368,
            "powdiff_hdi": [
                -0.4292678764639456,
                0.5534987511432858
            ],
            "powdiff_prob": 0.6208
        },
        "pval_group": 0.03515625,
        "frac_H1_rej": 0.4827586206896552
    },
    "increase_pow": {
        "pcurve": {
            "prevdiff_exp": -0.11810329032079199,
            "prevdiff_hdi": [
                -0.48091589368809895,
                0.24811391284135215
            ],
            "prevdiff_prob": 0.2488,
            "powdiff_exp": 0.11421330802690452,
            "powdiff_hdi": [
                -0.2673886112002398,
                0.4960077325988499
            ],
            "powdiff_prob": 0.714
        },
        "binom": {
            "prevdiff_exp": -0.03275617614782467,
            "prevdiff_hdi": [
                -0.58470651030441,
                0.5494100435902691
            ],
            "prevdiff_prob": 0.4542,
            "powdiff_exp": -0.013627671447707984,
            "powdiff_hdi": [
                -0.5550508367352915,
                0.519616394713682
            ],
            "powdiff_prob": 0.4734
        },
        "pval_group": 0.474609375,
        "frac_H1_rej": 0.9090909090909091
    },
    "baseline": {
        "frac_H1_rej": 0.6875
    }
}