{
    "increase_prev": {
        "pcurve": {
            "prevdiff_exp": 0.4994723889214354,
            "prevdiff_hdi": [
                0.0731619930869476,
                0.857180501909607
            ],
            "prevdiff_prob": 0.979,
            "powdiff_exp": -0.011160031007745817,
            "powdiff_hdi": [
                -0.3963935210233337,
                0.3426407868141962
            ],
            "powdiff_prob": 0.501
        },
        "binom": {
            "prevdiff_exp": 0.2003804512602575,
            "prevdiff_hdi": [
                -0.42096537519291255,
                0.751552573457396
            ],
            "prevdiff_prob": 0.7442,
            "powdiff_exp": 0.18001072523988026,
            "powdiff_hdi": [
                -0.3936470525743901,
                0.6977605694974172
            ],
            "powdiff_prob": 0.7366
        },
        "pval_group": 0.0048828125,
        "frac_H1_rej": 0.4482758620689655
    },
    "increase_pow": {
        "pcurve": {
            "prevdiff_exp": 0.028268262775215935,
            "prevdiff_hdi": [
                -0.4375017135740406,
                0.4729956236680354
            ],
            "prevdiff_prob": 0.5752,
            "powdiff_exp": 0.2070471772709088,
            "powdiff_hdi": [
                -0.24177993643761064,
                0.6466279602369566
            ],
            "powdiff_prob": 0.8016
        },
        "binom": {
            "prevdiff_exp": 0.1571983093677809,
            "prevdiff_hdi": [
                -0.4867250936871952,
                0.7270621900660879
            ],
            "prevdiff_prob": 0.6946,
            "powdiff_exp": 0.12592127461506447,
            "powdiff_hdi": [
                -0.479039484569405,
                0.6889912720634819
            ],
            "powdiff_prob": 0.678
        },
        "pval_group": 0.2880859375,
        "frac_H1_rej": 0.9
    },
    "baseline": {
        "frac_H1_rej": 0.75
    }
}