{
    "increase_prev": {
        "pcurve": {
            "prevdiff_exp": 0.2367162150896911,
            "prevdiff_hdi": [
                -0.08149850916922374,
                0.5982183471135618
            ],
            "prevdiff_prob": 0.9102,
            "powdiff_exp": 0.1074756815994806,
            "powdiff_hdi": [
                -0.18119844650774358,
                0.3533648656452319
            ],
            "powdiff_prob": 0.7914
        },
        "binom": {
            "prevdiff_exp": 0.143141187121877,
            "prevdiff_hdi": [
                -0.38740471006485294,
                0.6710863002707265
            ],
            "prevdiff_prob": 0.6864,
            "powdiff_exp": 0.14007552895974498,
            "powdiff_hdi": [
                -0.39332672104633926,
                0.6305774621765518
            ],
            "powdiff_prob": 0.6988
        },
        "pval_group": 0.0126953125,
        "frac_H1_rej": 0.5172413793103449
    },
    "increase_pow": {
        "pcurve": {
            "prevdiff_exp": -0.04747048345994425,
            "prevdiff_hdi": [
                -0.4493636387709794,
                0.34659191903713293
            ],
            "prevdiff_prob": 0.411,
            "powdiff_exp": 0.30818797915242696,
            "powdiff_hdi": [
                -0.01945162395736222,
                0.5661221281994742
            ],
            "powdiff_prob": 0.967
        },
        "binom": {
            "prevdiff_exp": 0.143141187121877,
            "prevdiff_hdi": [
                -0.38740471006485294,
                0.6710863002707265
            ],
            "prevdiff_prob": 0.6864,
            "powdiff_exp": 0.14007552895974498,
            "powdiff_hdi": [
                -0.39332672104633926,
                0.6305774621765518
            ],
            "powdiff_prob": 0.6988
        },
        "pval_group": 0.9404296875,
        "frac_H1_rej": 1.0
    },
    "baseline": {
        "frac_H1_rej": 0.6
    }
}