{
    "increase_prev": {
        "pcurve": {
            "prevdiff_exp": 0.1175648037180842,
            "prevdiff_hdi": [
                -0.31400478464490056,
                0.6225683987172977
            ],
            "prevdiff_prob": 0.6662,
            "powdiff_exp": 0.18444113164219475,
            "powdiff_hdi": [
                -0.10875725646161272,
                0.44544950932381133
            ],
            "powdiff_prob": 0.9084
        },
        "binom": {
            "prevdiff_exp": 0.19220841154716706,
            "prevdiff_hdi": [
                -0.4019318782099181,
                0.8467984729501401
            ],
            "prevdiff_prob": 0.7244,
            "powdiff_exp": 0.16699813057867743,
            "powdiff_hdi": [
                -0.4660747850865876,
                0.7368521305563903
            ],
            "powdiff_prob": 0.716
        },
        "pval_group": 0.021484375,
        "frac_H1_rej": 0.39285714285714285
    },
    "increase_pow": {
        "pcurve": {
            "prevdiff_exp": -0.2186711011230049,
            "prevdiff_hdi": [
                -0.6771518551000255,
                0.22655862865409832
            ],
            "prevdiff_prob": 0.1948,
            "powdiff_exp": 0.40255761390779465,
            "powdiff_hdi": [
                0.06684706730801893,
                0.7309112782535171
            ],
            "powdiff_prob": 0.9808
        },
        "binom": {
            "prevdiff_exp": 0.19220841154716706,
            "prevdiff_hdi": [
                -0.4019318782099181,
                0.8467984729501401
            ],
            "prevdiff_prob": 0.7244,
            "powdiff_exp": 0.16699813057867743,
            "powdiff_hdi": [
                -0.4660747850865876,
                0.7368521305563903
            ],
            "powdiff_prob": 0.716
        },
        "pval_group": 0.5439453125,
        "frac_H1_rej": 0.9166666666666666
    },
    "baseline": {
        "frac_H1_rej": 0.45454545454545453
    }
}