{
    "increase_prev": {
        "pcurve": {
            "prevdiff_exp": 0.38847780691531325,
            "prevdiff_hdi": [
                -0.11274983164578067,
                0.8170308447053638
            ],
            "prevdiff_prob": 0.9242,
            "powdiff_exp": 0.12373135957915032,
            "powdiff_hdi": [
                -0.30704534219787033,
                0.5068755723956002
            ],
            "powdiff_prob": 0.729
        },
        "binom": {
            "prevdiff_exp": 0.18134724031780283,
            "prevdiff_hdi": [
                -0.41085524822389996,
                0.7829015215454744
            ],
            "prevdiff_prob": 0.7148,
            "powdiff_exp": 0.15285154063153705,
            "powdiff_hdi": [
                -0.44046063338073094,
                0.694930345960663
            ],
            "powdiff_prob": 0.7082
        },
        "pval_group": 0.001953125,
        "frac_H1_rej": 0.46153846153846156
    },
    "increase_pow": {
        "pcurve": {
            "prevdiff_exp": 0.11701547217792178,
            "prevdiff_hdi": [
                -0.38550405690322875,
                0.5432912732640255
            ],
            "prevdiff_prob": 0.721,
            "powdiff_exp": 0.3937243393232008,
            "powdiff_hdi": [
                -0.04241728615676299,
                0.7657072349272354
            ],
            "powdiff_prob": 0.9468
        },
        "binom": {
            "prevdiff_exp": 0.2003804512602575,
            "prevdiff_hdi": [
                -0.42096537519291255,
                0.751552573457396
            ],
            "prevdiff_prob": 0.7442,
            "powdiff_exp": 0.18001072523988026,
            "powdiff_hdi": [
                -0.3936470525743901,
                0.6977605694974172
            ],
            "powdiff_prob": 0.7366
        },
        "pval_group": 0.1552734375,
        "frac_H1_rej": 0.9285714285714286
    },
    "baseline": {
        "frac_H1_rej": 0.5714285714285714
    }
}