{
    "increase_prev": {
        "pcurve": {
            "prevdiff_exp": 0.22803370659133398,
            "prevdiff_hdi": [
                -0.0793052633461635,
                0.5322855862038052
            ],
            "prevdiff_prob": 0.923,
            "powdiff_exp": -0.10721586850869134,
            "powdiff_hdi": [
                -0.3833247430671738,
                0.14437952191310394
            ],
            "powdiff_prob": 0.2098
        },
        "binom": {
            "prevdiff_exp": 0.02230853828010513,
            "prevdiff_hdi": [
                -0.4794150362642802,
                0.5182624677167094
            ],
            "prevdiff_prob": 0.5346,
            "powdiff_exp": 0.024291067820377883,
            "powdiff_hdi": [
                -0.4371387741448465,
                0.4943072628841238
            ],
            "powdiff_prob": 0.5456
        },
        "pval_group": 0.0322265625,
        "frac_H1_rej": 0.4827586206896552
    },
    "increase_pow": {
        "pcurve": {
            "prevdiff_exp": -0.2314672511682421,
            "prevdiff_hdi": [
                -0.5484799688118541,
                0.09672047637184245
            ],
            "prevdiff_prob": 0.0894,
            "powdiff_exp": 0.26732724779911493,
            "powdiff_hdi": [
                -0.015359632911437715,
                0.568171071138265
            ],
            "powdiff_prob": 0.956
        },
        "binom": {
            "prevdiff_exp": -0.01903321094245463,
            "prevdiff_hdi": [
                -0.5277895801315745,
                0.500237687523254
            ],
            "prevdiff_prob": 0.4754,
            "powdiff_exp": -0.02715918460834323,
            "powdiff_hdi": [
                -0.5224066050842324,
                0.443016876923802
            ],
            "powdiff_prob": 0.458
        },
        "pval_group": 0.068359375,
        "frac_H1_rej": 1.0
    },
    "baseline": {
        "frac_H1_rej": 0.7058823529411765
    }
}