{
    "increase_prev": {
        "pcurve": {
            "prevdiff_exp": 0.08464943192258602,
            "prevdiff_hdi": [
                -0.3088259188559175,
                0.5157992444120674
            ],
            "prevdiff_prob": 0.6178,
            "powdiff_exp": 0.26846510957455433,
            "powdiff_hdi": [
                -0.006809011703673817,
                0.5431779015504538
            ],
            "powdiff_prob": 0.9628
        },
        "binom": {
            "prevdiff_exp": 0.23539055343964366,
            "prevdiff_hdi": [
                -0.3895634657335083,
                0.8322231647154883
            ],
            "prevdiff_prob": 0.7636,
            "powdiff_exp": 0.2210875812034932,
            "powdiff_hdi": [
                -0.39070904803429296,
                0.7636319710329034
            ],
            "powdiff_prob": 0.7692
        },
        "pval_group": 0.0029296875,
        "frac_H1_rej": 0.48148148148148145
    },
    "increase_pow": {
        "pcurve": {
            "prevdiff_exp": -0.08255184609488751,
            "prevdiff_hdi": [
                -0.4731742796938072,
                0.3342963165419422
            ],
            "prevdiff_prob": 0.3394,
            "powdiff_exp": 0.4945071104189489,
            "powdiff_hdi": [
                0.23007389054518812,
                0.7402618694496588
            ],
            "powdiff_prob": 0.9986
        },
        "binom": {
            "prevdiff_exp": 0.3129470726300418,
            "prevdiff_hdi": [
                -0.2942382312327132,
                0.8330186748847063
            ],
            "prevdiff_prob": 0.835,
            "powdiff_exp": 0.3135087874880802,
            "powdiff_hdi": [
                -0.25540657363523656,
                0.8309854336949258
            ],
            "powdiff_prob": 0.8376
        },
        "pval_group": 0.0146484375,
        "frac_H1_rej": 1.0
    },
    "baseline": {
        "frac_H1_rej": 0.38461538461538464
    }
}