{
    "increase_prev": {
        "pcurve": {
            "prevdiff_exp": 0.29522942250102197,
            "prevdiff_hdi": [
                -0.09829587002760554,
                0.6826998496807339
            ],
            "prevdiff_prob": 0.9138,
            "powdiff_exp": 0.0007936960652780282,
            "powdiff_hdi": [
                -0.3304140347396555,
                0.2971306442840348
            ],
            "powdiff_prob": 0.5426
        },
        "binom": {
            "prevdiff_exp": 0.0837911315409848,
            "prevdiff_hdi": [
                -0.4678493899759329,
                0.674501780275422
            ],
            "prevdiff_prob": 0.6114,
            "powdiff_exp": 0.06584518185922297,
            "powdiff_hdi": [
                -0.49862899932598376,
                0.599270978656073
            ],
            "powdiff_prob": 0.5892
        },
        "pval_group": 0.517578125,
        "frac_H1_rej": 0.46153846153846156
    },
    "increase_pow": {
        "pcurve": {
            "prevdiff_exp": -0.11018041861389247,
            "prevdiff_hdi": [
                -0.5537920091708963,
                0.3216909638919419
            ],
            "prevdiff_prob": 0.3272,
            "powdiff_exp": 0.29706891666128576,
            "powdiff_hdi": [
                -0.06400510582183083,
                0.6598731382571699
            ],
            "powdiff_prob": 0.9296
        },
        "binom": {
            "prevdiff_exp": 0.12513288076354456,
            "prevdiff_hdi": [
                -0.42172648575651617,
                0.6718849915044207
            ],
            "prevdiff_prob": 0.665,
            "powdiff_exp": 0.11729543428794409,
            "powdiff_hdi": [
                -0.413050403286488,
                0.620603806694966
            ],
            "powdiff_prob": 0.6636
        },
        "pval_group": 0.8603515625,
        "frac_H1_rej": 1.0
    },
    "baseline": {
        "frac_H1_rej": 0.5
    }
}