{
    "increase_prev": {
        "pcurve": {
            "prevdiff_exp": 0.09171797075830807,
            "prevdiff_hdi": [
                -0.25353473347576816,
                0.4351553701082067
            ],
            "prevdiff_prob": 0.7138,
            "powdiff_exp": 0.02842041933464228,
            "powdiff_hdi": [
                -0.30061313809342444,
                0.3292421151274417
            ],
            "powdiff_prob": 0.5724
        },
        "pval_group": 0.005859375,
        "frac_H1_rej": 0.3793103448275862
    },
    "increase_pow": {
        "pcurve": {
            "prevdiff_exp": 0.03222593662027356,
            "prevdiff_hdi": [
                -0.14870383408670895,
                0.2252256304502749
            ],
            "prevdiff_prob": 0.6432,
            "powdiff_exp": 0.28265119174014014,
            "powdiff_hdi": [
                0.031271301893417314,
                0.525212418424325
            ],
            "powdiff_prob": 0.9862
        },
        "pval_group": 0.0322265625,
        "frac_H1_rej": 1.0
    },
    "baseline": {
        "frac_H1_rej": 0.6111111111111112
    }
}