{
    "increase_prev": {
        "pcurve": {
            "prevdiff_exp": 0.3568982105102963,
            "prevdiff_hdi": [
                -0.04549221117190899,
                0.7335037570184819
            ],
            "prevdiff_prob": 0.9436,
            "powdiff_exp": -0.048629419677640826,
            "powdiff_hdi": [
                -0.3973074596013616,
                0.3059723653676951
            ],
            "powdiff_prob": 0.4312
        },
        "pval_group": 0.0322265625,
        "frac_H1_rej": 0.2
    },
    "increase_pow": {
        "pcurve": {
            "prevdiff_exp": 0.05059470802313541,
            "prevdiff_hdi": [
                -0.20543630633075438,
                0.3349230298926583
            ],
            "prevdiff_prob": 0.638,
            "powdiff_exp": 0.39240508197181095,
            "powdiff_hdi": [
                0.07634961949410002,
                0.6628383696192313
            ],
            "powdiff_prob": 0.9872
        },
        "pval_group": 0.0029296875,
        "frac_H1_rej": 1.0
    },
    "baseline": {
        "frac_H1_rej": 0.3125
    }
}