{
    "increase_prev": {
        "pcurve": {
            "prevdiff_exp": 0.2064743642208647,
            "prevdiff_hdi": [
                -0.09913928013177734,
                0.5621261511429223
            ],
            "prevdiff_prob": 0.8778,
            "powdiff_exp": 0.16433773030754872,
            "powdiff_hdi": [
                -0.11708769310390332,
                0.43453111712814624
            ],
            "powdiff_prob": 0.8708
        },
        "pval_group": 0.0166015625,
        "frac_H1_rej": 0.6333333333333333
    },
    "increase_pow": {
        "pcurve": {
            "prevdiff_exp": -0.008068363648976845,
            "prevdiff_hdi": [
                -0.37582727195452337,
                0.3270805591222994
            ],
            "prevdiff_prob": 0.4812,
            "powdiff_exp": 0.2860004294989156,
            "powdiff_hdi": [
                -0.04854552247780419,
                0.5644686689953999
            ],
            "powdiff_prob": 0.953
        },
        "pval_group": 0.4462890625,
        "frac_H1_rej": 0.9230769230769231
    },
    "baseline": {
        "frac_H1_rej": 0.38461538461538464
    }
}