{
    "increase_prev": {
        "pcurve": {
            "prevdiff_exp": 0.2291835487611423,
            "prevdiff_hdi": [
                -0.11427058889448803,
                0.6041374391801463
            ],
            "prevdiff_prob": 0.8866,
            "powdiff_exp": 0.1402986958718069,
            "powdiff_hdi": [
                -0.19126843527440052,
                0.43988162811428566
            ],
            "powdiff_prob": 0.8104
        },
        "pval_group": 0.0478515625,
        "frac_H1_rej": 0.5172413793103449
    },
    "increase_pow": {
        "pcurve": {
            "prevdiff_exp": 0.033885211394085374,
            "prevdiff_hdi": [
                -0.17317029364332043,
                0.24324298769399685
            ],
            "prevdiff_prob": 0.6326,
            "powdiff_exp": 0.2870179119512164,
            "powdiff_hdi": [
                0.003200159886577958,
                0.5431655635568061
            ],
            "powdiff_prob": 0.9756
        },
        "pval_group": 0.0537109375,
        "frac_H1_rej": 0.9375
    },
    "baseline": {
        "frac_H1_rej": 0.5625
    }
}