{
    "increase_prev": {
        "pcurve": {
            "prevdiff_exp": 0.21785194109062517,
            "prevdiff_hdi": [
                -0.16675646273170971,
                0.6165248555128092
            ],
            "prevdiff_prob": 0.8488,
            "powdiff_exp": 0.12955563573182236,
            "powdiff_hdi": [
                -0.18055419470084622,
                0.41872889113408596
            ],
            "powdiff_prob": 0.8086
        },
        "pval_group": 0.005859375,
        "frac_H1_rej": 0.4
    },
    "increase_pow": {
        "pcurve": {
            "prevdiff_exp": -0.10928819060467986,
            "prevdiff_hdi": [
                -0.4180672991421832,
                0.18054431292921827
            ],
            "prevdiff_prob": 0.2288,
            "powdiff_exp": 0.3795828294647911,
            "powdiff_hdi": [
                0.06020802901443201,
                0.6837857351378287
            ],
            "powdiff_prob": 0.983
        },
        "pval_group": 0.8515625,
        "frac_H1_rej": 1.0
    },
    "baseline": {
        "frac_H1_rej": 0.4
    }
}