{
    "increase_prev": {
        "pcurve": {
            "prevdiff_exp": 0.19045145175815714,
            "prevdiff_hdi": [
                -0.23524808459078467,
                0.6699283474478506
            ],
            "prevdiff_prob": 0.7724,
            "powdiff_exp": 0.13682402221166276,
            "powdiff_hdi": [
                -0.20984504194084275,
                0.43975543523995003
            ],
            "powdiff_prob": 0.8294
        },
        "pval_group": 0.03125,
        "frac_H1_rej": 0.37037037037037035
    },
    "increase_pow": {
        "pcurve": {
            "prevdiff_exp": 0.00017959027679888083,
            "prevdiff_hdi": [
                -0.30078553554693466,
                0.2957894104295661
            ],
            "prevdiff_prob": 0.5276,
            "powdiff_exp": 0.40666947035461765,
            "powdiff_hdi": [
                0.0705252291113988,
                0.7072521268257174
            ],
            "powdiff_prob": 0.9848
        },
        "pval_group": 0.0244140625,
        "frac_H1_rej": 0.9230769230769231
    },
    "baseline": {
        "frac_H1_rej": 0.38461538461538464
    }
}