{
    "increase_prev": {
        "pcurve": {
            "prevdiff_exp": 0.27293950286887414,
            "prevdiff_hdi": [
                -0.1342850867113935,
                0.6789164455858013
            ],
            "prevdiff_prob": 0.8872,
            "powdiff_exp": 0.010592416593180042,
            "powdiff_hdi": [
                -0.33599912758320943,
                0.303959249279519
            ],
            "powdiff_prob": 0.56
        },
        "pval_group": 0.0263671875,
        "frac_H1_rej": 0.36
    },
    "increase_pow": {
        "pcurve": {
            "prevdiff_exp": 0.026403282466304273,
            "prevdiff_hdi": [
                -0.20650030513171092,
                0.27322456240465953
            ],
            "prevdiff_prob": 0.6224,
            "powdiff_exp": 0.33112912205479783,
            "powdiff_hdi": [
                0.013903365393615252,
                0.6482373256733998
            ],
            "powdiff_prob": 0.9762
        },
        "pval_group": 0.0595703125,
        "frac_H1_rej": 1.0
    },
    "baseline": {
        "frac_H1_rej": 0.5
    }
}