{
    "increase_prev": {
        "pcurve": {
            "prevdiff_exp": 0.2776473648712787,
            "prevdiff_hdi": [
                -0.11899013899925406,
                0.7153042118885935
            ],
            "prevdiff_prob": 0.902,
            "powdiff_exp": 0.32453069288106223,
            "powdiff_hdi": [
                0.08728064369056099,
                0.5724422409528815
            ],
            "powdiff_prob": 0.982
        },
        "pval_group": 0.001953125,
        "frac_H1_rej": 0.5666666666666667
    },
    "increase_pow": {
        "pcurve": {
            "prevdiff_exp": -0.09309607100665464,
            "prevdiff_hdi": [
                -0.4869554994411287,
                0.261781484986039
            ],
            "prevdiff_prob": 0.3116,
            "powdiff_exp": 0.4501264283461638,
            "powdiff_hdi": [
                0.13827075283298385,
                0.7354827911447569
            ],
            "powdiff_prob": 0.9942
        },
        "pval_group": 0.232421875,
        "frac_H1_rej": 0.9090909090909091
    },
    "baseline": {
        "frac_H1_rej": 0.2727272727272727
    }
}