{
    "increase_prev": {
        "pcurve": {
            "prevdiff_exp": 0.26809609998503786,
            "prevdiff_hdi": [
                -0.1411433404995308,
                0.7029665250845886
            ],
            "prevdiff_prob": 0.8748,
            "powdiff_exp": 0.21666776074253175,
            "powdiff_hdi": [
                -0.13051380479873292,
                0.4669194909506456
            ],
            "powdiff_prob": 0.9124
        },
        "pval_group": 0.0078125,
        "frac_H1_rej": 0.3793103448275862
    },
    "increase_pow": {
        "pcurve": {
            "prevdiff_exp": 0.08058218959839841,
            "prevdiff_hdi": [
                -0.17957821639072616,
                0.413782195404052
            ],
            "prevdiff_prob": 0.7194,
            "powdiff_exp": 0.3629935964735936,
            "powdiff_hdi": [
                0.08455450409065812,
                0.5999362065857294
            ],
            "powdiff_prob": 0.9904
        },
        "pval_group": 0.2431640625,
        "frac_H1_rej": 0.9285714285714286
    },
    "baseline": {
        "frac_H1_rej": 0.35714285714285715
    }
}