{
    "increase_prev": {
        "pcurve": {
            "prevdiff_exp": 0.34248946130164376,
            "prevdiff_hdi": [
                -0.0774546822245561,
                0.7490759659213653
            ],
            "prevdiff_prob": 0.9374,
            "powdiff_exp": 0.27501822378186647,
            "powdiff_hdi": [
                -0.029621669136203344,
                0.5378120046974046
            ],
            "powdiff_prob": 0.9482
        },
        "pval_group": 0.005859375,
        "frac_H1_rej": 0.5357142857142857
    },
    "increase_pow": {
        "pcurve": {
            "prevdiff_exp": -0.008011778278467392,
            "prevdiff_hdi": [
                -0.315290599975493,
                0.33761148273096725
            ],
            "prevdiff_prob": 0.4836,
            "powdiff_exp": 0.4660562065223285,
            "powdiff_hdi": [
                0.17939096842298308,
                0.7328841132237937
            ],
            "powdiff_prob": 0.9962
        },
        "pval_group": 0.1611328125,
        "frac_H1_rej": 1.0
    },
    "baseline": {
        "frac_H1_rej": 0.3333333333333333
    }
}