{
    "increase_prev": {
        "pcurve": {
            "prevdiff_exp": 0.16188678842081086,
            "prevdiff_hdi": [
                -0.13429272791449745,
                0.4661009598509819
            ],
            "prevdiff_prob": 0.8522,
            "powdiff_exp": 0.1280133813063597,
            "powdiff_hdi": [
                -0.14689820624079541,
                0.3860354363034777
            ],
            "powdiff_prob": 0.8208
        },
        "pval_group": 0.0556640625,
        "frac_H1_rej": 0.5714285714285714
    },
    "increase_pow": {
        "pcurve": {
            "prevdiff_exp": -0.01374540450889246,
            "prevdiff_hdi": [
                -0.20357921687234276,
                0.16734403692508296
            ],
            "prevdiff_prob": 0.429,
            "powdiff_exp": 0.24974774244122214,
            "powdiff_hdi": [
                -0.01899291760795152,
                0.5029926399121979
            ],
            "powdiff_prob": 0.9666
        },
        "pval_group": 0.1884765625,
        "frac_H1_rej": 0.9285714285714286
    },
    "baseline": {
        "frac_H1_rej": 0.5714285714285714
    }
}