{
    "increase_prev": {
        "pcurve": {
            "prevdiff_exp": 0.3392280048827857,
            "prevdiff_hdi": [
                -0.036503859048745785,
                0.7189413881004573
            ],
            "prevdiff_prob": 0.9528,
            "powdiff_exp": 0.031268918165907336,
            "powdiff_hdi": [
                -0.35872524200607453,
                0.34670594033012786
            ],
            "powdiff_prob": 0.5982
        },
        "pval_group": 0.009765625,
        "frac_H1_rej": 0.3793103448275862
    },
    "increase_pow": {
        "pcurve": {
            "prevdiff_exp": -0.03494982053493849,
            "prevdiff_hdi": [
                -0.3131371145023041,
                0.2551949328976437
            ],
            "prevdiff_prob": 0.3842,
            "powdiff_exp": 0.39467801483479226,
            "powdiff_hdi": [
                0.07869495396918791,
                0.6845416405639411
            ],
            "powdiff_prob": 0.9856
        },
        "pval_group": 0.0322265625,
        "frac_H1_rej": 0.8571428571428571
    },
    "baseline": {
        "frac_H1_rej": 0.35714285714285715
    }
}