{
    "increase_prev": {
        "pcurve": {
            "prevdiff_exp": 0.364950549586664,
            "prevdiff_hdi": [
                -0.017474495101039628,
                0.6851398868124411
            ],
            "prevdiff_prob": 0.9664,
            "powdiff_exp": 0.02926475863583805,
            "powdiff_hdi": [
                -0.3124388586889306,
                0.3492406262006732
            ],
            "powdiff_prob": 0.5778
        },
        "pval_group": 0.0234375,
        "frac_H1_rej": 0.4642857142857143
    },
    "increase_pow": {
        "pcurve": {
            "prevdiff_exp": -0.02031846472043423,
            "prevdiff_hdi": [
                -0.2584506646467943,
                0.1956715247873959
            ],
            "prevdiff_prob": 0.4164,
            "powdiff_exp": 0.2754823369201521,
            "powdiff_hdi": [
                -0.020074800457775432,
                0.5627372907475069
            ],
            "powdiff_prob": 0.96
        },
        "pval_group": 0.04296875,
        "frac_H1_rej": 1.0
    },
    "baseline": {
        "frac_H1_rej": 0.38461538461538464
    }
}