{
    "increase_prev": {
        "pcurve": {
            "prevdiff_exp": 0.39984085809335884,
            "prevdiff_hdi": [
                -0.07951212348658862,
                0.843911788650425
            ],
            "prevdiff_prob": 0.9364,
            "powdiff_exp": 0.24799281372513018,
            "powdiff_hdi": [
                -0.16439074435182283,
                0.5673572167141488
            ],
            "powdiff_prob": 0.9058
        },
        "pval_group": 0.001953125,
        "frac_H1_rej": 0.39285714285714285
    },
    "increase_pow": {
        "pcurve": {
            "prevdiff_exp": 0.08916718810495201,
            "prevdiff_hdi": [
                -0.23594129566004288,
                0.4571916468799528
            ],
            "prevdiff_prob": 0.7182,
            "powdiff_exp": 0.45654085049633397,
            "powdiff_hdi": [
                0.11485873903818666,
                0.7468970133513789
            ],
            "powdiff_prob": 0.9856
        },
        "pval_group": 0.765625,
        "frac_H1_rej": 1.0
    },
    "baseline": {
        "frac_H1_rej": 0.2727272727272727
    }
}