{
    "increase_prev": {
        "pcurve": {
            "prevdiff_exp": 0.1491283823106996,
            "prevdiff_hdi": [
                -0.24858546267235931,
                0.5945805838255434
            ],
            "prevdiff_prob": 0.742,
            "powdiff_exp": 0.12998232806242094,
            "powdiff_hdi": [
                -0.2061154145175892,
                0.4403747086650187
            ],
            "powdiff_prob": 0.8096
        },
        "pval_group": 0.2060546875,
        "frac_H1_rej": 0.35714285714285715
    },
    "increase_pow": {
        "pcurve": {
            "prevdiff_exp": 0.0382747495439495,
            "prevdiff_hdi": [
                -0.23853089774092257,
                0.34063330538271896
            ],
            "prevdiff_prob": 0.5984,
            "powdiff_exp": 0.3758376592269739,
            "powdiff_hdi": [
                0.1152877526206556,
                0.6316490603230489
            ],
            "powdiff_prob": 0.9936
        },
        "pval_group": 0.0595703125,
        "frac_H1_rej": 0.9333333333333333
    },
    "baseline": {
        "frac_H1_rej": 0.3333333333333333
    }
}