{
    "increase_prev": {
        "pcurve": {
            "prevdiff_exp": 0.2567842064615014,
            "prevdiff_hdi": [
                -0.09309302383096743,
                0.5946151065936021
            ],
            "prevdiff_prob": 0.9236,
            "powdiff_exp": 0.14002783940362182,
            "powdiff_hdi": [
                -0.18715208445492915,
                0.4371248673211023
            ],
            "powdiff_prob": 0.8048
        },
        "pval_group": 0.0068359375,
        "frac_H1_rej": 0.5862068965517241
    },
    "increase_pow": {
        "pcurve": {
            "prevdiff_exp": -0.05231005820625239,
            "prevdiff_hdi": [
                -0.26633648396733056,
                0.13598759732242255
            ],
            "prevdiff_prob": 0.2642,
            "powdiff_exp": 0.35728165175852566,
            "powdiff_hdi": [
                0.08946579901831853,
                0.5964913474120233
            ],
            "powdiff_prob": 0.9932
        },
        "pval_group": 0.0048828125,
        "frac_H1_rej": 1.0
    },
    "baseline": {
        "frac_H1_rej": 0.42857142857142855
    }
}