{
    "increase_prev": {
        "pcurve": {
            "prevdiff_exp": 0.2952637183658457,
            "prevdiff_hdi": [
                -0.06034966075018999,
                0.6430376594408936
            ],
            "prevdiff_prob": 0.9368,
            "powdiff_exp": 0.17165449996811122,
            "powdiff_hdi": [
                -0.21958262204355916,
                0.49386837601212286
            ],
            "powdiff_prob": 0.815
        },
        "pval_group": 0.0068359375,
        "frac_H1_rej": 0.6
    },
    "increase_pow": {
        "pcurve": {
            "prevdiff_exp": 0.045520346305854706,
            "prevdiff_hdi": [
                -0.13025755290068491,
                0.24029564636163409
            ],
            "prevdiff_prob": 0.6912,
            "powdiff_exp": 0.3402414191931775,
            "powdiff_hdi": [
                0.0536798709189541,
                0.6231507062031626
            ],
            "powdiff_prob": 0.9852
        },
        "pval_group": 0.06640625,
        "frac_H1_rej": 1.0
    },
    "baseline": {
        "frac_H1_rej": 0.42857142857142855
    }
}