{
    "increase_prev": {
        "pcurve": {
            "prevdiff_exp": 0.31233684062964556,
            "prevdiff_hdi": [
                -0.020188163139519738,
                0.6122639860374105
            ],
            "prevdiff_prob": 0.9642,
            "powdiff_exp": -0.12916719029213358,
            "powdiff_hdi": [
                -0.44713948003216664,
                0.17057833176345027
            ],
            "powdiff_prob": 0.2196
        },
        "pval_group": 0.1298828125,
        "frac_H1_rej": 0.41379310344827586
    },
    "increase_pow": {
        "pcurve": {
            "prevdiff_exp": -0.017413404836227848,
            "prevdiff_hdi": [
                -0.1925742240080842,
                0.1591581227685455
            ],
            "prevdiff_prob": 0.4046,
            "powdiff_exp": 0.16734105056747384,
            "powdiff_hdi": [
                -0.10711682395407673,
                0.4257396231013554
            ],
            "powdiff_prob": 0.8868
        },
        "pval_group": 0.0400390625,
        "frac_H1_rej": 0.8
    },
    "baseline": {
        "frac_H1_rej": 0.5333333333333333
    }
}