{
    "increase_prev": {
        "pcurve": {
            "prevdiff_exp": 0.17600428431938822,
            "prevdiff_hdi": [
                -0.12462787454933724,
                0.5639420048076468
            ],
            "prevdiff_prob": 0.8288,
            "powdiff_exp": 0.2903089344437414,
            "powdiff_hdi": [
                -0.0018071822766889678,
                0.5347804785781389
            ],
            "powdiff_prob": 0.9686
        },
        "pval_group": 0.00390625,
        "frac_H1_rej": 0.6206896551724138
    },
    "increase_pow": {
        "pcurve": {
            "prevdiff_exp": -0.048587493429229175,
            "prevdiff_hdi": [
                -0.31646534948485294,
                0.1826689345165764
            ],
            "prevdiff_prob": 0.3516,
            "powdiff_exp": 0.42983437680685993,
            "powdiff_hdi": [
                0.16551274693753715,
                0.6928860024350548
            ],
            "powdiff_prob": 0.9966
        },
        "pval_group": 0.1220703125,
        "frac_H1_rej": 1.0
    },
    "baseline": {
        "frac_H1_rej": 0.35714285714285715
    }
}