{
    "increase_prev": {
        "pcurve": {
            "prevdiff_exp": 0.14197958492459387,
            "prevdiff_hdi": [
                -0.15808680319694415,
                0.49177804666714864
            ],
            "prevdiff_prob": 0.802,
            "powdiff_exp": 0.09193656260529671,
            "powdiff_hdi": [
                -0.1816154868054382,
                0.3548537606517769
            ],
            "powdiff_prob": 0.7536
        },
        "pval_group": 0.02734375,
        "frac_H1_rej": 0.4666666666666667
    },
    "increase_pow": {
        "pcurve": {
            "prevdiff_exp": -0.0582304143803922,
            "prevdiff_hdi": [
                -0.28543446368474507,
                0.14538359780247936
            ],
            "prevdiff_prob": 0.2826,
            "powdiff_exp": 0.285196029008886,
            "powdiff_hdi": [
                0.027434685000146897,
                0.5495455506499435
            ],
            "powdiff_prob": 0.9794
        },
        "pval_group": 0.1611328125,
        "frac_H1_rej": 1.0
    },
    "baseline": {
        "frac_H1_rej": 0.4666666666666667
    }
}