{
    "increase_prev": {
        "pcurve": {
            "prevdiff_exp": 0.42417049556969505,
            "prevdiff_hdi": [
                0.0025246349327237017,
                0.7825938260991597
            ],
            "prevdiff_prob": 0.9716,
            "powdiff_exp": 0.09093052106797127,
            "powdiff_hdi": [
                -0.32116742242083385,
                0.5142266500654735
            ],
            "powdiff_prob": 0.6656
        },
        "pval_group": 0.0244140625,
        "frac_H1_rej": 0.4827586206896552
    },
    "increase_pow": {
        "pcurve": {
            "prevdiff_exp": 0.17878493291366782,
            "prevdiff_hdi": [
                -0.115120435320123,
                0.5197877980743604
            ],
            "prevdiff_prob": 0.8708,
            "powdiff_exp": 0.2638549707043013,
            "powdiff_hdi": [
                -0.12907795810175593,
                0.628750442056252
            ],
            "powdiff_prob": 0.8922
        },
        "pval_group": 0.0185546875,
        "frac_H1_rej": 1.0
    },
    "baseline": {
        "frac_H1_rej": 0.4166666666666667
    }
}