{
    "increase_prev": {
        "pcurve": {
            "prevdiff_exp": 0.16559034036602027,
            "prevdiff_hdi": [
                -0.23441250852509965,
                0.6007180313007581
            ],
            "prevdiff_prob": 0.7768,
            "powdiff_exp": 0.07135719259710042,
            "powdiff_hdi": [
                -0.21860038799371329,
                0.3670268461929448
            ],
            "powdiff_prob": 0.7176
        },
        "pval_group": 0.0029296875,
        "frac_H1_rej": 0.37037037037037035
    },
    "increase_pow": {
        "pcurve": {
            "prevdiff_exp": 0.052351202872066356,
            "prevdiff_hdi": [
                -0.1869730685025363,
                0.30181465523939716
            ],
            "prevdiff_prob": 0.6836,
            "powdiff_exp": 0.4310300781915639,
            "powdiff_hdi": [
                0.17355655568463457,
                0.6772019648558024
            ],
            "powdiff_prob": 0.997
        },
        "pval_group": 0.0107421875,
        "frac_H1_rej": 1.0
    },
    "baseline": {
        "frac_H1_rej": 0.35714285714285715
    }
}