{
    "increase_prev": {
        "pcurve": {
            "prevdiff_exp": 0.12456203662429911,
            "prevdiff_hdi": [
                -0.12694206411923456,
                0.4514289177809428
            ],
            "prevdiff_prob": 0.8016,
            "powdiff_exp": 0.1979318129960008,
            "powdiff_hdi": [
                -0.033790323985462445,
                0.4220089260406205
            ],
            "powdiff_prob": 0.9434
        },
        "pval_group": 0.00390625,
        "frac_H1_rej": 0.4482758620689655
    },
    "increase_pow": {
        "pcurve": {
            "prevdiff_exp": -0.024392805597631996,
            "prevdiff_hdi": [
                -0.2762032262377611,
                0.21106273926925065
            ],
            "prevdiff_prob": 0.4336,
            "powdiff_exp": 0.2809069234471275,
            "powdiff_hdi": [
                0.009701584886360859,
                0.5581928399045639
            ],
            "powdiff_prob": 0.9724
        },
        "pval_group": 0.01953125,
        "frac_H1_rej": 1.0
    },
    "baseline": {
        "frac_H1_rej": 0.6666666666666666
    }
}