{
    "increase_prev": {
        "pcurve": {
            "prevdiff_exp": 0.1703085056213401,
            "prevdiff_hdi": [
                -0.19688114699514772,
                0.5845327998802566
            ],
            "prevdiff_prob": 0.7958,
            "powdiff_exp": 0.18422275557850126,
            "powdiff_hdi": [
                -0.11019930292184393,
                0.4531545440289353
            ],
            "powdiff_prob": 0.9016
        },
        "pval_group": 0.00390625,
        "frac_H1_rej": 0.4444444444444444
    },
    "increase_pow": {
        "pcurve": {
            "prevdiff_exp": -0.04779565020961195,
            "prevdiff_hdi": [
                -0.3334560556398429,
                0.19673624419632615
            ],
            "prevdiff_prob": 0.3736,
            "powdiff_exp": 0.37671737144136525,
            "powdiff_hdi": [
                0.07232878595010012,
                0.6647800397898656
            ],
            "powdiff_prob": 0.987
        },
        "pval_group": 0.017578125,
        "frac_H1_rej": 0.9166666666666666
    },
    "baseline": {
        "frac_H1_rej": 0.3333333333333333
    }
}