{
    "increase_prev": {
        "pcurve": {
            "prevdiff_exp": 0.19744836568826868,
            "prevdiff_hdi": [
                -0.1769529583803174,
                0.5445221493621725
            ],
            "prevdiff_prob": 0.8432,
            "powdiff_exp": -0.12110361123534807,
            "powdiff_hdi": [
                -0.44614877250102286,
                0.1499008087470734
            ],
            "powdiff_prob": 0.237
        },
        "pval_group": 0.0205078125,
        "frac_H1_rej": 0.27586206896551724
    },
    "increase_pow": {
        "pcurve": {
            "prevdiff_exp": -0.0012353958598452397,
            "prevdiff_hdi": [
                -0.22776371633650308,
                0.23042879175546177
            ],
            "prevdiff_prob": 0.468,
            "powdiff_exp": 0.23216517537259665,
            "powdiff_hdi": [
                -0.05965308643749989,
                0.499941377980066
            ],
            "powdiff_prob": 0.9372
        },
        "pval_group": 0.048828125,
        "frac_H1_rej": 0.9333333333333333
    },
    "baseline": {
        "frac_H1_rej": 0.6
    }
}