{
    "increase_prev": {
        "pcurve": {
            "prevdiff_exp": 0.20019697728208993,
            "prevdiff_hdi": [
                -0.15454561828928165,
                0.6431521436300962
            ],
            "prevdiff_prob": 0.8278,
            "powdiff_exp": 0.10615133750024806,
            "powdiff_hdi": [
                -0.1877662587255674,
                0.3573458195775428
            ],
            "powdiff_prob": 0.7984
        },
        "pval_group": 0.001953125,
        "frac_H1_rej": 0.36666666666666664
    },
    "increase_pow": {
        "pcurve": {
            "prevdiff_exp": 0.016416261120977424,
            "prevdiff_hdi": [
                -0.18898385615254448,
                0.2561795704839775
            ],
            "prevdiff_prob": 0.5658,
            "powdiff_exp": 0.38614586049620886,
            "powdiff_hdi": [
                0.11729790141453689,
                0.6416155018610257
            ],
            "powdiff_prob": 0.9954
        },
        "pval_group": 0.1123046875,
        "frac_H1_rej": 0.9166666666666666
    },
    "baseline": {
        "frac_H1_rej": 0.4166666666666667
    }
}