{
    "increase_prev": {
        "pcurve": {
            "prevdiff_exp": 0.2686662420108923,
            "prevdiff_hdi": [
                -0.0985729090076834,
                0.6327686905870985
            ],
            "prevdiff_prob": 0.9154,
            "powdiff_exp": -0.011603213351808864,
            "powdiff_hdi": [
                -0.3387246867855356,
                0.3108576207793996
            ],
            "powdiff_prob": 0.4894
        },
        "pval_group": 0.0615234375,
        "frac_H1_rej": 0.39285714285714285
    },
    "increase_pow": {
        "pcurve": {
            "prevdiff_exp": 0.02485852250214311,
            "prevdiff_hdi": [
                -0.16409007236101625,
                0.21187230656791287
            ],
            "prevdiff_prob": 0.606,
            "powdiff_exp": 0.2908330592182926,
            "powdiff_hdi": [
                0.015331446323859854,
                0.5425250810946913
            ],
            "powdiff_prob": 0.981
        },
        "pval_group": 0.126953125,
        "frac_H1_rej": 0.9333333333333333
    },
    "baseline": {
        "frac_H1_rej": 0.4666666666666667
    }
}