{
    "increase_prev": {
        "pcurve": {
            "prevdiff_exp": 0.18202629288848016,
            "prevdiff_hdi": [
                -0.17065892665827018,
                0.5372022076619685
            ],
            "prevdiff_prob": 0.8456,
            "powdiff_exp": 0.0673133552166516,
            "powdiff_hdi": [
                -0.2760238408438159,
                0.39055414614236217
            ],
            "powdiff_prob": 0.6576
        },
        "pval_group": 0.005859375,
        "frac_H1_rej": 0.5384615384615384
    },
    "increase_pow": {
        "pcurve": {
            "prevdiff_exp": 0.01096140774379965,
            "prevdiff_hdi": [
                -0.22996269528658525,
                0.2883744052378978
            ],
            "prevdiff_prob": 0.5126,
            "powdiff_exp": 0.2060820756047702,
            "powdiff_hdi": [
                -0.10718330700781986,
                0.48590569878085543
            ],
            "powdiff_prob": 0.908
        },
        "pval_group": 0.6650390625,
        "frac_H1_rej": 0.8461538461538461
    },
    "baseline": {
        "frac_H1_rej": 0.5384615384615384
    }
}