{
    "increase_prev": {
        "pcurve": {
            "prevdiff_exp": 0.2861091026022059,
            "prevdiff_hdi": [
                -0.10439160193563773,
                0.7112226705841178
            ],
            "prevdiff_prob": 0.9018,
            "powdiff_exp": 0.15987089255419784,
            "powdiff_hdi": [
                -0.15534437512141946,
                0.4457286656909348
            ],
            "powdiff_prob": 0.8524
        },
        "pval_group": 0.0087890625,
        "frac_H1_rej": 0.42857142857142855
    },
    "increase_pow": {
        "pcurve": {
            "prevdiff_exp": 0.021838608495325443,
            "prevdiff_hdi": [
                -0.21421969391390283,
                0.27692454991497834
            ],
            "prevdiff_prob": 0.5688,
            "powdiff_exp": 0.30877805651880597,
            "powdiff_hdi": [
                0.023405068257762673,
                0.6195336298233953
            ],
            "powdiff_prob": 0.9712
        },
        "pval_group": 0.0615234375,
        "frac_H1_rej": 1.0
    },
    "baseline": {
        "frac_H1_rej": 0.6666666666666666
    }
}