{
    "increase_prev": {
        "pcurve": {
            "prevdiff_exp": 0.3873455390380587,
            "prevdiff_hdi": [
                -0.10336095474928518,
                0.8607971231241502
            ],
            "prevdiff_prob": 0.9092,
            "powdiff_exp": 0.18219206707879163,
            "powdiff_hdi": [
                -0.3272213891158035,
                0.5132416601650993
            ],
            "powdiff_prob": 0.8302
        },
        "pval_group": 0.0029296875,
        "frac_H1_rej": 0.3448275862068966
    },
    "increase_pow": {
        "pcurve": {
            "prevdiff_exp": -0.0040873889918620265,
            "prevdiff_hdi": [
                -0.37816030945714024,
                0.3480056012819332
            ],
            "prevdiff_prob": 0.5424,
            "powdiff_exp": 0.3569398322704064,
            "powdiff_hdi": [
                -0.13329446347482998,
                0.8164392915394023
            ],
            "powdiff_prob": 0.9122
        },
        "pval_group": 0.6767578125,
        "frac_H1_rej": 0.8571428571428571
    },
    "baseline": {
        "frac_H1_rej": 0.2857142857142857
    }
}