{
    "increase_prev": {
        "pcurve": {
            "prevdiff_exp": 0.3653828167295518,
            "prevdiff_hdi": [
                -0.02027268136893104,
                0.7532994956563398
            ],
            "prevdiff_prob": 0.9532,
            "powdiff_exp": 0.0836706191983726,
            "powdiff_hdi": [
                -0.2962472352257872,
                0.4123701107136818
            ],
            "powdiff_prob": 0.7036
        },
        "pval_group": 0.005859375,
        "frac_H1_rej": 0.37037037037037035
    },
    "increase_pow": {
        "pcurve": {
            "prevdiff_exp": 0.03967734142747047,
            "prevdiff_hdi": [
                -0.17267190360115137,
                0.28903433159211345
            ],
            "prevdiff_prob": 0.6448,
            "powdiff_exp": 0.3370234598958259,
            "powdiff_hdi": [
                0.004043917190925117,
                0.6203844129603969
            ],
            "powdiff_prob": 0.9782
        },
        "pval_group": 0.0283203125,
        "frac_H1_rej": 1.0
    },
    "baseline": {
        "frac_H1_rej": 0.42857142857142855
    }
}