{
    "increase_prev": {
        "pcurve": {
            "prevdiff_exp": 0.2041832194628471,
            "prevdiff_hdi": [
                -0.12678732039231982,
                0.6541754997427766
            ],
            "prevdiff_prob": 0.843,
            "powdiff_exp": 0.16344616051837793,
            "powdiff_hdi": [
                -0.0958494637108806,
                0.4240797130997205
            ],
            "powdiff_prob": 0.895
        },
        "pval_group": 0.0205078125,
        "frac_H1_rej": 0.35714285714285715
    },
    "increase_pow": {
        "pcurve": {
            "prevdiff_exp": 0.0007730627331045121,
            "prevdiff_hdi": [
                -0.18675867436495047,
                0.17277098302146032
            ],
            "prevdiff_prob": 0.5118,
            "powdiff_exp": 0.36039058058661483,
            "powdiff_hdi": [
                0.09272884711710994,
                0.5877406996936398
            ],
            "powdiff_prob": 0.9946
        },
        "pval_group": 0.1552734375,
        "frac_H1_rej": 0.9333333333333333
    },
    "baseline": {
        "frac_H1_rej": 0.26666666666666666
    }
}