{
    "increase_prev": {
        "pcurve": {
            "prevdiff_exp": 0.1531993162292746,
            "prevdiff_hdi": [
                -0.24270617794662283,
                0.5193120147800796
            ],
            "prevdiff_prob": 0.7778,
            "powdiff_exp": 0.033516840292902375,
            "powdiff_hdi": [
                -0.27477480223418926,
                0.32928494114822415
            ],
            "powdiff_prob": 0.5968
        },
        "pval_group": 0.0283203125,
        "frac_H1_rej": 0.39285714285714285
    },
    "increase_pow": {
        "pcurve": {
            "prevdiff_exp": -0.018246043417149086,
            "prevdiff_hdi": [
                -0.23606780239439962,
                0.17831007553725264
            ],
            "prevdiff_prob": 0.4164,
            "powdiff_exp": 0.3376717823914467,
            "powdiff_hdi": [
                0.07722324969355454,
                0.5860561842485
            ],
            "powdiff_prob": 0.9924
        },
        "pval_group": 0.046875,
        "frac_H1_rej": 1.0
    },
    "baseline": {
        "frac_H1_rej": 0.4666666666666667
    }
}