{
    "increase_prev": {
        "pcurve": {
            "prevdiff_exp": 0.23437265598972434,
            "prevdiff_hdi": [
                -0.15338261257043845,
                0.6625206587209208
            ],
            "prevdiff_prob": 0.8624,
            "powdiff_exp": 0.07218776501182811,
            "powdiff_hdi": [
                -0.26281221495376156,
                0.3413351490220886
            ],
            "powdiff_prob": 0.7194
        },
        "pval_group": 0.0068359375,
        "frac_H1_rej": 0.3333333333333333
    },
    "increase_pow": {
        "pcurve": {
            "prevdiff_exp": -0.010694855813979885,
            "prevdiff_hdi": [
                -0.2215731871727905,
                0.16198478511559333
            ],
            "prevdiff_prob": 0.4692,
            "powdiff_exp": 0.3794335719418613,
            "powdiff_hdi": [
                0.07589397480157267,
                0.6697686386273315
            ],
            "powdiff_prob": 0.9924
        },
        "pval_group": 0.072265625,
        "frac_H1_rej": 0.9166666666666666
    },
    "baseline": {
        "frac_H1_rej": 0.5
    }
}