{
    "increase_prev": {
        "pcurve": {
            "prevdiff_exp": 0.2251693896405036,
            "prevdiff_hdi": [
                -0.0955721844188098,
                0.617301870719538
            ],
            "prevdiff_prob": 0.8898,
            "powdiff_exp": 0.22574656780362704,
            "powdiff_hdi": [
                -0.042957143275154874,
                0.47918517593351173
            ],
            "powdiff_prob": 0.938
        },
        "pval_group": 0.0029296875,
        "frac_H1_rej": 0.5862068965517241
    },
    "increase_pow": {
        "pcurve": {
            "prevdiff_exp": -0.060903756242588473,
            "prevdiff_hdi": [
                -0.3967339415467197,
                0.23686405222131895
            ],
            "prevdiff_prob": 0.3602,
            "powdiff_exp": 0.3893906272690989,
            "powdiff_hdi": [
                0.08457600289987155,
                0.6986821183636656
            ],
            "powdiff_prob": 0.9874
        },
        "pval_group": 0.1748046875,
        "frac_H1_rej": 0.9090909090909091
    },
    "baseline": {
        "frac_H1_rej": 0.45454545454545453
    }
}