{
    "increase_prev": {
        "pcurve": {
            "prevdiff_exp": 0.08166003825027773,
            "prevdiff_hdi": [
                -0.2280334673423125,
                0.40014369504202774
            ],
            "prevdiff_prob": 0.6964,
            "powdiff_exp": 0.19233283355751138,
            "powdiff_hdi": [
                -0.08208675201956672,
                0.46086622220001555
            ],
            "powdiff_prob": 0.9122
        },
        "pval_group": 0.0205078125,
        "frac_H1_rej": 0.48148148148148145
    },
    "increase_pow": {
        "pcurve": {
            "prevdiff_exp": 0.01554624567180785,
            "prevdiff_hdi": [
                -0.1775129456588284,
                0.21898544912701703
            ],
            "prevdiff_prob": 0.582,
            "powdiff_exp": 0.3313879382911783,
            "powdiff_hdi": [
                0.06524239989275071,
                0.5711368808749377
            ],
            "powdiff_prob": 0.9906
        },
        "pval_group": 0.0009765625,
        "frac_H1_rej": 1.0
    },
    "baseline": {
        "frac_H1_rej": 0.375
    }
}