{
    "increase_prev": {
        "pcurve": {
            "prevdiff_exp": 0.30082810385643544,
            "prevdiff_hdi": [
                -0.09616247787335007,
                0.7401188115783646
            ],
            "prevdiff_prob": 0.907,
            "powdiff_exp": 0.29590059519136347,
            "powdiff_hdi": [
                -0.012402841179654123,
                0.5594494223261618
            ],
            "powdiff_prob": 0.956
        },
        "pval_group": 0.0048828125,
        "frac_H1_rej": 0.5666666666666667
    },
    "increase_pow": {
        "pcurve": {
            "prevdiff_exp": 0.0034826479315090623,
            "prevdiff_hdi": [
                -0.2935161830092379,
                0.2659861403211719
            ],
            "prevdiff_prob": 0.5294,
            "powdiff_exp": 0.4243866394766794,
            "powdiff_hdi": [
                0.1447593049138896,
                0.7022141286199293
            ],
            "powdiff_prob": 0.9942
        },
        "pval_group": 0.06640625,
        "frac_H1_rej": 0.9166666666666666
    },
    "baseline": {
        "frac_H1_rej": 0.3333333333333333
    }
}