{
    "increase_prev": {
        "pcurve": {
            "prevdiff_exp": 0.12913809948702798,
            "prevdiff_hdi": [
                -0.2502066812326743,
                0.5031145709131848
            ],
            "prevdiff_prob": 0.741,
            "powdiff_exp": 0.06091741834263582,
            "powdiff_hdi": [
                -0.22319857732188791,
                0.3260510761920598
            ],
            "powdiff_prob": 0.6884
        },
        "pval_group": 0.0048828125,
        "frac_H1_rej": 0.3448275862068966
    },
    "increase_pow": {
        "pcurve": {
            "prevdiff_exp": -0.09882131017012202,
            "prevdiff_hdi": [
                -0.4164091968777356,
                0.22566441855323327
            ],
            "prevdiff_prob": 0.27,
            "powdiff_exp": 0.43909132328664885,
            "powdiff_hdi": [
                0.1636412159852605,
                0.6897174247503652
            ],
            "powdiff_prob": 0.997
        },
        "pval_group": 0.0029296875,
        "frac_H1_rej": 1.0
    },
    "baseline": {
        "frac_H1_rej": 0.46153846153846156
    }
}