{
    "increase_prev": {
        "pcurve": {
            "prevdiff_exp": 0.11396282805258313,
            "prevdiff_hdi": [
                -0.17110963349486727,
                0.47062944166220405
            ],
            "prevdiff_prob": 0.7448,
            "powdiff_exp": 0.15118300937709633,
            "powdiff_hdi": [
                -0.09527906832587196,
                0.39319690680002145
            ],
            "powdiff_prob": 0.8876
        },
        "pval_group": 0.001953125,
        "frac_H1_rej": 0.5517241379310345
    },
    "increase_pow": {
        "pcurve": {
            "prevdiff_exp": -0.0746745378531126,
            "prevdiff_hdi": [
                -0.3563227107840246,
                0.14941037087212383
            ],
            "prevdiff_prob": 0.2674,
            "powdiff_exp": 0.36222358809034055,
            "powdiff_hdi": [
                0.10674860016389454,
                0.6319688111125938
            ],
            "powdiff_prob": 0.9942
        },
        "pval_group": 0.7607421875,
        "frac_H1_rej": 1.0
    },
    "baseline": {
        "frac_H1_rej": 0.46153846153846156
    }
}