{
    "increase_prev": {
        "pcurve": {
            "prevdiff_exp": 0.18781151417601835,
            "prevdiff_hdi": [
                -0.2177186514968343,
                0.5951738384254099
            ],
            "prevdiff_prob": 0.8044,
            "powdiff_exp": 0.07540612855021725,
            "powdiff_hdi": [
                -0.2912828952952731,
                0.42706654935796623
            ],
            "powdiff_prob": 0.68
        },
        "pval_group": 0.046875,
        "frac_H1_rej": 0.39285714285714285
    },
    "increase_pow": {
        "pcurve": {
            "prevdiff_exp": 0.08326704334933295,
            "prevdiff_hdi": [
                -0.19447278485514347,
                0.40017321001987627
            ],
            "prevdiff_prob": 0.7208,
            "powdiff_exp": 0.1942643400181578,
            "powdiff_hdi": [
                -0.13967652770621974,
                0.5011686150049839
            ],
            "powdiff_prob": 0.8744
        },
        "pval_group": 0.546875,
        "frac_H1_rej": 0.9230769230769231
    },
    "baseline": {
        "frac_H1_rej": 0.5384615384615384
    }
}