{
    "increase_prev": {
        "pcurve": {
            "prevdiff_exp": 0.25695560611853996,
            "prevdiff_hdi": [
                -0.18148759934526404,
                0.6272114189677833
            ],
            "prevdiff_prob": 0.878,
            "powdiff_exp": 0.0188046360804764,
            "powdiff_hdi": [
                -0.3649629990246163,
                0.3626559892464133
            ],
            "powdiff_prob": 0.5786
        },
        "pval_group": 0.0185546875,
        "frac_H1_rej": 0.3103448275862069
    },
    "increase_pow": {
        "pcurve": {
            "prevdiff_exp": 0.08634356366300407,
            "prevdiff_hdi": [
                -0.22190493362289387,
                0.4340388837585794
            ],
            "prevdiff_prob": 0.7008,
            "powdiff_exp": 0.2769544837126505,
            "powdiff_hdi": [
                -0.09260124475997711,
                0.6312791281397659
            ],
            "powdiff_prob": 0.9172
        },
        "pval_group": 0.2158203125,
        "frac_H1_rej": 1.0
    },
    "baseline": {
        "frac_H1_rej": 0.5
    }
}