{
    "increase_prev": {
        "pcurve": {
            "prevdiff_exp": 0.2859596952534009,
            "prevdiff_hdi": [
                0.008556432523009944,
                0.5491553787010167
            ],
            "prevdiff_prob": 0.9794,
            "powdiff_exp": 0.01193140645880058,
            "powdiff_hdi": [
                -0.26295969815588094,
                0.2819551814678568
            ],
            "powdiff_prob": 0.5304
        },
        "pval_group": 0.0380859375,
        "frac_H1_rej": 0.6666666666666666
    },
    "increase_pow": {
        "pcurve": {
            "prevdiff_exp": 0.03440000076936287,
            "prevdiff_hdi": [
                -0.1451108879958511,
                0.22612917818241315
            ],
            "prevdiff_prob": 0.6436,
            "powdiff_exp": 0.20517043124281814,
            "powdiff_hdi": [
                -0.04422413178911777,
                0.4273848808233618
            ],
            "powdiff_prob": 0.9512
        },
        "pval_group": 0.5556640625,
        "frac_H1_rej": 1.0
    },
    "baseline": {
        "frac_H1_rej": 0.7058823529411765
    }
}