{
    "increase_prev": {
        "pcurve": {
            "prevdiff_exp": 0.4560172698318225,
            "prevdiff_hdi": [
                0.12107478311162115,
                0.78581637619374
            ],
            "prevdiff_prob": 0.9922,
            "powdiff_exp": -0.0033290619852189324,
            "powdiff_hdi": [
                -0.36359462041972557,
                0.33618070828527546
            ],
            "powdiff_prob": 0.493
        },
        "pval_group": 0.0224609375,
        "frac_H1_rej": 0.5172413793103449
    },
    "increase_pow": {
        "pcurve": {
            "prevdiff_exp": 0.008952622336494106,
            "prevdiff_hdi": [
                -0.16191292498827017,
                0.1678357369026076
            ],
            "prevdiff_prob": 0.5486,
            "powdiff_exp": 0.20391427441441773,
            "powdiff_hdi": [
                -0.09375750930266541,
                0.4953398313084098
            ],
            "powdiff_prob": 0.908
        },
        "pval_group": 0.498046875,
        "frac_H1_rej": 1.0
    },
    "baseline": {
        "frac_H1_rej": 0.8181818181818182
    }
}