{
    "increase_prev": {
        "pcurve": {
            "prevdiff_exp": 0.18115712289185235,
            "prevdiff_hdi": [
                -0.16644209862594556,
                0.5235357270990502
            ],
            "prevdiff_prob": 0.8442,
            "powdiff_exp": 0.03400798050980627,
            "powdiff_hdi": [
                -0.31193446201327113,
                0.36081524729720127
            ],
            "powdiff_prob": 0.5782
        },
        "pval_group": 0.2568359375,
        "frac_H1_rej": 0.5555555555555556
    },
    "increase_pow": {
        "pcurve": {
            "prevdiff_exp": 0.036868668912609454,
            "prevdiff_hdi": [
                -0.13523429407588683,
                0.21152218736907816
            ],
            "prevdiff_prob": 0.6672,
            "powdiff_exp": 0.18727045934044811,
            "powdiff_hdi": [
                -0.07562860300061092,
                0.4536478876687027
            ],
            "powdiff_prob": 0.9154
        },
        "pval_group": 0.541015625,
        "frac_H1_rej": 1.0
    },
    "baseline": {
        "frac_H1_rej": 0.7857142857142857
    }
}