{
    "increase_prev": {
        "pcurve": {
            "prevdiff_exp": 0.38630291315973875,
            "prevdiff_hdi": [
                -0.09328498360885379,
                0.840050575758603
            ],
            "prevdiff_prob": 0.9252,
            "powdiff_exp": 0.18255224183297342,
            "powdiff_hdi": [
                -0.19603039550208912,
                0.48534017390270684
            ],
            "powdiff_prob": 0.8728
        },
        "pval_group": 0.04296875,
        "frac_H1_rej": 0.32
    },
    "increase_pow": {
        "pcurve": {
            "prevdiff_exp": 0.03484614252413738,
            "prevdiff_hdi": [
                -0.20050319955245846,
                0.3096485977768648
            ],
            "prevdiff_prob": 0.6426,
            "powdiff_exp": 0.3752572920119196,
            "powdiff_hdi": [
                0.06311085697712049,
                0.7084906656237592
            ],
            "powdiff_prob": 0.9802
        },
        "pval_group": 0.580078125,
        "frac_H1_rej": 0.9
    },
    "baseline": {
        "frac_H1_rej": 0.3
    }
}