{
    "increase_prev": {
        "pcurve": {
            "prevdiff_exp": 0.2859411138703295,
            "prevdiff_hdi": [
                -0.06463383791206448,
                0.6672067474144194
            ],
            "prevdiff_prob": 0.9316,
            "powdiff_exp": 0.16357861850745822,
            "powdiff_hdi": [
                -0.15378756190205345,
                0.45272016886243616
            ],
            "powdiff_prob": 0.843
        },
        "pval_group": 0.033203125,
        "frac_H1_rej": 0.4642857142857143
    },
    "increase_pow": {
        "pcurve": {
            "prevdiff_exp": -0.035275038216585744,
            "prevdiff_hdi": [
                -0.3271079780293723,
                0.21300670979239056
            ],
            "prevdiff_prob": 0.3972,
            "powdiff_exp": 0.2944609408226113,
            "powdiff_hdi": [
                -0.021031608940828117,
                0.600561810734429
            ],
            "powdiff_prob": 0.9606
        },
        "pval_group": 0.4267578125,
        "frac_H1_rej": 0.9230769230769231
    },
    "baseline": {
        "frac_H1_rej": 0.38461538461538464
    }
}