{
    "increase_prev": {
        "pcurve": {
            "prevdiff_exp": 0.3372300772687375,
            "prevdiff_hdi": [
                -0.11281952677216195,
                0.7749843940372038
            ],
            "prevdiff_prob": 0.9118,
            "powdiff_exp": 0.1480607564390033,
            "powdiff_hdi": [
                -0.2057754880697804,
                0.43500333122687596
            ],
            "powdiff_prob": 0.8234
        },
        "pval_group": 0.0166015625,
        "frac_H1_rej": 0.3103448275862069
    },
    "increase_pow": {
        "pcurve": {
            "prevdiff_exp": 0.05828192867745627,
            "prevdiff_hdi": [
                -0.2418660721868847,
                0.4394511640092535
            ],
            "prevdiff_prob": 0.6312,
            "powdiff_exp": 0.4945967828750539,
            "powdiff_hdi": [
                0.21454949022759634,
                0.7414451138624853
            ],
            "powdiff_prob": 0.9964
        },
        "pval_group": 0.0576171875,
        "frac_H1_rej": 0.9333333333333333
    },
    "baseline": {
        "frac_H1_rej": 0.2
    }
}