{
    "increase_prev": {
        "pcurve": {
            "prevdiff_exp": 0.2905260044783778,
            "prevdiff_hdi": [
                -0.07597922919517361,
                0.6368889555961238
            ],
            "prevdiff_prob": 0.9336,
            "powdiff_exp": -0.10642869921941388,
            "powdiff_hdi": [
                -0.4650706108098206,
                0.25214194862703854
            ],
            "powdiff_prob": 0.3026
        },
        "pval_group": 0.0888671875,
        "frac_H1_rej": 0.37037037037037035
    },
    "increase_pow": {
        "pcurve": {
            "prevdiff_exp": 0.004419944585627649,
            "prevdiff_hdi": [
                -0.21512760249306734,
                0.2522513945876403
            ],
            "prevdiff_prob": 0.496,
            "powdiff_exp": 0.02072827168644037,
            "powdiff_hdi": [
                -0.32900925863218455,
                0.389611580974744
            ],
            "powdiff_prob": 0.5428
        },
        "pval_group": 0.0595703125,
        "frac_H1_rej": 0.8888888888888888
    },
    "baseline": {
        "frac_H1_rej": 0.6666666666666666
    }
}