{
    "increase_prev": {
        "pcurve": {
            "prevdiff_exp": 0.23095939167878587,
            "prevdiff_hdi": [
                -0.13107523860086734,
                0.574487873578395
            ],
            "prevdiff_prob": 0.8958,
            "powdiff_exp": -0.12576227158149736,
            "powdiff_hdi": [
                -0.46240185192827543,
                0.18293328825396787
            ],
            "powdiff_prob": 0.232
        },
        "pval_group": 0.0166015625,
        "frac_H1_rej": 0.36666666666666664
    },
    "increase_pow": {
        "pcurve": {
            "prevdiff_exp": 0.08211154240415454,
            "prevdiff_hdi": [
                -0.1963927621824557,
                0.3809295979455879
            ],
            "prevdiff_prob": 0.7062,
            "powdiff_exp": 0.17847001621638642,
            "powdiff_hdi": [
                -0.11638427459543432,
                0.49866585481942244
            ],
            "powdiff_prob": 0.8698
        },
        "pval_group": 0.00390625,
        "frac_H1_rej": 0.9333333333333333
    },
    "baseline": {
        "frac_H1_rej": 0.6
    }
}