{
    "increase_prev": {
        "pcurve": {
            "prevdiff_exp": 0.28464249523738216,
            "prevdiff_hdi": [
                -0.10165825501828733,
                0.6619332164195879
            ],
            "prevdiff_prob": 0.919,
            "powdiff_exp": 0.11438648428812048,
            "powdiff_hdi": [
                -0.218598791240871,
                0.4256449918363313
            ],
            "powdiff_prob": 0.7682
        },
        "pval_group": 0.0078125,
        "frac_H1_rej": 0.5
    },
    "increase_pow": {
        "pcurve": {
            "prevdiff_exp": -0.00497280408621209,
            "prevdiff_hdi": [
                -0.20502124428475418,
                0.19847151619735276
            ],
            "prevdiff_prob": 0.4708,
            "powdiff_exp": 0.33001870227654084,
            "powdiff_hdi": [
                0.04959459987148368,
                0.5974082835242548
            ],
            "powdiff_prob": 0.9854
        },
        "pval_group": 0.1064453125,
        "frac_H1_rej": 1.0
    },
    "baseline": {
        "frac_H1_rej": 0.5
    }
}