{
    "increase_prev": {
        "pcurve": {
            "prevdiff_exp": 0.2218478521461943,
            "prevdiff_hdi": [
                -0.17197021609779095,
                0.6365485533476841
            ],
            "prevdiff_prob": 0.8352,
            "powdiff_exp": 0.21653569575867063,
            "powdiff_hdi": [
                -0.1112457296634844,
                0.5305981284334575
            ],
            "powdiff_prob": 0.9016
        },
        "pval_group": 0.0107421875,
        "frac_H1_rej": 0.4827586206896552
    },
    "increase_pow": {
        "pcurve": {
            "prevdiff_exp": 0.021820921225318837,
            "prevdiff_hdi": [
                -0.16865044011364932,
                0.22225308595244558
            ],
            "prevdiff_prob": 0.5944,
            "powdiff_exp": 0.3858700254703883,
            "powdiff_hdi": [
                0.11706201155048268,
                0.6398225298107763
            ],
            "powdiff_prob": 0.9958
        },
        "pval_group": 0.1376953125,
        "frac_H1_rej": 1.0
    },
    "baseline": {
        "frac_H1_rej": 0.5
    }
}