{
    "increase_prev": {
        "pcurve": {
            "prevdiff_exp": 0.3439941616034338,
            "prevdiff_hdi": [
                -0.07103957487285772,
                0.7789995398777263
            ],
            "prevdiff_prob": 0.9266,
            "powdiff_exp": 0.05770715597279894,
            "powdiff_hdi": [
                -0.35292693370929484,
                0.3968881204265314
            ],
            "powdiff_prob": 0.6506
        },
        "pval_group": 0.0361328125,
        "frac_H1_rej": 0.3448275862068966
    },
    "increase_pow": {
        "pcurve": {
            "prevdiff_exp": 0.11860988789166217,
            "prevdiff_hdi": [
                -0.20634391105643626,
                0.4731928513556325
            ],
            "prevdiff_prob": 0.7678,
            "powdiff_exp": 0.37757016483359207,
            "powdiff_hdi": [
                0.01767673575163542,
                0.7211361056020926
            ],
            "powdiff_prob": 0.9642
        },
        "pval_group": 0.02734375,
        "frac_H1_rej": 0.9285714285714286
    },
    "baseline": {
        "frac_H1_rej": 0.2857142857142857
    }
}