{
    "increase_prev": {
        "pcurve": {
            "prevdiff_exp": 0.09192063288826618,
            "prevdiff_hdi": [
                -0.15938987670292828,
                0.38857985956790486
            ],
            "prevdiff_prob": 0.7642,
            "powdiff_exp": 0.09083780205469029,
            "powdiff_hdi": [
                -0.14559847713086227,
                0.3256691588221504
            ],
            "powdiff_prob": 0.7812
        },
        "pval_group": 0.013671875,
        "frac_H1_rej": 0.5714285714285714
    },
    "increase_pow": {
        "pcurve": {
            "prevdiff_exp": -0.062126306325006764,
            "prevdiff_hdi": [
                -0.3221583202821159,
                0.18328377774502894
            ],
            "prevdiff_prob": 0.315,
            "powdiff_exp": 0.3529042459540227,
            "powdiff_hdi": [
                0.10671018830974677,
                0.5934356518614742
            ],
            "powdiff_prob": 0.9962
        },
        "pval_group": 0.23046875,
        "frac_H1_rej": 1.0
    },
    "baseline": {
        "frac_H1_rej": 0.6666666666666666
    }
}