{
    "increase_prev": {
        "pcurve": {
            "prevdiff_exp": 0.33570773982818725,
            "prevdiff_hdi": [
                -0.055486447491700265,
                0.6953092580423379
            ],
            "prevdiff_prob": 0.952,
            "powdiff_exp": -0.02937264159963188,
            "powdiff_hdi": [
                -0.3848380027234607,
                0.30143179986552554
            ],
            "powdiff_prob": 0.46
        },
        "pval_group": 0.0595703125,
        "frac_H1_rej": 0.36666666666666664
    },
    "increase_pow": {
        "pcurve": {
            "prevdiff_exp": 0.03796448089926608,
            "prevdiff_hdi": [
                -0.25095974343216143,
                0.30450330769585576
            ],
            "prevdiff_prob": 0.6086,
            "powdiff_exp": 0.1964898200860839,
            "powdiff_hdi": [
                -0.16336168875099905,
                0.5212949203749915
            ],
            "powdiff_prob": 0.8646
        },
        "pval_group": 0.4990234375,
        "frac_H1_rej": 0.9166666666666666
    },
    "baseline": {
        "frac_H1_rej": 0.4166666666666667
    }
}