{
    "increase_prev": {
        "pcurve": {
            "prevdiff_exp": 0.15675457483590854,
            "prevdiff_hdi": [
                -0.13758560295123773,
                0.4874654548084118
            ],
            "prevdiff_prob": 0.8274,
            "powdiff_exp": 0.15036436356821775,
            "powdiff_hdi": [
                -0.16310662954151756,
                0.41059997090499056
            ],
            "powdiff_prob": 0.8522
        },
        "pval_group": 0.0126953125,
        "frac_H1_rej": 0.4827586206896552
    },
    "increase_pow": {
        "pcurve": {
            "prevdiff_exp": -0.010081136489436407,
            "prevdiff_hdi": [
                -0.22560111642815472,
                0.19471851493477732
            ],
            "prevdiff_prob": 0.4622,
            "powdiff_exp": 0.28426569579232663,
            "powdiff_hdi": [
                -0.002790172591162321,
                0.5510971265208107
            ],
            "powdiff_prob": 0.9702
        },
        "pval_group": 0.2314453125,
        "frac_H1_rej": 1.0
    },
    "baseline": {
        "frac_H1_rej": 0.4666666666666667
    }
}