{
    "increase_prev": {
        "pcurve": {
            "prevdiff_exp": 0.19561953535420898,
            "prevdiff_hdi": [
                -0.09309528307896815,
                0.5581210660257735
            ],
            "prevdiff_prob": 0.8822,
            "powdiff_exp": 0.23092395160777046,
            "powdiff_hdi": [
                -0.013644476200795341,
                0.47353409922121087
            ],
            "powdiff_prob": 0.956
        },
        "pval_group": 0.009765625,
        "frac_H1_rej": 0.5666666666666667
    },
    "increase_pow": {
        "pcurve": {
            "prevdiff_exp": -0.12485160526044131,
            "prevdiff_hdi": [
                -0.4692290553768894,
                0.19803274800199586
            ],
            "prevdiff_prob": 0.2234,
            "powdiff_exp": 0.32811501747931826,
            "powdiff_hdi": [
                0.003635179635836261,
                0.6130889246946798
            ],
            "powdiff_prob": 0.9726
        },
        "pval_group": 0.0517578125,
        "frac_H1_rej": 1.0
    },
    "baseline": {
        "frac_H1_rej": 0.45454545454545453
    }
}