{
    "increase_prev": {
        "pcurve": {
            "prevdiff_exp": 0.29153687844538984,
            "prevdiff_hdi": [
                -0.12151896604560598,
                0.7482250680955316
            ],
            "prevdiff_prob": 0.8872,
            "powdiff_exp": 0.21980580285863371,
            "powdiff_hdi": [
                -0.07398471034756593,
                0.4663399919866097
            ],
            "powdiff_prob": 0.9316
        },
        "pval_group": 0.01171875,
        "frac_H1_rej": 0.48148148148148145
    },
    "increase_pow": {
        "pcurve": {
            "prevdiff_exp": -0.02545166795207776,
            "prevdiff_hdi": [
                -0.420579393888488,
                0.345434603386683
            ],
            "prevdiff_prob": 0.4722,
            "powdiff_exp": 0.3873808420044673,
            "powdiff_hdi": [
                0.043932919179340724,
                0.7039218396468531
            ],
            "powdiff_prob": 0.9796
        },
        "pval_group": 0.009765625,
        "frac_H1_rej": 0.9
    },
    "baseline": {
        "frac_H1_rej": 0.4
    }
}