{
    "increase_prev": {
        "pcurve": {
            "prevdiff_exp": 0.3430434392073117,
            "prevdiff_hdi": [
                -0.03512132481673888,
                0.7216225202107353
            ],
            "prevdiff_prob": 0.9532,
            "powdiff_exp": 0.11250197229661614,
            "powdiff_hdi": [
                -0.2490897398788161,
                0.42114711211583356
            ],
            "powdiff_prob": 0.7546
        },
        "pval_group": 0.0390625,
        "frac_H1_rej": 0.3448275862068966
    },
    "increase_pow": {
        "pcurve": {
            "prevdiff_exp": 0.042864905830651626,
            "prevdiff_hdi": [
                -0.17378237493209306,
                0.31402388160253203
            ],
            "prevdiff_prob": 0.6418,
            "powdiff_exp": 0.3069323357009437,
            "powdiff_hdi": [
                0.004878473723165855,
                0.6018913242711896
            ],
            "powdiff_prob": 0.9654
        },
        "pval_group": 0.8310546875,
        "frac_H1_rej": 0.9285714285714286
    },
    "baseline": {
        "frac_H1_rej": 0.5714285714285714
    }
}