{
    "increase_prev": {
        "pcurve": {
            "prevdiff_exp": 0.17366663488313497,
            "prevdiff_hdi": [
                -0.2019918655211415,
                0.5695986592304383
            ],
            "prevdiff_prob": 0.8046,
            "powdiff_exp": 0.0405837247611301,
            "powdiff_hdi": [
                -0.31534132416767047,
                0.3738542038975247
            ],
            "powdiff_prob": 0.617
        },
        "pval_group": 0.017578125,
        "frac_H1_rej": 0.37037037037037035
    },
    "increase_pow": {
        "pcurve": {
            "prevdiff_exp": -0.07903445594888106,
            "prevdiff_hdi": [
                -0.4614443620667754,
                0.27104706756855984
            ],
            "prevdiff_prob": 0.3426,
            "powdiff_exp": 0.27759831947224073,
            "powdiff_hdi": [
                -0.10925930745291673,
                0.6262302286161275
            ],
            "powdiff_prob": 0.9156
        },
        "pval_group": 0.0693359375,
        "frac_H1_rej": 0.9090909090909091
    },
    "baseline": {
        "frac_H1_rej": 0.5454545454545454
    }
}