{
    "increase_prev": {
        "pcurve": {
            "prevdiff_exp": 0.29697233164841624,
            "prevdiff_hdi": [
                -0.08899114355669788,
                0.6619899401526274
            ],
            "prevdiff_prob": 0.9236,
            "powdiff_exp": 0.04174021664952683,
            "powdiff_hdi": [
                -0.30381119222540487,
                0.3232534516476291
            ],
            "powdiff_prob": 0.6304
        },
        "pval_group": 0.017578125,
        "frac_H1_rej": 0.27586206896551724
    },
    "increase_pow": {
        "pcurve": {
            "prevdiff_exp": -0.060817254669291616,
            "prevdiff_hdi": [
                -0.3299068408063364,
                0.20343537896160824
            ],
            "prevdiff_prob": 0.318,
            "powdiff_exp": 0.43120094800520137,
            "powdiff_hdi": [
                0.12796295544587732,
                0.7001291165983314
            ],
            "powdiff_prob": 0.9934
        },
        "pval_group": 0.392578125,
        "frac_H1_rej": 0.9166666666666666
    },
    "baseline": {
        "frac_H1_rej": 0.4166666666666667
    }
}