{
    "increase_prev": {
        "pcurve": {
            "prevdiff_exp": 0.1473448948839681,
            "prevdiff_hdi": [
                -0.17653750154968276,
                0.4898707693515335
            ],
            "prevdiff_prob": 0.7938,
            "powdiff_exp": 0.2054102250826629,
            "powdiff_hdi": [
                -0.03557649431158405,
                0.44471509522786135
            ],
            "powdiff_prob": 0.9464
        },
        "pval_group": 0.001953125,
        "frac_H1_rej": 0.4
    },
    "increase_pow": {
        "pcurve": {
            "prevdiff_exp": -0.026330078640203935,
            "prevdiff_hdi": [
                -0.2759193640170929,
                0.20314819346617677
            ],
            "prevdiff_prob": 0.406,
            "powdiff_exp": 0.41480472189106377,
            "powdiff_hdi": [
                0.1669923409530461,
                0.6592455231059424
            ],
            "powdiff_prob": 0.9984
        },
        "pval_group": 0.0625,
        "frac_H1_rej": 1.0
    },
    "baseline": {
        "frac_H1_rej": 0.375
    }
}