{
    "increase_prev": {
        "pcurve": {
            "prevdiff_exp": -0.07595627972535177,
            "prevdiff_hdi": [
                -0.4554659112097222,
                0.2990672683401159
            ],
            "prevdiff_prob": 0.3466,
            "powdiff_exp": 0.08969723700760729,
            "powdiff_hdi": [
                -0.195696927752953,
                0.38494430918885536
            ],
            "powdiff_prob": 0.7222
        },
        "pval_group": 0.048828125,
        "frac_H1_rej": 0.37037037037037035
    },
    "increase_pow": {
        "pcurve": {
            "prevdiff_exp": -0.04028322060526534,
            "prevdiff_hdi": [
                -0.2966053633958795,
                0.21232247998113424
            ],
            "prevdiff_prob": 0.3704,
            "powdiff_exp": 0.3990992265085806,
            "powdiff_hdi": [
                0.17980829296174938,
                0.6429747628227136
            ],
            "powdiff_prob": 0.999
        },
        "pval_group": 0.0498046875,
        "frac_H1_rej": 0.9411764705882353
    },
    "baseline": {
        "frac_H1_rej": 0.35294117647058826
    }
}