{
    "increase_prev": {
        "pcurve": {
            "prevdiff_exp": 0.21964303783359287,
            "prevdiff_hdi": [
                -0.11052018972660141,
                0.5488873265656349
            ],
            "prevdiff_prob": 0.9018,
            "powdiff_exp": -0.051001197025812545,
            "powdiff_hdi": [
                -0.3657832945271854,
                0.24870189811842813
            ],
            "powdiff_prob": 0.3768
        },
        "pval_group": 0.0771484375,
        "frac_H1_rej": 0.5185185185185185
    },
    "increase_pow": {
        "pcurve": {
            "prevdiff_exp": 0.03601610529130902,
            "prevdiff_hdi": [
                -0.18266662490775737,
                0.2952545708427231
            ],
            "prevdiff_prob": 0.602,
            "powdiff_exp": 0.23597853441703592,
            "powdiff_hdi": [
                -0.04772187485356949,
                0.5169572824796639
            ],
            "powdiff_prob": 0.942
        },
        "pval_group": 0.228515625,
        "frac_H1_rej": 0.9333333333333333
    },
    "baseline": {
        "frac_H1_rej": 0.6666666666666666
    }
}