{
    "increase_prev": {
        "pcurve": {
            "prevdiff_exp": 0.2711240853485445,
            "prevdiff_hdi": [
                -0.07058095037905306,
                0.672047471172263
            ],
            "prevdiff_prob": 0.9138,
            "powdiff_exp": 0.08425297009282856,
            "powdiff_hdi": [
                -0.2240491967534074,
                0.3966620412749906
            ],
            "powdiff_prob": 0.729
        },
        "pval_group": 0.015625,
        "frac_H1_rej": 0.4074074074074074
    },
    "increase_pow": {
        "pcurve": {
            "prevdiff_exp": 0.04612642867303047,
            "prevdiff_hdi": [
                -0.16959638780849884,
                0.3001571841000173
            ],
            "prevdiff_prob": 0.6458,
            "powdiff_exp": 0.30624252004752445,
            "powdiff_hdi": [
                0.048654992369675076,
                0.5898610317507713
            ],
            "powdiff_prob": 0.977
        },
        "pval_group": 0.025390625,
        "frac_H1_rej": 0.9333333333333333
    },
    "baseline": {
        "frac_H1_rej": 0.3333333333333333
    }
}