{
    "increase_prev": {
        "pcurve": {
            "prevdiff_exp": 0.17601946934354534,
            "prevdiff_hdi": [
                -0.17023746468608386,
                0.6069417399034353
            ],
            "prevdiff_prob": 0.793,
            "powdiff_exp": 0.19502748001620113,
            "powdiff_hdi": [
                -0.11562647846299023,
                0.4775281194605924
            ],
            "powdiff_prob": 0.891
        },
        "pval_group": 0.0107421875,
        "frac_H1_rej": 0.42857142857142855
    },
    "increase_pow": {
        "pcurve": {
            "prevdiff_exp": 0.026733226373334834,
            "prevdiff_hdi": [
                -0.23237661879417118,
                0.30658470994852494
            ],
            "prevdiff_prob": 0.5862,
            "powdiff_exp": 0.2853614434481905,
            "powdiff_hdi": [
                -0.04609708484929553,
                0.5749528436357791
            ],
            "powdiff_prob": 0.9536
        },
        "pval_group": 0.009765625,
        "frac_H1_rej": 0.9166666666666666
    },
    "baseline": {
        "frac_H1_rej": 0.5833333333333334
    }
}