{
    "increase_prev": {
        "pcurve": {
            "prevdiff_exp": 0.1532051544980242,
            "prevdiff_hdi": [
                -0.12441139252280886,
                0.5096687728861484
            ],
            "prevdiff_prob": 0.841,
            "powdiff_exp": 0.09218432974775483,
            "powdiff_hdi": [
                -0.17114973217166418,
                0.3349773927037255
            ],
            "powdiff_prob": 0.768
        },
        "pval_group": 0.0166015625,
        "frac_H1_rej": 0.36666666666666664
    },
    "increase_pow": {
        "pcurve": {
            "prevdiff_exp": 0.020517498807389824,
            "prevdiff_hdi": [
                -0.18627483923878219,
                0.25316627149092225
            ],
            "prevdiff_prob": 0.5924,
            "powdiff_exp": 0.3422743484182175,
            "powdiff_hdi": [
                0.07995007233154672,
                0.5889085379071435
            ],
            "powdiff_prob": 0.994
        },
        "pval_group": 0.005859375,
        "frac_H1_rej": 0.9411764705882353
    },
    "baseline": {
        "frac_H1_rej": 0.47058823529411764
    }
}