{
    "increase_prev": {
        "pcurve": {
            "prevdiff_exp": 0.23198992937411753,
            "prevdiff_hdi": [
                -0.10774164483006074,
                0.6392827834222155
            ],
            "prevdiff_prob": 0.8834,
            "powdiff_exp": 0.11815180257223454,
            "powdiff_hdi": [
                -0.22875595387223385,
                0.38644664002246604
            ],
            "powdiff_prob": 0.793
        },
        "pval_group": 0.013671875,
        "frac_H1_rej": 0.4074074074074074
    },
    "increase_pow": {
        "pcurve": {
            "prevdiff_exp": -0.0010716822769175423,
            "prevdiff_hdi": [
                -0.27742166943958185,
                0.2782005916412628
            ],
            "prevdiff_prob": 0.5138,
            "powdiff_exp": 0.37596427201288696,
            "powdiff_hdi": [
                0.06070413024012855,
                0.6822483286106551
            ],
            "powdiff_prob": 0.9802
        },
        "pval_group": 0.0908203125,
        "frac_H1_rej": 1.0
    },
    "baseline": {
        "frac_H1_rej": 0.5
    }
}