{
    "increase_prev": {
        "pcurve": {
            "prevdiff_exp": 0.16426442922771858,
            "prevdiff_hdi": [
                -0.12155416774099617,
                0.4857200492114403
            ],
            "prevdiff_prob": 0.8562,
            "powdiff_exp": 0.1742665690413397,
            "powdiff_hdi": [
                -0.10880447865448584,
                0.4225651185898668
            ],
            "powdiff_prob": 0.8968
        },
        "pval_group": 0.0009765625,
        "frac_H1_rej": 0.5333333333333333
    },
    "increase_pow": {
        "pcurve": {
            "prevdiff_exp": -0.030404860439159343,
            "prevdiff_hdi": [
                -0.24267705741834594,
                0.1664524512780717
            ],
            "prevdiff_prob": 0.3774,
            "powdiff_exp": 0.3453878119324675,
            "powdiff_hdi": [
                0.0986544154075284,
                0.5682904987562223
            ],
            "powdiff_prob": 0.9968
        },
        "pval_group": 0.04296875,
        "frac_H1_rej": 1.0
    },
    "baseline": {
        "frac_H1_rej": 0.47058823529411764
    }
}