{
    "increase_prev": {
        "pcurve": {
            "prevdiff_exp": 0.12334153660417528,
            "prevdiff_hdi": [
                -0.2447605070628756,
                0.5093405556104922
            ],
            "prevdiff_prob": 0.7214,
            "powdiff_exp": 0.24912554526968883,
            "powdiff_hdi": [
                -0.018869595290632424,
                0.49222251899243824
            ],
            "powdiff_prob": 0.9636
        },
        "pval_group": 0.005859375,
        "frac_H1_rej": 0.3793103448275862
    },
    "increase_pow": {
        "pcurve": {
            "prevdiff_exp": -0.11131518018898107,
            "prevdiff_hdi": [
                -0.4364026862377014,
                0.17181736445473664
            ],
            "prevdiff_prob": 0.2364,
            "powdiff_exp": 0.4479608052546322,
            "powdiff_hdi": [
                0.14618879127638756,
                0.7542704690397706
            ],
            "powdiff_prob": 0.994
        },
        "pval_group": 0.2353515625,
        "frac_H1_rej": 0.9090909090909091
    },
    "baseline": {
        "frac_H1_rej": 0.36363636363636365
    }
}