{
    "increase_prev": {
        "pcurve": {
            "prevdiff_exp": 0.42377213380669865,
            "prevdiff_hdi": [
                -0.06839564341974999,
                0.8533977312949963
            ],
            "prevdiff_prob": 0.9438,
            "powdiff_exp": 0.20282518500161512,
            "powdiff_hdi": [
                -0.3210371852147498,
                0.5191901262736361
            ],
            "powdiff_prob": 0.8532
        },
        "pval_group": 0.001953125,
        "frac_H1_rej": 0.4666666666666667
    },
    "increase_pow": {
        "pcurve": {
            "prevdiff_exp": 0.02586014707186594,
            "prevdiff_hdi": [
                -0.32386778591162607,
                0.3714951520944205
            ],
            "prevdiff_prob": 0.5744,
            "powdiff_exp": 0.4995686646364766,
            "powdiff_hdi": [
                0.14579411307151796,
                0.8131875428916434
            ],
            "powdiff_prob": 0.985
        },
        "pval_group": 0.0224609375,
        "frac_H1_rej": 0.9090909090909091
    },
    "baseline": {
        "frac_H1_rej": 0.2727272727272727
    }
}