{
    "increase_prev": {
        "pcurve": {
            "prevdiff_exp": 0.3474344056490198,
            "prevdiff_hdi": [
                -0.06569477895078596,
                0.8096327577611356
            ],
            "prevdiff_prob": 0.9324,
            "powdiff_exp": 0.2551386405055718,
            "powdiff_hdi": [
                -0.03691887398075966,
                0.5200252312945
            ],
            "powdiff_prob": 0.9442
        },
        "pval_group": 0.0009765625,
        "frac_H1_rej": 0.4666666666666667
    },
    "increase_pow": {
        "pcurve": {
            "prevdiff_exp": -0.00901377642602549,
            "prevdiff_hdi": [
                -0.2911571979343885,
                0.27073960703002364
            ],
            "prevdiff_prob": 0.5012,
            "powdiff_exp": 0.43530517202926006,
            "powdiff_hdi": [
                0.10841797187618751,
                0.7366343648672449
            ],
            "powdiff_prob": 0.9912
        },
        "pval_group": 0.1484375,
        "frac_H1_rej": 0.8333333333333334
    },
    "baseline": {
        "frac_H1_rej": 0.3333333333333333
    }
}