{
    "increase_prev": {
        "pcurve": {
            "prevdiff_exp": 0.3194844878104746,
            "prevdiff_hdi": [
                -0.04753125323469837,
                0.6805932318073353
            ],
            "prevdiff_prob": 0.9436,
            "powdiff_exp": 0.03574532620809496,
            "powdiff_hdi": [
                -0.3337167140997486,
                0.3678080067974825
            ],
            "powdiff_prob": 0.5952
        },
        "pval_group": 0.0087890625,
        "frac_H1_rej": 0.5357142857142857
    },
    "increase_pow": {
        "pcurve": {
            "prevdiff_exp": 0.016871673068751522,
            "prevdiff_hdi": [
                -0.21696724704622786,
                0.2815383132236689
            ],
            "prevdiff_prob": 0.5512,
            "powdiff_exp": 0.21422441637219208,
            "powdiff_hdi": [
                -0.11190485397253636,
                0.5224876577867641
            ],
            "powdiff_prob": 0.8972
        },
        "pval_group": 0.4150390625,
        "frac_H1_rej": 0.9166666666666666
    },
    "baseline": {
        "frac_H1_rej": 0.4166666666666667
    }
}