{
    "increase_prev": {
        "pcurve": {
            "prevdiff_exp": 0.21359837509935584,
            "prevdiff_hdi": [
                -0.0851453786151514,
                0.5621817355936932
            ],
            "prevdiff_prob": 0.8994,
            "powdiff_exp": 0.20566316469801627,
            "powdiff_hdi": [
                -0.060150690066210655,
                0.44470575453170214
            ],
            "powdiff_prob": 0.931
        },
        "pval_group": 0.0087890625,
        "frac_H1_rej": 0.4666666666666667
    },
    "increase_pow": {
        "pcurve": {
            "prevdiff_exp": 0.08905344355498632,
            "prevdiff_hdi": [
                -0.21278125525432542,
                0.4186133328195102
            ],
            "prevdiff_prob": 0.6922,
            "powdiff_exp": 0.4491599232821667,
            "powdiff_hdi": [
                0.1670342675479451,
                0.6706117228132313
            ],
            "powdiff_prob": 0.9976
        },
        "pval_group": 0.00390625,
        "frac_H1_rej": 1.0
    },
    "baseline": {
        "frac_H1_rej": 0.35
    }
}