{
    "increase_prev": {
        "pcurve": {
            "prevdiff_exp": 0.24704355434997197,
            "prevdiff_hdi": [
                -0.0987149534637985,
                0.7015616649113934
            ],
            "prevdiff_prob": 0.8804,
            "powdiff_exp": 0.2837165295160032,
            "powdiff_hdi": [
                0.006392680286017083,
                0.5241892982744587
            ],
            "powdiff_prob": 0.9676
        },
        "pval_group": 0.001953125,
        "frac_H1_rej": 0.6071428571428571
    },
    "increase_pow": {
        "pcurve": {
            "prevdiff_exp": -0.018606856710147286,
            "prevdiff_hdi": [
                -0.3965822304302284,
                0.3362723489355838
            ],
            "prevdiff_prob": 0.4588,
            "powdiff_exp": 0.4277670289378215,
            "powdiff_hdi": [
                0.12541219171876195,
                0.7227362180279394
            ],
            "powdiff_prob": 0.9902
        },
        "pval_group": 0.05078125,
        "frac_H1_rej": 0.9230769230769231
    },
    "baseline": {
        "frac_H1_rej": 0.3076923076923077
    }
}