{
    "increase_prev": {
        "pcurve": {
            "prevdiff_exp": 0.3028409719673834,
            "prevdiff_hdi": [
                -0.10943641003232535,
                0.7323691485093771
            ],
            "prevdiff_prob": 0.9042,
            "powdiff_exp": 0.12159981017696778,
            "powdiff_hdi": [
                -0.24978993851884146,
                0.4426665655181315
            ],
            "powdiff_prob": 0.7868
        },
        "pval_group": 0.0009765625,
        "frac_H1_rej": 0.43333333333333335
    },
    "increase_pow": {
        "pcurve": {
            "prevdiff_exp": 0.0013473835961076233,
            "prevdiff_hdi": [
                -0.25697998849765574,
                0.25528261026036975
            ],
            "prevdiff_prob": 0.5164,
            "powdiff_exp": 0.1697560244143578,
            "powdiff_hdi": [
                -0.18571730203664605,
                0.5059453572271476
            ],
            "powdiff_prob": 0.8364
        },
        "pval_group": 0.3857421875,
        "frac_H1_rej": 0.9090909090909091
    },
    "baseline": {
        "frac_H1_rej": 0.5454545454545454
    }
}