{
    "increase_prev": {
        "pcurve": {
            "prevdiff_exp": 0.21908931732297596,
            "prevdiff_hdi": [
                -0.120000939110494,
                0.6320353850992938
            ],
            "prevdiff_prob": 0.8634,
            "powdiff_exp": 0.21197417509972175,
            "powdiff_hdi": [
                -0.06702360346927011,
                0.4699810771688152
            ],
            "powdiff_prob": 0.9262
        },
        "pval_group": 0.005859375,
        "frac_H1_rej": 0.43333333333333335
    },
    "increase_pow": {
        "pcurve": {
            "prevdiff_exp": 0.029755962742025834,
            "prevdiff_hdi": [
                -0.2688643079913504,
                0.29388325371591584
            ],
            "prevdiff_prob": 0.6022,
            "powdiff_exp": 0.4452426378019116,
            "powdiff_hdi": [
                0.19029146169280797,
                0.6842929505399662
            ],
            "powdiff_prob": 0.9992
        },
        "pval_group": 0.0126953125,
        "frac_H1_rej": 1.0
    },
    "baseline": {
        "frac_H1_rej": 0.23529411764705882
    }
}