{
    "increase_prev": {
        "pcurve": {
            "prevdiff_exp": 0.3321478148351413,
            "prevdiff_hdi": [
                -0.1323513282910161,
                0.8093487500714506
            ],
            "prevdiff_prob": 0.8832,
            "powdiff_exp": 0.21417697069835703,
            "powdiff_hdi": [
                -0.22250029074608874,
                0.5750880850868825
            ],
            "powdiff_prob": 0.8662
        },
        "pval_group": 0.0048828125,
        "frac_H1_rej": 0.4074074074074074
    },
    "increase_pow": {
        "pcurve": {
            "prevdiff_exp": -0.04784448821666476,
            "prevdiff_hdi": [
                -0.4260975433130964,
                0.2601870645702272
            ],
            "prevdiff_prob": 0.3974,
            "powdiff_exp": 0.3384060625665068,
            "powdiff_hdi": [
                -0.10019397680800357,
                0.7559978210462037
            ],
            "powdiff_prob": 0.9198
        },
        "pval_group": 0.2021484375,
        "frac_H1_rej": 1.0
    },
    "baseline": {
        "frac_H1_rej": 0.3333333333333333
    }
}