{
    "increase_prev": {
        "pcurve": {
            "prevdiff_exp": 0.21447948780546822,
            "prevdiff_hdi": [
                -0.0690377057549326,
                0.5075612089737095
            ],
            "prevdiff_prob": 0.9328,
            "powdiff_exp": -0.026722061705882334,
            "powdiff_hdi": [
                -0.2929493572545441,
                0.26181206005138424
            ],
            "powdiff_prob": 0.4228
        },
        "pval_group": 0.28515625,
        "frac_H1_rej": 0.4482758620689655
    },
    "increase_pow": {
        "pcurve": {
            "prevdiff_exp": 0.045940935110048216,
            "prevdiff_hdi": [
                -0.15886744947632703,
                0.2946815291066806
            ],
            "prevdiff_prob": 0.6544,
            "powdiff_exp": 0.20178812403965832,
            "powdiff_hdi": [
                -0.055349368508498475,
                0.4556905616842058
            ],
            "powdiff_prob": 0.9344
        },
        "pval_group": 0.05859375,
        "frac_H1_rej": 0.8947368421052632
    },
    "baseline": {
        "frac_H1_rej": 0.5789473684210527
    }
}