{
    "increase_prev": {
        "pcurve": {
            "prevdiff_exp": 0.5352058131784911,
            "prevdiff_hdi": [
                0.16269996838830683,
                0.8486038302324681
            ],
            "prevdiff_prob": 0.9934,
            "powdiff_exp": 0.03959747386833091,
            "powdiff_hdi": [
                -0.38361696912262133,
                0.4535631819860705
            ],
            "powdiff_prob": 0.5702
        },
        "pval_group": 0.0126953125,
        "frac_H1_rej": 0.5185185185185185
    },
    "increase_pow": {
        "pcurve": {
            "prevdiff_exp": 0.02553086998115975,
            "prevdiff_hdi": [
                -0.13880899403784477,
                0.19678299495660506
            ],
            "prevdiff_prob": 0.6246,
            "powdiff_exp": 0.2800643709851857,
            "powdiff_hdi": [
                -0.025545103435746896,
                0.6034278080727953
            ],
            "powdiff_prob": 0.9586
        },
        "pval_group": 0.56640625,
        "frac_H1_rej": 1.0
    },
    "baseline": {
        "frac_H1_rej": 0.5
    }
}