{
    "increase_prev": {
        "pcurve": {
            "prevdiff_exp": 0.18746610531436209,
            "prevdiff_hdi": [
                -0.18930779335289394,
                0.595782870589662
            ],
            "prevdiff_prob": 0.8068,
            "powdiff_exp": 0.13836724519050025,
            "powdiff_hdi": [
                -0.1913664012500909,
                0.40764817408227594
            ],
            "powdiff_prob": 0.8248
        },
        "pval_group": 0.0283203125,
        "frac_H1_rej": 0.43333333333333335
    },
    "increase_pow": {
        "pcurve": {
            "prevdiff_exp": 0.0276276756755767,
            "prevdiff_hdi": [
                -0.19556910684097772,
                0.29284043577020175
            ],
            "prevdiff_prob": 0.5926,
            "powdiff_exp": 0.38643404948001714,
            "powdiff_hdi": [
                0.12632484794615673,
                0.6158875688113808
            ],
            "powdiff_prob": 0.9962
        },
        "pval_group": 0.033203125,
        "frac_H1_rej": 0.9411764705882353
    },
    "baseline": {
        "frac_H1_rej": 0.4117647058823529
    }
}