{
    "increase_prev": {
        "pcurve": {
            "prevdiff_exp": 0.1869558652814012,
            "prevdiff_hdi": [
                -0.21974312949201363,
                0.563802897606771
            ],
            "prevdiff_prob": 0.8214,
            "powdiff_exp": 0.14457641634954377,
            "powdiff_hdi": [
                -0.17367810806867595,
                0.43493546896680724
            ],
            "powdiff_prob": 0.8346
        },
        "pval_group": 0.0146484375,
        "frac_H1_rej": 0.43333333333333335
    },
    "increase_pow": {
        "pcurve": {
            "prevdiff_exp": -0.00602699260418222,
            "prevdiff_hdi": [
                -0.20067402364671086,
                0.18034080853033843
            ],
            "prevdiff_prob": 0.4666,
            "powdiff_exp": 0.4469346560904707,
            "powdiff_hdi": [
                0.21192166452044403,
                0.677900218216274
            ],
            "powdiff_prob": 0.9992
        },
        "pval_group": 0.001953125,
        "frac_H1_rej": 1.0
    },
    "baseline": {
        "frac_H1_rej": 0.375
    }
}