{
    "increase_prev": {
        "pcurve": {
            "prevdiff_exp": 0.10289754544440131,
            "prevdiff_hdi": [
                -0.1713077992372607,
                0.3825920902829273
            ],
            "prevdiff_prob": 0.7748,
            "powdiff_exp": 0.07329326623196261,
            "powdiff_hdi": [
                -0.18452852019596788,
                0.31408182466712375
            ],
            "powdiff_prob": 0.7204
        },
        "pval_group": 0.0341796875,
        "frac_H1_rej": 0.6071428571428571
    },
    "increase_pow": {
        "pcurve": {
            "prevdiff_exp": -0.018368139794211556,
            "prevdiff_hdi": [
                -0.2913303091219036,
                0.25129964465376786
            ],
            "prevdiff_prob": 0.4392,
            "powdiff_exp": 0.19700747673083782,
            "powdiff_hdi": [
                -0.07310959887529378,
                0.46111715979102885
            ],
            "powdiff_prob": 0.9244
        },
        "pval_group": 0.2490234375,
        "frac_H1_rej": 0.9333333333333333
    },
    "baseline": {
        "frac_H1_rej": 0.5333333333333333
    }
}