{
    "increase_prev": {
        "pcurve": {
            "prevdiff_exp": -0.006741484052043063,
            "prevdiff_hdi": [
                -0.3444727124745002,
                0.3386737996956902
            ],
            "prevdiff_prob": 0.4744,
            "powdiff_exp": 0.08189596820454412,
            "powdiff_hdi": [
                -0.19220277827061555,
                0.3645429554446729
            ],
            "powdiff_prob": 0.7178
        },
        "pval_group": 0.1748046875,
        "frac_H1_rej": 0.4
    },
    "increase_pow": {
        "pcurve": {
            "prevdiff_exp": -0.08846416360245928,
            "prevdiff_hdi": [
                -0.39363784373288263,
                0.12132086305321657
            ],
            "prevdiff_prob": 0.2476,
            "powdiff_exp": 0.2570882198000814,
            "powdiff_hdi": [
                -0.030756334892747816,
                0.5493825885827825
            ],
            "powdiff_prob": 0.9502
        },
        "pval_group": 0.416015625,
        "frac_H1_rej": 0.9230769230769231
    },
    "baseline": {
        "frac_H1_rej": 0.6153846153846154
    }
}