{
    "increase_prev": {
        "pcurve": {
            "prevdiff_exp": 0.23710818902639544,
            "prevdiff_hdi": [
                -0.09238510195885882,
                0.6039894875940414
            ],
            "prevdiff_prob": 0.8992,
            "powdiff_exp": -0.06414052992154522,
            "powdiff_hdi": [
                -0.38621535038494836,
                0.2219684328424092
            ],
            "powdiff_prob": 0.3706
        },
        "pval_group": 0.1298828125,
        "frac_H1_rej": 0.37037037037037035
    },
    "increase_pow": {
        "pcurve": {
            "prevdiff_exp": 0.0014973109959013002,
            "prevdiff_hdi": [
                -0.16429797840947824,
                0.176795344609637
            ],
            "prevdiff_prob": 0.5004,
            "powdiff_exp": 0.2352263405683164,
            "powdiff_hdi": [
                -0.04245113823282176,
                0.5075297979946238
            ],
            "powdiff_prob": 0.9518
        },
        "pval_group": 0.091796875,
        "frac_H1_rej": 0.9285714285714286
    },
    "baseline": {
        "frac_H1_rej": 0.6428571428571429
    }
}