{
    "increase_prev": {
        "pcurve": {
            "prevdiff_exp": 0.14142154402019144,
            "prevdiff_hdi": [
                -0.2019777021005529,
                0.5110725845437551
            ],
            "prevdiff_prob": 0.7648,
            "powdiff_exp": 0.09777613217752702,
            "powdiff_hdi": [
                -0.20036759190520292,
                0.3586844378068607
            ],
            "powdiff_prob": 0.764
        },
        "pval_group": 0.0693359375,
        "frac_H1_rej": 0.4444444444444444
    },
    "increase_pow": {
        "pcurve": {
            "prevdiff_exp": -0.01056074928025071,
            "prevdiff_hdi": [
                -0.20926186198647223,
                0.198393048428067
            ],
            "prevdiff_prob": 0.4546,
            "powdiff_exp": 0.3224700397704939,
            "powdiff_hdi": [
                0.06626161757886406,
                0.5810119887606541
            ],
            "powdiff_prob": 0.9894
        },
        "pval_group": 0.376953125,
        "frac_H1_rej": 0.9285714285714286
    },
    "baseline": {
        "frac_H1_rej": 0.5714285714285714
    }
}