{
    "increase_prev": {
        "pcurve": {
            "prevdiff_exp": 0.23046754179985415,
            "prevdiff_hdi": [
                -0.14478111115107173,
                0.6108077286242063
            ],
            "prevdiff_prob": 0.8796,
            "powdiff_exp": -0.06506939439635602,
            "powdiff_hdi": [
                -0.39242063227534457,
                0.24462417335268571
            ],
            "powdiff_prob": 0.359
        },
        "pval_group": 0.3154296875,
        "frac_H1_rej": 0.34615384615384615
    },
    "increase_pow": {
        "pcurve": {
            "prevdiff_exp": 0.014636722028031488,
            "prevdiff_hdi": [
                -0.1990104906091522,
                0.23396186700929525
            ],
            "prevdiff_prob": 0.5484,
            "powdiff_exp": 0.34627944682643014,
            "powdiff_hdi": [
                0.08188114611788033,
                0.6150788884593716
            ],
            "powdiff_prob": 0.9892
        },
        "pval_group": 0.0458984375,
        "frac_H1_rej": 1.0
    },
    "baseline": {
        "frac_H1_rej": 0.5333333333333333
    }
}