{
    "increase_prev": {
        "pcurve": {
            "prevdiff_exp": 0.3190350230779465,
            "prevdiff_hdi": [
                -0.014639315731856659,
                0.6352850351942861
            ],
            "prevdiff_prob": 0.9672,
            "powdiff_exp": 0.08498009979936089,
            "powdiff_hdi": [
                -0.2338218110578189,
                0.4034834700763043
            ],
            "powdiff_prob": 0.6996
        },
        "pval_group": 0.0068359375,
        "frac_H1_rej": 0.6896551724137931
    },
    "increase_pow": {
        "pcurve": {
            "prevdiff_exp": -0.009129784712494373,
            "prevdiff_hdi": [
                -0.1836270063834868,
                0.16823901295391297
            ],
            "prevdiff_prob": 0.4686,
            "powdiff_exp": 0.14972603544016433,
            "powdiff_hdi": [
                -0.14144674518094769,
                0.4582224057153102
            ],
            "powdiff_prob": 0.8362
        },
        "pval_group": 0.3076171875,
        "frac_H1_rej": 0.9090909090909091
    },
    "baseline": {
        "frac_H1_rej": 0.7272727272727273
    }
}