{
    "increase_prev": {
        "pcurve": {
            "prevdiff_exp": 0.33864508822575223,
            "prevdiff_hdi": [
                -0.03182062650916287,
                0.7321391476981081
            ],
            "prevdiff_prob": 0.9516,
            "powdiff_exp": 0.10193687072295718,
            "powdiff_hdi": [
                -0.23011798401884537,
                0.40799536265922864
            ],
            "powdiff_prob": 0.747
        },
        "pval_group": 0.0068359375,
        "frac_H1_rej": 0.39285714285714285
    },
    "increase_pow": {
        "pcurve": {
            "prevdiff_exp": 0.05380883445458061,
            "prevdiff_hdi": [
                -0.1542560140312829,
                0.3052117895373664
            ],
            "prevdiff_prob": 0.6776,
            "powdiff_exp": 0.36344913487012703,
            "powdiff_hdi": [
                0.07820846664679659,
                0.6388633875340155
            ],
            "powdiff_prob": 0.9878
        },
        "pval_group": 0.015625,
        "frac_H1_rej": 0.9333333333333333
    },
    "baseline": {
        "frac_H1_rej": 0.4666666666666667
    }
}