{
    "increase_prev": {
        "pcurve": {
            "prevdiff_exp": 0.2451451403981792,
            "prevdiff_hdi": [
                -0.020515714391472983,
                0.5154133044551283
            ],
            "prevdiff_prob": 0.9692,
            "powdiff_exp": 0.054923050918307195,
            "powdiff_hdi": [
                -0.21506948515881397,
                0.30324948879859737
            ],
            "powdiff_prob": 0.6628
        },
        "pval_group": 0.0693359375,
        "frac_H1_rej": 0.5517241379310345
    },
    "increase_pow": {
        "pcurve": {
            "prevdiff_exp": 0.004253323295636508,
            "prevdiff_hdi": [
                -0.16096518913096242,
                0.19886228915885093
            ],
            "prevdiff_prob": 0.5182,
            "powdiff_exp": 0.1765340035350617,
            "powdiff_hdi": [
                -0.0729134563329602,
                0.423147339603057
            ],
            "powdiff_prob": 0.9174
        },
        "pval_group": 0.2314453125,
        "frac_H1_rej": 1.0
    },
    "baseline": {
        "frac_H1_rej": 0.6666666666666666
    }
}