{
    "increase_prev": {
        "pcurve": {
            "prevdiff_exp": 0.24981544140827283,
            "prevdiff_hdi": [
                -0.13791369033877687,
                0.6630667502509904
            ],
            "prevdiff_prob": 0.875,
            "powdiff_exp": 0.03319480933706552,
            "powdiff_hdi": [
                -0.33151312639204245,
                0.35281563020688017
            ],
            "powdiff_prob": 0.6012
        },
        "pval_group": 0.0107421875,
        "frac_H1_rej": 0.42857142857142855
    },
    "increase_pow": {
        "pcurve": {
            "prevdiff_exp": 0.010532552422543221,
            "prevdiff_hdi": [
                -0.23051953067705375,
                0.23418904512528715
            ],
            "prevdiff_prob": 0.5502,
            "powdiff_exp": 0.27297073336395705,
            "powdiff_hdi": [
                -0.05210231154132505,
                0.5744015221445034
            ],
            "powdiff_prob": 0.9472
        },
        "pval_group": 0.470703125,
        "frac_H1_rej": 1.0
    },
    "baseline": {
        "frac_H1_rej": 0.5454545454545454
    }
}