{
    "increase_prev": {
        "pcurve": {
            "prevdiff_exp": 0.2138674835973605,
            "prevdiff_hdi": [
                -0.11317291738124222,
                0.5828411921300377
            ],
            "prevdiff_prob": 0.886,
            "powdiff_exp": 0.06101022344563548,
            "powdiff_hdi": [
                -0.22250767917278014,
                0.32709855108404007
            ],
            "powdiff_prob": 0.684
        },
        "pval_group": 0.083984375,
        "frac_H1_rej": 0.3793103448275862
    },
    "increase_pow": {
        "pcurve": {
            "prevdiff_exp": -0.029236036885627596,
            "prevdiff_hdi": [
                -0.27479665006317167,
                0.18920636850548717
            ],
            "prevdiff_prob": 0.4146,
            "powdiff_exp": 0.2989329417551261,
            "powdiff_hdi": [
                0.001187691025028581,
                0.5688690424988597
            ],
            "powdiff_prob": 0.9736
        },
        "pval_group": 0.2099609375,
        "frac_H1_rej": 0.9230769230769231
    },
    "baseline": {
        "frac_H1_rej": 0.6153846153846154
    }
}