{
    "increase_prev": {
        "pcurve": {
            "prevdiff_exp": 0.09427438018017935,
            "prevdiff_hdi": [
                -0.14032122911868136,
                0.42791655335966583
            ],
            "prevdiff_prob": 0.7346,
            "powdiff_exp": 0.1964268515583699,
            "powdiff_hdi": [
                -0.04461851729591837,
                0.4261329568104623
            ],
            "powdiff_prob": 0.9486
        },
        "pval_group": 0.0107421875,
        "frac_H1_rej": 0.5172413793103449
    },
    "increase_pow": {
        "pcurve": {
            "prevdiff_exp": -0.08658211587992858,
            "prevdiff_hdi": [
                -0.374014871004932,
                0.1646727695268102
            ],
            "prevdiff_prob": 0.2516,
            "powdiff_exp": 0.4480612316500066,
            "powdiff_hdi": [
                0.2176395601125951,
                0.6714740168517794
            ],
            "powdiff_prob": 0.9994
        },
        "pval_group": 0.0048828125,
        "frac_H1_rej": 0.9411764705882353
    },
    "baseline": {
        "frac_H1_rej": 0.23529411764705882
    }
}