{
    "increase_prev": {
        "pcurve": {
            "prevdiff_exp": 0.30878770155355123,
            "prevdiff_hdi": [
                -0.04498679123157137,
                0.6280906708597367
            ],
            "prevdiff_prob": 0.9566,
            "powdiff_exp": -0.008838352663863432,
            "powdiff_hdi": [
                -0.3394975726240294,
                0.28435961046210023
            ],
            "powdiff_prob": 0.4898
        },
        "pval_group": 0.0107421875,
        "frac_H1_rej": 0.35714285714285715
    },
    "increase_pow": {
        "pcurve": {
            "prevdiff_exp": 0.04494444213606306,
            "prevdiff_hdi": [
                -0.12321464557438061,
                0.23775283685064447
            ],
            "prevdiff_prob": 0.7036,
            "powdiff_exp": 0.2833264189624305,
            "powdiff_hdi": [
                0.00885432260535468,
                0.5537847220512944
            ],
            "powdiff_prob": 0.9772
        },
        "pval_group": 0.044921875,
        "frac_H1_rej": 0.9333333333333333
    },
    "baseline": {
        "frac_H1_rej": 0.6666666666666666
    }
}