{
    "increase_prev": {
        "pcurve": {
            "prevdiff_exp": 0.414999848393138,
            "prevdiff_hdi": [
                0.04365193568037773,
                0.7539393733952288
            ],
            "prevdiff_prob": 0.9848,
            "powdiff_exp": 0.12856327938383041,
            "powdiff_hdi": [
                -0.2229960468456545,
                0.4424296633041186
            ],
            "powdiff_prob": 0.776
        },
        "pval_group": 0.017578125,
        "frac_H1_rej": 0.5
    },
    "increase_pow": {
        "pcurve": {
            "prevdiff_exp": 0.07562523802824012,
            "prevdiff_hdi": [
                -0.24981926619899142,
                0.38447212300914235
            ],
            "prevdiff_prob": 0.684,
            "powdiff_exp": 0.28163150807505,
            "powdiff_hdi": [
                -0.07293181136520344,
                0.5990179415356294
            ],
            "powdiff_prob": 0.9336
        },
        "pval_group": 0.146484375,
        "frac_H1_rej": 1.0
    },
    "baseline": {
        "frac_H1_rej": 0.4166666666666667
    }
}