{
    "increase_prev": {
        "pcurve": {
            "prevdiff_exp": 0.20804979934486373,
            "prevdiff_hdi": [
                -0.09898041622513229,
                0.5669602560038033
            ],
            "prevdiff_prob": 0.8966,
            "powdiff_exp": 0.2046943573959136,
            "powdiff_hdi": [
                -0.053615152352123274,
                0.44819642320873837
            ],
            "powdiff_prob": 0.9392
        },
        "pval_group": 0.046875,
        "frac_H1_rej": 0.5172413793103449
    },
    "increase_pow": {
        "pcurve": {
            "prevdiff_exp": 0.0028878373020989074,
            "prevdiff_hdi": [
                -0.2609779933304451,
                0.27603477936817045
            ],
            "prevdiff_prob": 0.4988,
            "powdiff_exp": 0.4135859204636008,
            "powdiff_hdi": [
                0.17336826291668062,
                0.6538244234638181
            ],
            "powdiff_prob": 0.9988
        },
        "pval_group": 0.0234375,
        "frac_H1_rej": 0.9444444444444444
    },
    "baseline": {
        "frac_H1_rej": 0.2777777777777778
    }
}