{
    "increase_prev": {
        "pcurve": {
            "prevdiff_exp": 0.11863781458664355,
            "prevdiff_hdi": [
                -0.25850786436620143,
                0.4877766883402035
            ],
            "prevdiff_prob": 0.7336,
            "powdiff_exp": 0.1357584792753582,
            "powdiff_hdi": [
                -0.22800836855127676,
                0.4743734019940138
            ],
            "powdiff_prob": 0.7946
        },
        "pval_group": 0.072265625,
        "frac_H1_rej": 0.48148148148148145
    },
    "increase_pow": {
        "pcurve": {
            "prevdiff_exp": 0.014474497996513663,
            "prevdiff_hdi": [
                -0.19172015110261248,
                0.20130609977334657
            ],
            "prevdiff_prob": 0.562,
            "powdiff_exp": 0.23578232475720898,
            "powdiff_hdi": [
                -0.05294027586111749,
                0.5171126988615258
            ],
            "powdiff_prob": 0.9438
        },
        "pval_group": 0.1953125,
        "frac_H1_rej": 1.0
    },
    "baseline": {
        "frac_H1_rej": 0.5
    }
}