{
    "increase_prev": {
        "pcurve": {
            "prevdiff_exp": 0.33681709308202384,
            "prevdiff_hdi": [
                -0.048192590789927034,
                0.7245587716560034
            ],
            "prevdiff_prob": 0.9432,
            "powdiff_exp": 0.016609375207047316,
            "powdiff_hdi": [
                -0.4044722406814539,
                0.39541842732066584
            ],
            "powdiff_prob": 0.5632
        },
        "pval_group": 0.005859375,
        "frac_H1_rej": 0.4074074074074074
    },
    "increase_pow": {
        "pcurve": {
            "prevdiff_exp": 0.024895494425031563,
            "prevdiff_hdi": [
                -0.18079895550666536,
                0.23858602825826483
            ],
            "prevdiff_prob": 0.604,
            "powdiff_exp": 0.15715578372556993,
            "powdiff_hdi": [
                -0.21696541700192418,
                0.5297059898476297
            ],
            "powdiff_prob": 0.7936
        },
        "pval_group": 0.4677734375,
        "frac_H1_rej": 1.0
    },
    "baseline": {
        "frac_H1_rej": 0.6666666666666666
    }
}