{
    "increase_prev": {
        "pcurve": {
            "prevdiff_exp": 0.1523394682559621,
            "prevdiff_hdi": [
                -0.17409635794173592,
                0.4780883368177243
            ],
            "prevdiff_prob": 0.8202,
            "powdiff_exp": 0.1319206782990487,
            "powdiff_hdi": [
                -0.12428314223421433,
                0.3947497488669855
            ],
            "powdiff_prob": 0.8378
        },
        "pval_group": 0.0498046875,
        "frac_H1_rej": 0.4482758620689655
    },
    "increase_pow": {
        "pcurve": {
            "prevdiff_exp": -0.0029007179882506538,
            "prevdiff_hdi": [
                -0.2956969468432848,
                0.26561383938268407
            ],
            "prevdiff_prob": 0.5106,
            "powdiff_exp": 0.4161012079266165,
            "powdiff_hdi": [
                0.1376810712271619,
                0.6523302550055637
            ],
            "powdiff_prob": 0.9978
        },
        "pval_group": 0.0576171875,
        "frac_H1_rej": 0.9411764705882353
    },
    "baseline": {
        "frac_H1_rej": 0.47058823529411764
    }
}