{
    "increase_prev": {
        "pcurve": {
            "prevdiff_exp": 0.19444120175421195,
            "prevdiff_hdi": [
                -0.08277265239590507,
                0.517667182339371
            ],
            "prevdiff_prob": 0.9,
            "powdiff_exp": 0.01967120015208102,
            "powdiff_hdi": [
                -0.25881548843095015,
                0.3138144322104936
            ],
            "powdiff_prob": 0.5642
        },
        "pval_group": 0.04296875,
        "frac_H1_rej": 0.39285714285714285
    },
    "increase_pow": {
        "pcurve": {
            "prevdiff_exp": -0.06854935164564038,
            "prevdiff_hdi": [
                -0.3158454574569634,
                0.15121639340864318
            ],
            "prevdiff_prob": 0.294,
            "powdiff_exp": 0.2581479454694504,
            "powdiff_hdi": [
                -0.03324217207614488,
                0.5288136660072535
            ],
            "powdiff_prob": 0.9534
        },
        "pval_group": 0.173828125,
        "frac_H1_rej": 1.0
    },
    "baseline": {
        "frac_H1_rej": 0.7692307692307693
    }
}