{
    "increase_prev": {
        "pcurve": {
            "prevdiff_exp": 0.24002279278817878,
            "prevdiff_hdi": [
                -0.10114344470375805,
                0.6805401493561511
            ],
            "prevdiff_prob": 0.8658,
            "powdiff_exp": 0.23206124922105908,
            "powdiff_hdi": [
                -0.1416202504851033,
                0.51241411631009
            ],
            "powdiff_prob": 0.8972
        },
        "pval_group": 0.0009765625,
        "frac_H1_rej": 0.5517241379310345
    },
    "increase_pow": {
        "pcurve": {
            "prevdiff_exp": 0.04476508379306483,
            "prevdiff_hdi": [
                -0.24249057674206154,
                0.3205137894109614
            ],
            "prevdiff_prob": 0.6416,
            "powdiff_exp": 0.2521748920482834,
            "powdiff_hdi": [
                -0.08744961732383638,
                0.5677644304000974
            ],
            "powdiff_prob": 0.9208
        },
        "pval_group": 0.1005859375,
        "frac_H1_rej": 0.9230769230769231
    },
    "baseline": {
        "frac_H1_rej": 0.5384615384615384
    }
}