{
    "increase_prev": {
        "pcurve": {
            "prevdiff_exp": 0.2549024122334487,
            "prevdiff_hdi": [
                -0.10575188892193199,
                0.6818993967516864
            ],
            "prevdiff_prob": 0.884,
            "powdiff_exp": 0.19541395751327592,
            "powdiff_hdi": [
                -0.08762996794720063,
                0.47858763089627115
            ],
            "powdiff_prob": 0.9034
        },
        "pval_group": 0.0048828125,
        "frac_H1_rej": 0.4482758620689655
    },
    "increase_pow": {
        "pcurve": {
            "prevdiff_exp": 0.029146240676096134,
            "prevdiff_hdi": [
                -0.22133179335791037,
                0.29471077723454797
            ],
            "prevdiff_prob": 0.6042,
            "powdiff_exp": 0.4086788557536776,
            "powdiff_hdi": [
                0.14412111123392268,
                0.6743421756820245
            ],
            "powdiff_prob": 0.9948
        },
        "pval_group": 0.0048828125,
        "frac_H1_rej": 0.9230769230769231
    },
    "baseline": {
        "frac_H1_rej": 0.38461538461538464
    }
}