{
    "increase_prev": {
        "pcurve": {
            "prevdiff_exp": 0.21104254772706785,
            "prevdiff_hdi": [
                -0.17414099649853682,
                0.660198846940907
            ],
            "prevdiff_prob": 0.8274,
            "powdiff_exp": 0.23256656716646668,
            "powdiff_hdi": [
                -0.0666850605382645,
                0.507279054805144
            ],
            "powdiff_prob": 0.9352
        },
        "pval_group": 0.005859375,
        "frac_H1_rej": 0.4482758620689655
    },
    "increase_pow": {
        "pcurve": {
            "prevdiff_exp": 0.0025408994740401085,
            "prevdiff_hdi": [
                -0.20590832830628772,
                0.22442438733752634
            ],
            "prevdiff_prob": 0.5138,
            "powdiff_exp": 0.43347005457858256,
            "powdiff_hdi": [
                0.1857002564355152,
                0.6705546231240456
            ],
            "powdiff_prob": 0.9976
        },
        "pval_group": 0.0390625,
        "frac_H1_rej": 1.0
    },
    "baseline": {
        "frac_H1_rej": 0.35714285714285715
    }
}