{
    "increase_prev": {
        "pcurve": {
            "prevdiff_exp": 0.12575155623199807,
            "prevdiff_hdi": [
                -0.19955732471960147,
                0.4924266531077295
            ],
            "prevdiff_prob": 0.7604,
            "powdiff_exp": 0.03928398621774088,
            "powdiff_hdi": [
                -0.2042363037879088,
                0.2875585249771307
            ],
            "powdiff_prob": 0.6362
        },
        "pval_group": 0.041015625,
        "frac_H1_rej": 0.32142857142857145
    },
    "increase_pow": {
        "pcurve": {
            "prevdiff_exp": -0.07494118763686936,
            "prevdiff_hdi": [
                -0.3480543797175963,
                0.16162315536468141
            ],
            "prevdiff_prob": 0.2842,
            "powdiff_exp": 0.36468775700597544,
            "powdiff_hdi": [
                0.0976268102627853,
                0.6202559982492873
            ],
            "powdiff_prob": 0.9932
        },
        "pval_group": 0.0029296875,
        "frac_H1_rej": 1.0
    },
    "baseline": {
        "frac_H1_rej": 0.5
    }
}