{
    "increase_prev": {
        "pcurve": {
            "prevdiff_exp": 0.11891044637746609,
            "prevdiff_hdi": [
                -0.23456411647219388,
                0.4803103853416738
            ],
            "prevdiff_prob": 0.7326,
            "powdiff_exp": 0.08674878756844905,
            "powdiff_hdi": [
                -0.19141155651071323,
                0.35406241904762936
            ],
            "powdiff_prob": 0.7544
        },
        "pval_group": 0.0390625,
        "frac_H1_rej": 0.39285714285714285
    },
    "increase_pow": {
        "pcurve": {
            "prevdiff_exp": -0.013233313307980882,
            "prevdiff_hdi": [
                -0.1965879747182584,
                0.17941925972973496
            ],
            "prevdiff_prob": 0.4566,
            "powdiff_exp": 0.30987560688267823,
            "powdiff_hdi": [
                0.03825542911774249,
                0.5609405608439166
            ],
            "powdiff_prob": 0.9846
        },
        "pval_group": 0.04296875,
        "frac_H1_rej": 1.0
    },
    "baseline": {
        "frac_H1_rej": 0.6
    }
}