{
    "increase_prev": {
        "pcurve": {
            "prevdiff_exp": 0.21413720126191382,
            "prevdiff_hdi": [
                -0.07355847565040005,
                0.4999712315751747
            ],
            "prevdiff_prob": 0.9256,
            "powdiff_exp": -0.0014756373198154013,
            "powdiff_hdi": [
                -0.2767137616734382,
                0.26969901151636544
            ],
            "powdiff_prob": 0.4978
        },
        "pval_group": 0.041015625,
        "frac_H1_rej": 0.4230769230769231
    },
    "increase_pow": {
        "pcurve": {
            "prevdiff_exp": -0.06954229211261385,
            "prevdiff_hdi": [
                -0.3085012394602056,
                0.12965032959837106
            ],
            "prevdiff_prob": 0.2406,
            "powdiff_exp": 0.08184800713636153,
            "powdiff_hdi": [
                -0.22743076587778333,
                0.3662324500646251
            ],
            "powdiff_prob": 0.6988
        },
        "pval_group": 0.0498046875,
        "frac_H1_rej": 0.8333333333333334
    },
    "baseline": {
        "frac_H1_rej": 0.9166666666666666
    }
}