{
    "increase_prev": {
        "pcurve": {
            "prevdiff_exp": 0.2316329860890829,
            "prevdiff_hdi": [
                -0.06402657872202491,
                0.5881680346761198
            ],
            "prevdiff_prob": 0.9194,
            "powdiff_exp": 0.1687178683973551,
            "powdiff_hdi": [
                -0.11613708783030752,
                0.42232520804463536
            ],
            "powdiff_prob": 0.8758
        },
        "pval_group": 0.009765625,
        "frac_H1_rej": 0.4482758620689655
    },
    "increase_pow": {
        "pcurve": {
            "prevdiff_exp": 0.006029142032060108,
            "prevdiff_hdi": [
                -0.2676888573875715,
                0.29472252789119546
            ],
            "prevdiff_prob": 0.5128,
            "powdiff_exp": 0.28891945044556117,
            "powdiff_hdi": [
                0.0024920385564791703,
                0.5720060709748043
            ],
            "powdiff_prob": 0.9684
        },
        "pval_group": 0.0029296875,
        "frac_H1_rej": 0.9285714285714286
    },
    "baseline": {
        "frac_H1_rej": 0.5714285714285714
    }
}