{
    "increase_prev": {
        "pcurve": {
            "prevdiff_exp": 0.28176101095637396,
            "prevdiff_hdi": [
                -0.10613342716631624,
                0.7046203078430286
            ],
            "prevdiff_prob": 0.9034,
            "powdiff_exp": 0.13550018494863011,
            "powdiff_hdi": [
                -0.23698605336924083,
                0.4596919843617507
            ],
            "powdiff_prob": 0.7868
        },
        "pval_group": 0.005859375,
        "frac_H1_rej": 0.5555555555555556
    },
    "increase_pow": {
        "pcurve": {
            "prevdiff_exp": -0.02331224654656989,
            "prevdiff_hdi": [
                -0.35845163504134625,
                0.32581777859061883
            ],
            "prevdiff_prob": 0.4638,
            "powdiff_exp": 0.33315651641179095,
            "powdiff_hdi": [
                -0.05019109302487346,
                0.6683121645057948
            ],
            "powdiff_prob": 0.9482
        },
        "pval_group": 0.20703125,
        "frac_H1_rej": 1.0
    },
    "baseline": {
        "frac_H1_rej": 0.36363636363636365
    }
}