{
    "increase_prev": {
        "pcurve": {
            "prevdiff_exp": 0.33444064906160237,
            "prevdiff_hdi": [
                -0.02885998640982044,
                0.7255729223434072
            ],
            "prevdiff_prob": 0.9564,
            "powdiff_exp": 0.1928066464830272,
            "powdiff_hdi": [
                -0.11526507414323856,
                0.44878037196411735
            ],
            "powdiff_prob": 0.9018
        },
        "pval_group": 0.001953125,
        "frac_H1_rej": 0.4666666666666667
    },
    "increase_pow": {
        "pcurve": {
            "prevdiff_exp": 0.0023139771284782684,
            "prevdiff_hdi": [
                -0.2990376405160614,
                0.30710896971201235
            ],
            "prevdiff_prob": 0.4914,
            "powdiff_exp": 0.4566388777976189,
            "powdiff_hdi": [
                0.19784628459146797,
                0.7176626201154128
            ],
            "powdiff_prob": 0.9966
        },
        "pval_group": 0.0361328125,
        "frac_H1_rej": 0.9333333333333333
    },
    "baseline": {
        "frac_H1_rej": 0.26666666666666666
    }
}