{
    "increase_prev": {
        "pcurve": {
            "prevdiff_exp": 0.354250312219016,
            "prevdiff_hdi": [
                -0.01809267958954036,
                0.7193775232398415
            ],
            "prevdiff_prob": 0.9618,
            "powdiff_exp": 0.1788005670475777,
            "powdiff_hdi": [
                -0.16939229761073438,
                0.5095013197067514
            ],
            "powdiff_prob": 0.8318
        },
        "pval_group": 0.0244140625,
        "frac_H1_rej": 0.5185185185185185
    },
    "increase_pow": {
        "pcurve": {
            "prevdiff_exp": 0.026062008772406012,
            "prevdiff_hdi": [
                -0.1651885808726264,
                0.2526393359011979
            ],
            "prevdiff_prob": 0.5914,
            "powdiff_exp": 0.34225752431612766,
            "powdiff_hdi": [
                0.03183343820993634,
                0.6349222935773198
            ],
            "powdiff_prob": 0.9808
        },
        "pval_group": 0.12890625,
        "frac_H1_rej": 1.0
    },
    "baseline": {
        "frac_H1_rej": 0.5384615384615384
    }
}