{
    "increase_prev": {
        "pcurve": {
            "prevdiff_exp": 0.18839095611241874,
            "prevdiff_hdi": [
                -0.17924658778511757,
                0.5600553266088426
            ],
            "prevdiff_prob": 0.8374,
            "powdiff_exp": 0.06467748261848964,
            "powdiff_hdi": [
                -0.2784817953392647,
                0.37559201647261914
            ],
            "powdiff_prob": 0.661
        },
        "pval_group": 0.1279296875,
        "frac_H1_rej": 0.4642857142857143
    },
    "increase_pow": {
        "pcurve": {
            "prevdiff_exp": 0.0023241242645706877,
            "prevdiff_hdi": [
                -0.22682300865352278,
                0.22321201090637394
            ],
            "prevdiff_prob": 0.5076,
            "powdiff_exp": 0.24988615825384278,
            "powdiff_hdi": [
                -0.04824485225294217,
                0.5319005117775697
            ],
            "powdiff_prob": 0.9456
        },
        "pval_group": 0.3544921875,
        "frac_H1_rej": 0.9333333333333333
    },
    "baseline": {
        "frac_H1_rej": 0.4666666666666667
    }
}