{
    "increase_prev": {
        "pcurve": {
            "prevdiff_exp": 0.22457818264923443,
            "prevdiff_hdi": [
                -0.12486594374753379,
                0.602886607223426
            ],
            "prevdiff_prob": 0.8724,
            "powdiff_exp": 0.24905344002218252,
            "powdiff_hdi": [
                -0.031901885420436815,
                0.5183622476250419
            ],
            "powdiff_prob": 0.9486
        },
        "pval_group": 0.0078125,
        "frac_H1_rej": 0.6785714285714286
    },
    "increase_pow": {
        "pcurve": {
            "prevdiff_exp": -0.009339353152365526,
            "prevdiff_hdi": [
                -0.22207498626597372,
                0.17016897398192501
            ],
            "prevdiff_prob": 0.4632,
            "powdiff_exp": 0.28686231414271235,
            "powdiff_hdi": [
                -0.0038722412391477556,
                0.5582036839357818
            ],
            "powdiff_prob": 0.9738
        },
        "pval_group": 0.0322265625,
        "frac_H1_rej": 1.0
    },
    "baseline": {
        "frac_H1_rej": 0.4166666666666667
    }
}