{
    "increase_prev": {
        "pcurve": {
            "prevdiff_exp": 0.20958016797309306,
            "prevdiff_hdi": [
                -0.12722933264098707,
                0.6020242608718399
            ],
            "prevdiff_prob": 0.8666,
            "powdiff_exp": 0.21916799085962058,
            "powdiff_hdi": [
                -0.025028867836484392,
                0.471146727076307
            ],
            "powdiff_prob": 0.9484
        },
        "pval_group": 0.0009765625,
        "frac_H1_rej": 0.4666666666666667
    },
    "increase_pow": {
        "pcurve": {
            "prevdiff_exp": 0.03198573834309139,
            "prevdiff_hdi": [
                -0.15781979636972976,
                0.2566422385469896
            ],
            "prevdiff_prob": 0.6304,
            "powdiff_exp": 0.45341371644507344,
            "powdiff_hdi": [
                0.22813403634428447,
                0.6779510522986791
            ],
            "powdiff_prob": 0.9998
        },
        "pval_group": 0.0107421875,
        "frac_H1_rej": 1.0
    },
    "baseline": {
        "frac_H1_rej": 0.4375
    }
}