{
    "increase_prev": {
        "pcurve": {
            "prevdiff_exp": 0.1616138298765866,
            "prevdiff_hdi": [
                -0.14733313513471266,
                0.5233516131978817
            ],
            "prevdiff_prob": 0.8156,
            "powdiff_exp": 0.19174908419024572,
            "powdiff_hdi": [
                -0.0630266455702661,
                0.4522274047891529
            ],
            "powdiff_prob": 0.9218
        },
        "pval_group": 0.0029296875,
        "frac_H1_rej": 0.48148148148148145
    },
    "increase_pow": {
        "pcurve": {
            "prevdiff_exp": -0.05308643078954126,
            "prevdiff_hdi": [
                -0.32628610492166826,
                0.2047327894811962
            ],
            "prevdiff_prob": 0.3654,
            "powdiff_exp": 0.33872628672602206,
            "powdiff_hdi": [
                0.03490293595822569,
                0.6223635894103383
            ],
            "powdiff_prob": 0.982
        },
        "pval_group": 0.2197265625,
        "frac_H1_rej": 1.0
    },
    "baseline": {
        "frac_H1_rej": 0.6666666666666666
    }
}