{
    "increase_prev": {
        "pcurve": {
            "prevdiff_exp": 0.21859143009200083,
            "prevdiff_hdi": [
                -0.09837560934089164,
                0.5697514541008888
            ],
            "prevdiff_prob": 0.8964,
            "powdiff_exp": 0.22231474044275018,
            "powdiff_hdi": [
                -0.0435399708123797,
                0.4636458634360565
            ],
            "powdiff_prob": 0.9374
        },
        "pval_group": 0.0146484375,
        "frac_H1_rej": 0.4482758620689655
    },
    "increase_pow": {
        "pcurve": {
            "prevdiff_exp": 0.03154965453563521,
            "prevdiff_hdi": [
                -0.1442195663931041,
                0.259606059685931
            ],
            "prevdiff_prob": 0.616,
            "powdiff_exp": 0.27891323472754903,
            "powdiff_hdi": [
                0.030840077053082227,
                0.5235827213535507
            ],
            "powdiff_prob": 0.9812
        },
        "pval_group": 0.0654296875,
        "frac_H1_rej": 0.8666666666666667
    },
    "baseline": {
        "frac_H1_rej": 0.5333333333333333
    }
}