{
    "increase_prev": {
        "pcurve": {
            "prevdiff_exp": 0.18386092395378956,
            "prevdiff_hdi": [
                -0.13435096733953442,
                0.5123846731229954
            ],
            "prevdiff_prob": 0.8642,
            "powdiff_exp": 0.027159857231614893,
            "powdiff_hdi": [
                -0.24970087607862868,
                0.3026751973031344
            ],
            "powdiff_prob": 0.5816
        },
        "pval_group": 0.0126953125,
        "frac_H1_rej": 0.4074074074074074
    },
    "increase_pow": {
        "pcurve": {
            "prevdiff_exp": -0.018857717476272736,
            "prevdiff_hdi": [
                -0.23023841347182838,
                0.15275295517942272
            ],
            "prevdiff_prob": 0.4278,
            "powdiff_exp": 0.2800067788999401,
            "powdiff_hdi": [
                0.041737871300458584,
                0.5362535044626664
            ],
            "powdiff_prob": 0.9814
        },
        "pval_group": 0.001953125,
        "frac_H1_rej": 1.0
    },
    "baseline": {
        "frac_H1_rej": 0.5333333333333333
    }
}