{
    "increase_prev": {
        "pcurve": {
            "prevdiff_exp": 0.3422994530194921,
            "prevdiff_hdi": [
                -0.13931488105818163,
                0.7989891866131419
            ],
            "prevdiff_prob": 0.8932,
            "powdiff_exp": 0.2814975706596188,
            "powdiff_hdi": [
                -0.2341675923120834,
                0.6459602380164617
            ],
            "powdiff_prob": 0.8806
        },
        "pval_group": 0.013671875,
        "frac_H1_rej": 0.625
    },
    "increase_pow": {
        "pcurve": {
            "prevdiff_exp": 0.12332102993193025,
            "prevdiff_hdi": [
                -0.25206644247723886,
                0.5232993544749894
            ],
            "prevdiff_prob": 0.745,
            "powdiff_exp": 0.382769142870409,
            "powdiff_hdi": [
                -0.080597684682151,
                0.7433928796708611
            ],
            "powdiff_prob": 0.9322
        },
        "pval_group": 0.0048828125,
        "frac_H1_rej": 1.0
    },
    "baseline": {
        "frac_H1_rej": 0.3
    }
}