{
    "increase_prev": {
        "pcurve": {
            "prevdiff_exp": 0.18878234974158836,
            "prevdiff_hdi": [
                -0.1369954767798711,
                0.5436501381270645
            ],
            "prevdiff_prob": 0.8484,
            "powdiff_exp": -0.004009392578079772,
            "powdiff_hdi": [
                -0.31345631446964006,
                0.3128124770146102
            ],
            "powdiff_prob": 0.5062
        },
        "pval_group": 0.0263671875,
        "frac_H1_rej": 0.3103448275862069
    },
    "increase_pow": {
        "pcurve": {
            "prevdiff_exp": 0.026646524077924585,
            "prevdiff_hdi": [
                -0.14003151089726248,
                0.22302059855395379
            ],
            "prevdiff_prob": 0.61,
            "powdiff_exp": 0.2432327549099289,
            "powdiff_hdi": [
                -0.010383402145434317,
                0.5131688537880658
            ],
            "powdiff_prob": 0.9654
        },
        "pval_group": 0.1005859375,
        "frac_H1_rej": 1.0
    },
    "baseline": {
        "frac_H1_rej": 0.7857142857142857
    }
}