{
    "increase_prev": {
        "pcurve": {
            "prevdiff_exp": 0.27988716624362325,
            "prevdiff_hdi": [
                -0.052389608411812394,
                0.6490982211698361
            ],
            "prevdiff_prob": 0.9374,
            "powdiff_exp": 0.0490264313981655,
            "powdiff_hdi": [
                -0.2898811827568123,
                0.34603689135461807
            ],
            "powdiff_prob": 0.634
        },
        "pval_group": 0.0830078125,
        "frac_H1_rej": 0.4642857142857143
    },
    "increase_pow": {
        "pcurve": {
            "prevdiff_exp": 0.07888283561623499,
            "prevdiff_hdi": [
                -0.22019765021598525,
                0.379559880634088
            ],
            "prevdiff_prob": 0.698,
            "powdiff_exp": 0.30355750721356006,
            "powdiff_hdi": [
                4.932558977993606e-05,
                0.5804449551957207
            ],
            "powdiff_prob": 0.9676
        },
        "pval_group": 0.021484375,
        "frac_H1_rej": 0.8888888888888888
    },
    "baseline": {
        "frac_H1_rej": 0.3333333333333333
    }
}