{
    "increase_prev": {
        "pcurve": {
            "prevdiff_exp": 0.2853847784121767,
            "prevdiff_hdi": [
                -0.06049325347980637,
                0.6369403595538944
            ],
            "prevdiff_prob": 0.942,
            "powdiff_exp": 0.177192992569849,
            "powdiff_hdi": [
                -0.13852353047977528,
                0.4832421417467751
            ],
            "powdiff_prob": 0.8722
        },
        "pval_group": 0.0048828125,
        "frac_H1_rej": 0.6206896551724138
    },
    "increase_pow": {
        "pcurve": {
            "prevdiff_exp": 0.05719588206653702,
            "prevdiff_hdi": [
                -0.19630883934620752,
                0.33287876434283287
            ],
            "prevdiff_prob": 0.6504,
            "powdiff_exp": 0.3963249217544996,
            "powdiff_hdi": [
                0.11618696809365969,
                0.6439471465360721
            ],
            "powdiff_prob": 0.9936
        },
        "pval_group": 0.00390625,
        "frac_H1_rej": 0.9444444444444444
    },
    "baseline": {
        "frac_H1_rej": 0.3888888888888889
    }
}