{
    "increase_prev": {
        "pcurve": {
            "prevdiff_exp": 0.3489968468251511,
            "prevdiff_hdi": [
                -0.03420853796930162,
                0.731343753217519
            ],
            "prevdiff_prob": 0.9506,
            "powdiff_exp": -0.03232897313061697,
            "powdiff_hdi": [
                -0.40534653376917934,
                0.31525614746183545
            ],
            "powdiff_prob": 0.4666
        },
        "pval_group": 0.021484375,
        "frac_H1_rej": 0.3103448275862069
    },
    "increase_pow": {
        "pcurve": {
            "prevdiff_exp": 0.06479105627041506,
            "prevdiff_hdi": [
                -0.11877132892467818,
                0.3053166874555997
            ],
            "prevdiff_prob": 0.7342,
            "powdiff_exp": 0.2897541747342946,
            "powdiff_hdi": [
                -0.014690666391636409,
                0.5542993773657614
            ],
            "powdiff_prob": 0.9694
        },
        "pval_group": 0.076171875,
        "frac_H1_rej": 0.9285714285714286
    },
    "baseline": {
        "frac_H1_rej": 0.5714285714285714
    }
}