{
    "increase_prev": {
        "pcurve": {
            "prevdiff_exp": 0.3202819995743602,
            "prevdiff_hdi": [
                -0.036344013718886375,
                0.6614424809184156
            ],
            "prevdiff_prob": 0.9518,
            "powdiff_exp": 0.11669494437422329,
            "powdiff_hdi": [
                -0.23292948564765226,
                0.4223764309828182
            ],
            "powdiff_prob": 0.7504
        },
        "pval_group": 0.0029296875,
        "frac_H1_rej": 0.6206896551724138
    },
    "increase_pow": {
        "pcurve": {
            "prevdiff_exp": 0.017873857658077037,
            "prevdiff_hdi": [
                -0.15803469454312138,
                0.21676798259469782
            ],
            "prevdiff_prob": 0.5898,
            "powdiff_exp": 0.31996895062028224,
            "powdiff_hdi": [
                0.04466307367137223,
                0.5856502819179386
            ],
            "powdiff_prob": 0.9866
        },
        "pval_group": 0.1611328125,
        "frac_H1_rej": 1.0
    },
    "baseline": {
        "frac_H1_rej": 0.5384615384615384
    }
}