{
    "increase_prev": {
        "pcurve": {
            "prevdiff_exp": 0.07520219492645798,
            "prevdiff_hdi": [
                -0.1499447466537404,
                0.3516689936676083
            ],
            "prevdiff_prob": 0.7156,
            "powdiff_exp": 0.14475480336510244,
            "powdiff_hdi": [
                -0.07018160251034716,
                0.3677334312366893
            ],
            "powdiff_prob": 0.909
        },
        "pval_group": 0.021484375,
        "frac_H1_rej": 0.4482758620689655
    },
    "increase_pow": {
        "pcurve": {
            "prevdiff_exp": -0.07398484782276223,
            "prevdiff_hdi": [
                -0.3552110668976936,
                0.16836343922634944
            ],
            "prevdiff_prob": 0.2648,
            "powdiff_exp": 0.4400194340127531,
            "powdiff_hdi": [
                0.2270619272010435,
                0.6528652468078311
            ],
            "powdiff_prob": 0.9998
        },
        "pval_group": 0.015625,
        "frac_H1_rej": 1.0
    },
    "baseline": {
        "frac_H1_rej": 0.3157894736842105
    }
}