{
    "increase_prev": {
        "pcurve": {
            "prevdiff_exp": 0.416956507105796,
            "prevdiff_hdi": [
                0.06059553258326325,
                0.7521935778324951
            ],
            "prevdiff_prob": 0.9788,
            "powdiff_exp": -0.06718180572537914,
            "powdiff_hdi": [
                -0.4117471011004983,
                0.30208691030236845
            ],
            "powdiff_prob": 0.3716
        },
        "pval_group": 0.044921875,
        "frac_H1_rej": 0.48148148148148145
    },
    "increase_pow": {
        "pcurve": {
            "prevdiff_exp": 0.07816706429140875,
            "prevdiff_hdi": [
                -0.1764498689587609,
                0.3678055747244791
            ],
            "prevdiff_prob": 0.7222,
            "powdiff_exp": 0.2006110528367295,
            "powdiff_hdi": [
                -0.1718804890361647,
                0.5564869426573937
            ],
            "powdiff_prob": 0.8472
        },
        "pval_group": 0.2060546875,
        "frac_H1_rej": 0.8571428571428571
    },
    "baseline": {
        "frac_H1_rej": 0.5
    }
}