{
    "increase_prev": {
        "pcurve": {
            "prevdiff_exp": 0.12119299417869712,
            "prevdiff_hdi": [
                -0.1998709633409136,
                0.5162561474360282
            ],
            "prevdiff_prob": 0.743,
            "powdiff_exp": 0.27072335919965373,
            "powdiff_hdi": [
                0.00563975199850536,
                0.534671973231164
            ],
            "powdiff_prob": 0.967
        },
        "pval_group": 0.017578125,
        "frac_H1_rej": 0.56
    },
    "increase_pow": {
        "pcurve": {
            "prevdiff_exp": -0.020288640149187135,
            "prevdiff_hdi": [
                -0.2633989229290313,
                0.24256375235482125
            ],
            "prevdiff_prob": 0.4394,
            "powdiff_exp": 0.4353167721295122,
            "powdiff_hdi": [
                0.1575486911682788,
                0.6758636433272748
            ],
            "powdiff_prob": 0.9976
        },
        "pval_group": 0.0146484375,
        "frac_H1_rej": 1.0
    },
    "baseline": {
        "frac_H1_rej": 0.3076923076923077
    }
}