{
    "increase_prev": {
        "pcurve": {
            "prevdiff_exp": 0.22986837036904034,
            "prevdiff_hdi": [
                -0.06335233608118598,
                0.5727118435156235
            ],
            "prevdiff_prob": 0.9216,
            "powdiff_exp": 0.13262171580122867,
            "powdiff_hdi": [
                -0.17745866972058655,
                0.4385801185783279
            ],
            "powdiff_prob": 0.797
        },
        "pval_group": 0.0078125,
        "frac_H1_rej": 0.6296296296296297
    },
    "increase_pow": {
        "pcurve": {
            "prevdiff_exp": -0.01589296754334598,
            "prevdiff_hdi": [
                -0.21834546041664643,
                0.1900621571620804
            ],
            "prevdiff_prob": 0.4296,
            "powdiff_exp": 0.25720538425421247,
            "powdiff_hdi": [
                -0.01690051720849106,
                0.5458459359681536
            ],
            "powdiff_prob": 0.9562
        },
        "pval_group": 0.5,
        "frac_H1_rej": 0.8666666666666667
    },
    "baseline": {
        "frac_H1_rej": 0.6666666666666666
    }
}