{
    "increase_prev": {
        "pcurve": {
            "prevdiff_exp": 0.28053349632692465,
            "prevdiff_hdi": [
                -0.1142694234015671,
                0.6414868173301982
            ],
            "prevdiff_prob": 0.9188,
            "powdiff_exp": 0.06356883800544633,
            "powdiff_hdi": [
                -0.2975210170269732,
                0.40422285319372797
            ],
            "powdiff_prob": 0.654
        },
        "pval_group": 0.0380859375,
        "frac_H1_rej": 0.46153846153846156
    },
    "increase_pow": {
        "pcurve": {
            "prevdiff_exp": 0.005242253682242527,
            "prevdiff_hdi": [
                -0.2182290504901344,
                0.22976443164215005
            ],
            "prevdiff_prob": 0.499,
            "powdiff_exp": 0.14389934343125982,
            "powdiff_hdi": [
                -0.1810455368760882,
                0.4422658424252999
            ],
            "powdiff_prob": 0.8164
        },
        "pval_group": 0.48828125,
        "frac_H1_rej": 1.0
    },
    "baseline": {
        "frac_H1_rej": 0.5454545454545454
    }
}