{
    "increase_prev": {
        "pcurve": {
            "prevdiff_exp": 0.12894805513513932,
            "prevdiff_hdi": [
                -0.18437786768759978,
                0.42679315970976006
            ],
            "prevdiff_prob": 0.8014,
            "powdiff_exp": 0.05513020512932439,
            "powdiff_hdi": [
                -0.20234527718077466,
                0.2829324061909056
            ],
            "powdiff_prob": 0.6818
        },
        "pval_group": 0.0029296875,
        "frac_H1_rej": 0.43333333333333335
    },
    "increase_pow": {
        "pcurve": {
            "prevdiff_exp": -0.09171195944290456,
            "prevdiff_hdi": [
                -0.35574782441389585,
                0.09786887438558826
            ],
            "prevdiff_prob": 0.2078,
            "powdiff_exp": 0.23312956021933948,
            "powdiff_hdi": [
                -0.05115251154905143,
                0.5253986439314331
            ],
            "powdiff_prob": 0.9366
        },
        "pval_group": 0.052734375,
        "frac_H1_rej": 0.9166666666666666
    },
    "baseline": {
        "frac_H1_rej": 0.4166666666666667
    }
}