{
    "increase_prev": {
        "pcurve": {
            "prevdiff_exp": 0.2806065299283273,
            "prevdiff_hdi": [
                -0.05816977598509104,
                0.5805802786756645
            ],
            "prevdiff_prob": 0.9528,
            "powdiff_exp": -0.038392006776207334,
            "powdiff_hdi": [
                -0.3344390258018306,
                0.2681997995937239
            ],
            "powdiff_prob": 0.4202
        },
        "pval_group": 0.1025390625,
        "frac_H1_rej": 0.3793103448275862
    },
    "increase_pow": {
        "pcurve": {
            "prevdiff_exp": 0.07974377843453953,
            "prevdiff_hdi": [
                -0.13779439417487271,
                0.3421245392849554
            ],
            "prevdiff_prob": 0.7468,
            "powdiff_exp": 0.32472490263130843,
            "powdiff_hdi": [
                0.048257996428692995,
                0.5855148728380953
            ],
            "powdiff_prob": 0.9842
        },
        "pval_group": 0.0087890625,
        "frac_H1_rej": 0.9411764705882353
    },
    "baseline": {
        "frac_H1_rej": 0.5882352941176471
    }
}