{
    "increase_prev": {
        "pcurve": {
            "prevdiff_exp": 0.24362990825455308,
            "prevdiff_hdi": [
                -0.16058802779246978,
                0.7112697990414323
            ],
            "prevdiff_prob": 0.8582,
            "powdiff_exp": 0.1466449178590795,
            "powdiff_hdi": [
                -0.12344978288167913,
                0.40812469818239905
            ],
            "powdiff_prob": 0.8732
        },
        "pval_group": 0.0029296875,
        "frac_H1_rej": 0.27586206896551724
    },
    "increase_pow": {
        "pcurve": {
            "prevdiff_exp": -0.006179209515272755,
            "prevdiff_hdi": [
                -0.2711650647336847,
                0.23361765256913974
            ],
            "prevdiff_prob": 0.4916,
            "powdiff_exp": 0.46742297057501764,
            "powdiff_hdi": [
                0.1952700315718841,
                0.7362956545587729
            ],
            "powdiff_prob": 0.9994
        },
        "pval_group": 0.021484375,
        "frac_H1_rej": 1.0
    },
    "baseline": {
        "frac_H1_rej": 0.16666666666666666
    }
}