{
    "increase_prev": {
        "pcurve": {
            "prevdiff_exp": 0.2922288255842479,
            "prevdiff_hdi": [
                -0.05891182571123919,
                0.6454346365043571
            ],
            "prevdiff_prob": 0.9496,
            "powdiff_exp": 0.037817021643896144,
            "powdiff_hdi": [
                -0.30899239639463494,
                0.42770100203975564
            ],
            "powdiff_prob": 0.5796
        },
        "pval_group": 0.01171875,
        "frac_H1_rej": 0.5555555555555556
    },
    "increase_pow": {
        "pcurve": {
            "prevdiff_exp": 0.040460150695480146,
            "prevdiff_hdi": [
                -0.15936236697618245,
                0.27837644014391827
            ],
            "prevdiff_prob": 0.6536,
            "powdiff_exp": 0.20203881867856616,
            "powdiff_hdi": [
                -0.11605479498381543,
                0.5430942552331396
            ],
            "powdiff_prob": 0.8756
        },
        "pval_group": 0.9716796875,
        "frac_H1_rej": 0.8461538461538461
    },
    "baseline": {
        "frac_H1_rej": 0.5384615384615384
    }
}