{
    "increase_prev": {
        "pcurve": {
            "prevdiff_exp": 0.25790215620076345,
            "prevdiff_hdi": [
                -0.12962604958675716,
                0.6554287616372053
            ],
            "prevdiff_prob": 0.8808,
            "powdiff_exp": 0.13783289366963128,
            "powdiff_hdi": [
                -0.26603065131879333,
                0.5007717944554924
            ],
            "powdiff_prob": 0.7636
        },
        "pval_group": 0.00390625,
        "frac_H1_rej": 0.5333333333333333
    },
    "increase_pow": {
        "pcurve": {
            "prevdiff_exp": 0.04315700389944376,
            "prevdiff_hdi": [
                -0.2748057291503515,
                0.3684698573755278
            ],
            "prevdiff_prob": 0.6042,
            "powdiff_exp": 0.04689526826576544,
            "powdiff_hdi": [
                -0.2846964780877981,
                0.37443356170271413
            ],
            "powdiff_prob": 0.6312
        },
        "pval_group": 0.1494140625,
        "frac_H1_rej": 0.8888888888888888
    },
    "baseline": {
        "frac_H1_rej": 0.3333333333333333
    }
}