{
    "increase_prev": {
        "pcurve": {
            "prevdiff_exp": 0.16266548826718005,
            "prevdiff_hdi": [
                -0.1460792342256482,
                0.490470690794982
            ],
            "prevdiff_prob": 0.8446,
            "powdiff_exp": 0.11060713401518224,
            "powdiff_hdi": [
                -0.1435536421220283,
                0.34588014214929497
            ],
            "powdiff_prob": 0.826
        },
        "pval_group": 0.0087890625,
        "frac_H1_rej": 0.3333333333333333
    },
    "increase_pow": {
        "pcurve": {
            "prevdiff_exp": -0.03867835190442671,
            "prevdiff_hdi": [
                -0.3418513620486435,
                0.27106481162644624
            ],
            "prevdiff_prob": 0.3894,
            "powdiff_exp": 0.4609887062011451,
            "powdiff_hdi": [
                0.2077726182053926,
                0.6917277849704022
            ],
            "powdiff_prob": 0.9996
        },
        "pval_group": 0.0068359375,
        "frac_H1_rej": 0.9411764705882353
    },
    "baseline": {
        "frac_H1_rej": 0.35294117647058826
    }
}