{
    "increase_prev": {
        "pcurve": {
            "prevdiff_exp": 0.3293108822003047,
            "prevdiff_hdi": [
                -0.0009380863767211832,
                0.6676051994834187
            ],
            "prevdiff_prob": 0.9698,
            "powdiff_exp": 0.05277871846229189,
            "powdiff_hdi": [
                -0.2817783856675765,
                0.33585970146464605
            ],
            "powdiff_prob": 0.6386
        },
        "pval_group": 0.0009765625,
        "frac_H1_rej": 0.43333333333333335
    },
    "increase_pow": {
        "pcurve": {
            "prevdiff_exp": 0.007145306844749142,
            "prevdiff_hdi": [
                -0.15954269138057373,
                0.16617889982456474
            ],
            "prevdiff_prob": 0.528,
            "powdiff_exp": 0.2768769519451879,
            "powdiff_hdi": [
                0.015610347752665232,
                0.5410145712969828
            ],
            "powdiff_prob": 0.9776
        },
        "pval_group": 0.0048828125,
        "frac_H1_rej": 1.0
    },
    "baseline": {
        "frac_H1_rej": 0.6153846153846154
    }
}