{
    "increase_prev": {
        "pcurve": {
            "prevdiff_exp": 0.10024338470314005,
            "prevdiff_hdi": [
                -0.21632531659353071,
                0.44702069307796943
            ],
            "prevdiff_prob": 0.7152,
            "powdiff_exp": 0.07194329535280429,
            "powdiff_hdi": [
                -0.2027055973280114,
                0.3150805392052899
            ],
            "powdiff_prob": 0.7234
        },
        "pval_group": 0.068359375,
        "frac_H1_rej": 0.44
    },
    "increase_pow": {
        "pcurve": {
            "prevdiff_exp": -0.02357456784002136,
            "prevdiff_hdi": [
                -0.2756340230750288,
                0.21639704450334743
            ],
            "prevdiff_prob": 0.4308,
            "powdiff_exp": 0.24529127603078824,
            "powdiff_hdi": [
                -0.023200147715844444,
                0.5088875873807039
            ],
            "powdiff_prob": 0.9584
        },
        "pval_group": 0.0458984375,
        "frac_H1_rej": 0.9333333333333333
    },
    "baseline": {
        "frac_H1_rej": 0.6
    }
}