{
    "increase_prev": {
        "pcurve": {
            "prevdiff_exp": 0.17437204024227212,
            "prevdiff_hdi": [
                -0.10738115141816795,
                0.5038826194028638
            ],
            "prevdiff_prob": 0.8752,
            "powdiff_exp": 0.049846610520301655,
            "powdiff_hdi": [
                -0.21469364913346434,
                0.29801335869852635
            ],
            "powdiff_prob": 0.648
        },
        "pval_group": 0.03125,
        "frac_H1_rej": 0.4666666666666667
    },
    "increase_pow": {
        "pcurve": {
            "prevdiff_exp": 0.011999298620067699,
            "prevdiff_hdi": [
                -0.1616250018619536,
                0.19843356000901935
            ],
            "prevdiff_prob": 0.5496,
            "powdiff_exp": 0.2568070906854974,
            "powdiff_hdi": [
                0.020305747031026167,
                0.4874283539636225
            ],
            "powdiff_prob": 0.98
        },
        "pval_group": 0.0380859375,
        "frac_H1_rej": 0.9411764705882353
    },
    "baseline": {
        "frac_H1_rej": 0.5882352941176471
    }
}