{
    "increase_prev": {
        "pcurve": {
            "prevdiff_exp": 0.27245397904904095,
            "prevdiff_hdi": [
                -0.08714319567279649,
                0.6758984712796549
            ],
            "prevdiff_prob": 0.9134,
            "powdiff_exp": 0.019514024653571896,
            "powdiff_hdi": [
                -0.31728340369475594,
                0.299059039145393
            ],
            "powdiff_prob": 0.5876
        },
        "pval_group": 0.001953125,
        "frac_H1_rej": 0.3103448275862069
    },
    "increase_pow": {
        "pcurve": {
            "prevdiff_exp": -0.041215334585899085,
            "prevdiff_hdi": [
                -0.3389120472605329,
                0.24953962421380704
            ],
            "prevdiff_prob": 0.378,
            "powdiff_exp": 0.441440668382249,
            "powdiff_hdi": [
                0.14469535979410653,
                0.726467154228597
            ],
            "powdiff_prob": 0.9958
        },
        "pval_group": 0.0009765625,
        "frac_H1_rej": 1.0
    },
    "baseline": {
        "frac_H1_rej": 0.5454545454545454
    }
}