{
    "increase_prev": {
        "pcurve": {
            "prevdiff_exp": 0.3288891511934975,
            "prevdiff_hdi": [
                -0.08238616599115256,
                0.7390841069299292
            ],
            "prevdiff_prob": 0.926,
            "powdiff_exp": 0.29805133849545157,
            "powdiff_hdi": [
                -0.06940885551231712,
                0.6122146405103306
            ],
            "powdiff_prob": 0.9308
        },
        "pval_group": 0.001953125,
        "frac_H1_rej": 0.6333333333333333
    },
    "increase_pow": {
        "pcurve": {
            "prevdiff_exp": 0.0195418567315323,
            "prevdiff_hdi": [
                -0.1977229321169405,
                0.26506383295442065
            ],
            "prevdiff_prob": 0.5678,
            "powdiff_exp": 0.3454029756124016,
            "powdiff_hdi": [
                0.04840546071917834,
                0.6371827602065876
            ],
            "powdiff_prob": 0.9796
        },
        "pval_group": 0.18359375,
        "frac_H1_rej": 0.9090909090909091
    },
    "baseline": {
        "frac_H1_rej": 0.2727272727272727
    }
}