{
    "increase_prev": {
        "pcurve": {
            "prevdiff_exp": 0.21446366918470708,
            "prevdiff_hdi": [
                -0.1052142648828584,
                0.5445268570272671
            ],
            "prevdiff_prob": 0.8986,
            "powdiff_exp": -0.013437254964844613,
            "powdiff_hdi": [
                -0.31093401790547154,
                0.29859880309836045
            ],
            "powdiff_prob": 0.465
        },
        "pval_group": 0.0146484375,
        "frac_H1_rej": 0.5172413793103449
    },
    "increase_pow": {
        "pcurve": {
            "prevdiff_exp": -0.022767083025218092,
            "prevdiff_hdi": [
                -0.2126031917004011,
                0.128980912580594
            ],
            "prevdiff_prob": 0.4046,
            "powdiff_exp": 0.10660616704094819,
            "powdiff_hdi": [
                -0.18620436622241904,
                0.4037480547858459
            ],
            "powdiff_prob": 0.7574
        },
        "pval_group": 0.525390625,
        "frac_H1_rej": 1.0
    },
    "baseline": {
        "frac_H1_rej": 0.7272727272727273
    }
}