{
    "increase_prev": {
        "pcurve": {
            "prevdiff_exp": 0.33834414580503175,
            "prevdiff_hdi": [
                -0.08230699531055471,
                0.7307734977330512
            ],
            "prevdiff_prob": 0.9354,
            "powdiff_exp": 0.061949473615577656,
            "powdiff_hdi": [
                -0.33164799128807315,
                0.4744332539179149
            ],
            "powdiff_prob": 0.6292
        },
        "pval_group": 0.009765625,
        "frac_H1_rej": 0.4642857142857143
    },
    "increase_pow": {
        "pcurve": {
            "prevdiff_exp": 0.06704096580650118,
            "prevdiff_hdi": [
                -0.18034323877866476,
                0.34909922140586025
            ],
            "prevdiff_prob": 0.7086,
            "powdiff_exp": 0.2906046875162895,
            "powdiff_hdi": [
                -0.08104032769082326,
                0.6211443758894112
            ],
            "powdiff_prob": 0.9356
        },
        "pval_group": 0.2255859375,
        "frac_H1_rej": 1.0
    },
    "baseline": {
        "frac_H1_rej": 0.45454545454545453
    }
}