{
    "increase_prev": {
        "pcurve": {
            "prevdiff_exp": 0.15537556526301338,
            "prevdiff_hdi": [
                -0.16705110334840712,
                0.5001998709661064
            ],
            "prevdiff_prob": 0.813,
            "powdiff_exp": 0.014763517453498827,
            "powdiff_hdi": [
                -0.24405984455319718,
                0.28154070158989797
            ],
            "powdiff_prob": 0.5602
        },
        "pval_group": 0.0634765625,
        "frac_H1_rej": 0.3793103448275862
    },
    "increase_pow": {
        "pcurve": {
            "prevdiff_exp": -0.0334710236851444,
            "prevdiff_hdi": [
                -0.29551649765396815,
                0.23637457479358348
            ],
            "prevdiff_prob": 0.4134,
            "powdiff_exp": 0.2795212941168128,
            "powdiff_hdi": [
                -0.014431297613294425,
                0.5565295356459473
            ],
            "powdiff_prob": 0.9654
        },
        "pval_group": 0.033203125,
        "frac_H1_rej": 1.0
    },
    "baseline": {
        "frac_H1_rej": 0.5333333333333333
    }
}