{
    "increase_prev": {
        "pcurve": {
            "prevdiff_exp": 0.3273258342596055,
            "prevdiff_hdi": [
                -0.08555855461586592,
                0.7728319507814817
            ],
            "prevdiff_prob": 0.9206,
            "powdiff_exp": 0.19999579521678543,
            "powdiff_hdi": [
                -0.13277157532788214,
                0.48624966246388535
            ],
            "powdiff_prob": 0.8902
        },
        "pval_group": 0.0068359375,
        "frac_H1_rej": 0.4827586206896552
    },
    "increase_pow": {
        "pcurve": {
            "prevdiff_exp": 0.07358428132224651,
            "prevdiff_hdi": [
                -0.24293504568082525,
                0.41106305344202676
            ],
            "prevdiff_prob": 0.6718,
            "powdiff_exp": 0.4816427873076639,
            "powdiff_hdi": [
                0.18077263659661047,
                0.7589516032398694
            ],
            "powdiff_prob": 0.9936
        },
        "pval_group": 0.1142578125,
        "frac_H1_rej": 0.9285714285714286
    },
    "baseline": {
        "frac_H1_rej": 0.35714285714285715
    }
}