{
    "increase_prev": {
        "pcurve": {
            "prevdiff_exp": 0.2779041244849519,
            "prevdiff_hdi": [
                -0.11683473963898626,
                0.6688446193164088
            ],
            "prevdiff_prob": 0.9034,
            "powdiff_exp": 0.19555430484678632,
            "powdiff_hdi": [
                -0.15527778013328364,
                0.4824628764137234
            ],
            "powdiff_prob": 0.8786
        },
        "pval_group": 0.0078125,
        "frac_H1_rej": 0.4666666666666667
    },
    "increase_pow": {
        "pcurve": {
            "prevdiff_exp": 0.06053811103722694,
            "prevdiff_hdi": [
                -0.22596177721427535,
                0.4318739003836939
            ],
            "prevdiff_prob": 0.6226,
            "powdiff_exp": 0.39942201966307905,
            "powdiff_hdi": [
                0.11690076683474748,
                0.6583245184152693
            ],
            "powdiff_prob": 0.99
        },
        "pval_group": 0.001953125,
        "frac_H1_rej": 0.8235294117647058
    },
    "baseline": {
        "frac_H1_rej": 0.35294117647058826
    }
}