{
    "increase_prev": {
        "pcurve": {
            "prevdiff_exp": 0.2447720509789976,
            "prevdiff_hdi": [
                -0.010586397755131413,
                0.5151941533058627
            ],
            "prevdiff_prob": 0.9712,
            "powdiff_exp": -0.010449313786746614,
            "powdiff_hdi": [
                -0.2645386400216128,
                0.25433223009720896
            ],
            "powdiff_prob": 0.48
        },
        "pval_group": 0.0390625,
        "frac_H1_rej": 0.5862068965517241
    },
    "increase_pow": {
        "pcurve": {
            "prevdiff_exp": -0.013487966416944885,
            "prevdiff_hdi": [
                -0.22167614248650427,
                0.18873098939875882
            ],
            "prevdiff_prob": 0.447,
            "powdiff_exp": 0.19349392249253414,
            "powdiff_hdi": [
                -0.06639509342727368,
                0.4372391007509866
            ],
            "powdiff_prob": 0.9324
        },
        "pval_group": 0.1142578125,
        "frac_H1_rej": 1.0
    },
    "baseline": {
        "frac_H1_rej": 0.625
    }
}