{
    "increase_prev": {
        "pcurve": {
            "prevdiff_exp": 0.2501591144490439,
            "prevdiff_hdi": [
                -0.06519500719697535,
                0.5694847480617622
            ],
            "prevdiff_prob": 0.9282,
            "powdiff_exp": 0.06868333633106613,
            "powdiff_hdi": [
                -0.24575668858273647,
                0.3772678798127103
            ],
            "powdiff_prob": 0.6672
        },
        "pval_group": 0.0439453125,
        "frac_H1_rej": 0.5172413793103449
    },
    "increase_pow": {
        "pcurve": {
            "prevdiff_exp": -0.031053713922256195,
            "prevdiff_hdi": [
                -0.25205452897085223,
                0.19865671034334031
            ],
            "prevdiff_prob": 0.375,
            "powdiff_exp": 0.24662891989631266,
            "powdiff_hdi": [
                -0.03222643892335475,
                0.5240935674948557
            ],
            "powdiff_prob": 0.949
        },
        "pval_group": 0.2353515625,
        "frac_H1_rej": 0.9230769230769231
    },
    "baseline": {
        "frac_H1_rej": 0.6153846153846154
    }
}