{
    "increase_prev": {
        "pcurve": {
            "prevdiff_exp": 0.18159794543258423,
            "prevdiff_hdi": [
                -0.08298869720116339,
                0.47880286252843945
            ],
            "prevdiff_prob": 0.8974,
            "powdiff_exp": 0.06450039677314928,
            "powdiff_hdi": [
                -0.20327515229379678,
                0.3233885564473564
            ],
            "powdiff_prob": 0.6898
        },
        "pval_group": 0.0361328125,
        "frac_H1_rej": 0.43333333333333335
    },
    "increase_pow": {
        "pcurve": {
            "prevdiff_exp": -0.03252561911990009,
            "prevdiff_hdi": [
                -0.25627176399685503,
                0.18161424093774048
            ],
            "prevdiff_prob": 0.3938,
            "powdiff_exp": 0.21787254716683424,
            "powdiff_hdi": [
                -0.041250296821555565,
                0.49330271259447356
            ],
            "powdiff_prob": 0.937
        },
        "pval_group": 0.337890625,
        "frac_H1_rej": 1.0
    },
    "baseline": {
        "frac_H1_rej": 0.5333333333333333
    }
}