{
    "increase_prev": {
        "pcurve": {
            "prevdiff_exp": 0.2008948892473323,
            "prevdiff_hdi": [
                -0.1330525224974915,
                0.5805610456559733
            ],
            "prevdiff_prob": 0.8604,
            "powdiff_exp": 0.2070893052218978,
            "powdiff_hdi": [
                -0.08547010387277765,
                0.48255221751842425
            ],
            "powdiff_prob": 0.9114
        },
        "pval_group": 0.005859375,
        "frac_H1_rej": 0.5
    },
    "increase_pow": {
        "pcurve": {
            "prevdiff_exp": -0.023839014839540457,
            "prevdiff_hdi": [
                -0.2669824941714235,
                0.1774451241866632
            ],
            "prevdiff_prob": 0.4208,
            "powdiff_exp": 0.3995931705612852,
            "powdiff_hdi": [
                0.12517213832802676,
                0.6464574151547919
            ],
            "powdiff_prob": 0.9972
        },
        "pval_group": 0.0078125,
        "frac_H1_rej": 1.0
    },
    "baseline": {
        "frac_H1_rej": 0.35714285714285715
    }
}