{
    "increase_prev": {
        "pcurve": {
            "prevdiff_exp": 0.07200700817560278,
            "prevdiff_hdi": [
                -0.21688197703079232,
                0.3805587311190784
            ],
            "prevdiff_prob": 0.6782,
            "powdiff_exp": 0.09543691608961671,
            "powdiff_hdi": [
                -0.16182069427300882,
                0.31359911087653397
            ],
            "powdiff_prob": 0.7908
        },
        "pval_group": 0.017578125,
        "frac_H1_rej": 0.42857142857142855
    },
    "increase_pow": {
        "pcurve": {
            "prevdiff_exp": -0.041415901443840476,
            "prevdiff_hdi": [
                -0.26979261370898217,
                0.18043629777109949
            ],
            "prevdiff_prob": 0.368,
            "powdiff_exp": 0.30490331170726526,
            "powdiff_hdi": [
                0.04757013513662833,
                0.5739017419706989
            ],
            "powdiff_prob": 0.981
        },
        "pval_group": 0.03515625,
        "frac_H1_rej": 0.8666666666666667
    },
    "baseline": {
        "frac_H1_rej": 0.5333333333333333
    }
}