{
    "increase_prev": {
        "pcurve": {
            "prevdiff_exp": 0.08940635083116923,
            "prevdiff_hdi": [
                -0.1653683090766121,
                0.38156833503612153
            ],
            "prevdiff_prob": 0.7326,
            "powdiff_exp": 0.11807157670471222,
            "powdiff_hdi": [
                -0.11137166125558251,
                0.3753404325335456
            ],
            "powdiff_prob": 0.833
        },
        "pval_group": 0.0146484375,
        "frac_H1_rej": 0.4827586206896552
    },
    "increase_pow": {
        "pcurve": {
            "prevdiff_exp": 0.0026860518131961446,
            "prevdiff_hdi": [
                -0.23412337099302674,
                0.2271198626673328
            ],
            "prevdiff_prob": 0.5156,
            "powdiff_exp": 0.2558644339371537,
            "powdiff_hdi": [
                0.01242416551470149,
                0.505063504332406
            ],
            "powdiff_prob": 0.9732
        },
        "pval_group": 0.0341796875,
        "frac_H1_rej": 0.9411764705882353
    },
    "baseline": {
        "frac_H1_rej": 0.5882352941176471
    }
}