{
    "increase_prev": {
        "pcurve": {
            "prevdiff_exp": 0.38888975529762093,
            "prevdiff_hdi": [
                -0.08007677041079415,
                0.857126386795864
            ],
            "prevdiff_prob": 0.9222,
            "powdiff_exp": 0.43104922619778663,
            "powdiff_hdi": [
                0.20419847337188468,
                0.6552339187604176
            ],
            "powdiff_prob": 0.9894
        },
        "pval_group": 0.0009765625,
        "frac_H1_rej": 0.5384615384615384
    },
    "increase_pow": {
        "pcurve": {
            "prevdiff_exp": 0.032358630127241154,
            "prevdiff_hdi": [
                -0.33676511737969345,
                0.45026666100599944
            ],
            "prevdiff_prob": 0.5704,
            "powdiff_exp": 0.6388438148809235,
            "powdiff_hdi": [
                0.4238889690690341,
                0.845582421068016
            ],
            "powdiff_prob": 0.9986
        },
        "pval_group": 0.0205078125,
        "frac_H1_rej": 1.0
    },
    "baseline": {
        "frac_H1_rej": 0.0
    }
}