{
    "increase_prev": {
        "pcurve": {
            "prevdiff_exp": 0.3857333488374708,
            "prevdiff_hdi": [
                -0.04109970775512381,
                0.7835240814131577
            ],
            "prevdiff_prob": 0.9488,
            "powdiff_exp": 0.31196575556204537,
            "powdiff_hdi": [
                -0.03666097635788845,
                0.6031981842166694
            ],
            "powdiff_prob": 0.9494
        },
        "pval_group": 0.001953125,
        "frac_H1_rej": 0.6206896551724138
    },
    "increase_pow": {
        "pcurve": {
            "prevdiff_exp": 0.09693149620947387,
            "prevdiff_hdi": [
                -0.258535224068854,
                0.506331490644005
            ],
            "prevdiff_prob": 0.693,
            "powdiff_exp": 0.3867015123376297,
            "powdiff_hdi": [
                0.06279219050037099,
                0.7067372481817102
            ],
            "powdiff_prob": 0.9742
        },
        "pval_group": 0.1103515625,
        "frac_H1_rej": 0.9166666666666666
    },
    "baseline": {
        "frac_H1_rej": 0.3333333333333333
    }
}