{
    "increase_prev": {
        "pcurve": {
            "prevdiff_exp": 0.1259293157714434,
            "prevdiff_hdi": [
                -0.26467147271106345,
                0.4863399982727195
            ],
            "prevdiff_prob": 0.7478,
            "powdiff_exp": -0.012225415109960431,
            "powdiff_hdi": [
                -0.30877329489850713,
                0.2553450219999679
            ],
            "powdiff_prob": 0.4738
        },
        "pval_group": 0.142578125,
        "frac_H1_rej": 0.2857142857142857
    },
    "increase_pow": {
        "pcurve": {
            "prevdiff_exp": -0.04957081915755989,
            "prevdiff_hdi": [
                -0.35332893516430064,
                0.25113879082838564
            ],
            "prevdiff_prob": 0.3516,
            "powdiff_exp": 0.29367265129324543,
            "powdiff_hdi": [
                -0.0015959992344080076,
                0.5616162017236508
            ],
            "powdiff_prob": 0.9726
        },
        "pval_group": 0.6416015625,
        "frac_H1_rej": 0.9333333333333333
    },
    "baseline": {
        "frac_H1_rej": 0.26666666666666666
    }
}