{
    "increase_prev": {
        "pcurve": {
            "prevdiff_exp": 0.3592027941375426,
            "prevdiff_hdi": [
                -0.04116719517612258,
                0.7396311698405696
            ],
            "prevdiff_prob": 0.9518,
            "powdiff_exp": -0.11721065877276528,
            "powdiff_hdi": [
                -0.5375969566413523,
                0.3007626359585292
            ],
            "powdiff_prob": 0.313
        },
        "pval_group": 0.0068359375,
        "frac_H1_rej": 0.4074074074074074
    },
    "increase_pow": {
        "pcurve": {
            "prevdiff_exp": 0.10301647471917859,
            "prevdiff_hdi": [
                -0.2113147550594296,
                0.48408247328623477
            ],
            "prevdiff_prob": 0.7058,
            "powdiff_exp": 0.07780146664592347,
            "powdiff_hdi": [
                -0.37826852871214245,
                0.5239125500749708
            ],
            "powdiff_prob": 0.6438
        },
        "pval_group": 0.5869140625,
        "frac_H1_rej": 1.0
    },
    "baseline": {
        "frac_H1_rej": 0.5555555555555556
    }
}