{
    "increase_prev": {
        "pcurve": {
            "prevdiff_exp": 0.30174783908524094,
            "prevdiff_hdi": [
                0.004096476244042947,
                0.6062164906654027
            ],
            "prevdiff_prob": 0.979,
            "powdiff_exp": 0.027023903393683112,
            "powdiff_hdi": [
                -0.276734635389259,
                0.3102701956921785
            ],
            "powdiff_prob": 0.5788
        },
        "pval_group": 0.0244140625,
        "frac_H1_rej": 0.5
    },
    "increase_pow": {
        "pcurve": {
            "prevdiff_exp": 0.012151154194514482,
            "prevdiff_hdi": [
                -0.12785275277040617,
                0.15937349930364414
            ],
            "prevdiff_prob": 0.5632,
            "powdiff_exp": 0.17372998338709744,
            "powdiff_hdi": [
                -0.072943105074052,
                0.42318850399922364
            ],
            "powdiff_prob": 0.9148
        },
        "pval_group": 0.0439453125,
        "frac_H1_rej": 1.0
    },
    "baseline": {
        "frac_H1_rej": 0.5625
    }
}