{
    "increase_prev": {
        "pcurve": {
            "prevdiff_exp": 0.23333211056291048,
            "prevdiff_hdi": [
                -0.11068453203590817,
                0.6271330560786469
            ],
            "prevdiff_prob": 0.8884,
            "powdiff_exp": 0.13496753903906786,
            "powdiff_hdi": [
                -0.18744632282933626,
                0.4296593288520043
            ],
            "powdiff_prob": 0.8046
        },
        "pval_group": 0.0107421875,
        "frac_H1_rej": 0.4642857142857143
    },
    "increase_pow": {
        "pcurve": {
            "prevdiff_exp": 0.030131418098732446,
            "prevdiff_hdi": [
                -0.1633751307265821,
                0.279129281514462
            ],
            "prevdiff_prob": 0.6026,
            "powdiff_exp": 0.3902585877775066,
            "powdiff_hdi": [
                0.12734116564751818,
                0.632849993876376
            ],
            "powdiff_prob": 0.9958
        },
        "pval_group": 0.0146484375,
        "frac_H1_rej": 1.0
    },
    "baseline": {
        "frac_H1_rej": 0.42857142857142855
    }
}