{
    "increase_prev": {
        "pcurve": {
            "prevdiff_exp": 0.35706170946867494,
            "prevdiff_hdi": [
                0.05812518811372108,
                0.6712735686080854
            ],
            "prevdiff_prob": 0.984,
            "powdiff_exp": -0.03196204154622077,
            "powdiff_hdi": [
                -0.33841796863254403,
                0.2919969399216784
            ],
            "powdiff_prob": 0.4274
        },
        "pval_group": 0.013671875,
        "frac_H1_rej": 0.4827586206896552
    },
    "increase_pow": {
        "pcurve": {
            "prevdiff_exp": 0.04284544574472438,
            "prevdiff_hdi": [
                -0.18169101823842504,
                0.26807579040044427
            ],
            "prevdiff_prob": 0.6538,
            "powdiff_exp": 0.19711612190890895,
            "powdiff_hdi": [
                -0.10480805561468187,
                0.49506970616130674
            ],
            "powdiff_prob": 0.8962
        },
        "pval_group": 0.0498046875,
        "frac_H1_rej": 0.9285714285714286
    },
    "baseline": {
        "frac_H1_rej": 0.5714285714285714
    }
}