{
    "increase_prev": {
        "pcurve": {
            "prevdiff_exp": 0.32465275092682244,
            "prevdiff_hdi": [
                -0.07714243642377362,
                0.7681310815496443
            ],
            "prevdiff_prob": 0.9326,
            "powdiff_exp": 0.22769363126811218,
            "powdiff_hdi": [
                -0.09731685553363845,
                0.4909682069588584
            ],
            "powdiff_prob": 0.9226
        },
        "pval_group": 0.0009765625,
        "frac_H1_rej": 0.43333333333333335
    },
    "increase_pow": {
        "pcurve": {
            "prevdiff_exp": 0.06898881460734042,
            "prevdiff_hdi": [
                -0.2943113623990513,
                0.43467661754727255
            ],
            "prevdiff_prob": 0.6464,
            "powdiff_exp": 0.44047738097698874,
            "powdiff_hdi": [
                0.15239361690040748,
                0.7223149706440384
            ],
            "powdiff_prob": 0.9932
        },
        "pval_group": 0.078125,
        "frac_H1_rej": 0.9333333333333333
    },
    "baseline": {
        "frac_H1_rej": 0.06666666666666667
    }
}