{
    "increase_prev": {
        "pcurve": {
            "prevdiff_exp": 0.20581237912657763,
            "prevdiff_hdi": [
                -0.26426306117444776,
                0.6882732676425124
            ],
            "prevdiff_prob": 0.7754,
            "powdiff_exp": 0.31483622279978785,
            "powdiff_hdi": [
                0.012437810295962748,
                0.6184732444624282
            ],
            "powdiff_prob": 0.9624
        },
        "pval_group": 0.01171875,
        "frac_H1_rej": 0.41379310344827586
    },
    "increase_pow": {
        "pcurve": {
            "prevdiff_exp": -0.018058213855722392,
            "prevdiff_hdi": [
                -0.4173468781251648,
                0.33196745821248685
            ],
            "prevdiff_prob": 0.4914,
            "powdiff_exp": 0.48838329089780863,
            "powdiff_hdi": [
                0.18638446185557467,
                0.7848753636871628
            ],
            "powdiff_prob": 0.995
        },
        "pval_group": 0.193359375,
        "frac_H1_rej": 0.7272727272727273
    },
    "baseline": {
        "frac_H1_rej": 0.2727272727272727
    }
}