{
    "increase_prev": {
        "pcurve": {
            "prevdiff_exp": 0.0866840771150286,
            "prevdiff_hdi": [
                -0.21068218982258716,
                0.4094014463103096
            ],
            "prevdiff_prob": 0.7168,
            "powdiff_exp": 0.07399537089687529,
            "powdiff_hdi": [
                -0.16382095273416408,
                0.33217351808304907
            ],
            "powdiff_prob": 0.7384
        },
        "pval_group": 0.1240234375,
        "frac_H1_rej": 0.43333333333333335
    },
    "increase_pow": {
        "pcurve": {
            "prevdiff_exp": 0.01464271753432929,
            "prevdiff_hdi": [
                -0.19191206013237838,
                0.20786214417049126
            ],
            "prevdiff_prob": 0.5772,
            "powdiff_exp": 0.3450045851493901,
            "powdiff_hdi": [
                0.10789114184184068,
                0.567877406001148
            ],
            "powdiff_prob": 0.997
        },
        "pval_group": 0.01171875,
        "frac_H1_rej": 1.0
    },
    "baseline": {
        "frac_H1_rej": 0.5789473684210527
    }
}