{
    "increase_prev": {
        "pcurve": {
            "prevdiff_exp": 0.2871671897803797,
            "prevdiff_hdi": [
                -0.11546007306955335,
                0.71507310099697
            ],
            "prevdiff_prob": 0.8882,
            "powdiff_exp": 0.1728554478099127,
            "powdiff_hdi": [
                -0.1754475244718685,
                0.4722776472160865
            ],
            "powdiff_prob": 0.853
        },
        "pval_group": 0.0029296875,
        "frac_H1_rej": 0.4444444444444444
    },
    "increase_pow": {
        "pcurve": {
            "prevdiff_exp": 0.07800077418037643,
            "prevdiff_hdi": [
                -0.24592557917513302,
                0.41597829625226185
            ],
            "prevdiff_prob": 0.6972,
            "powdiff_exp": 0.3831955443805174,
            "powdiff_hdi": [
                0.021868585206283653,
                0.7204687851150099
            ],
            "powdiff_prob": 0.9666
        },
        "pval_group": 0.2646484375,
        "frac_H1_rej": 1.0
    },
    "baseline": {
        "frac_H1_rej": 0.6363636363636364
    }
}