{
    "increase_prev": {
        "pcurve": {
            "prevdiff_exp": 0.1433106898529008,
            "prevdiff_hdi": [
                -0.1590066950600408,
                0.5285050183636342
            ],
            "prevdiff_prob": 0.7862,
            "powdiff_exp": 0.24244153036008947,
            "powdiff_hdi": [
                -0.0194349034404534,
                0.5017453716469655
            ],
            "powdiff_prob": 0.9528
        },
        "pval_group": 0.01953125,
        "frac_H1_rej": 0.5357142857142857
    },
    "increase_pow": {
        "pcurve": {
            "prevdiff_exp": 0.018693187329341533,
            "prevdiff_hdi": [
                -0.2224051794699805,
                0.282004549600304
            ],
            "prevdiff_prob": 0.5592,
            "powdiff_exp": 0.4549513527963737,
            "powdiff_hdi": [
                0.21100447383598253,
                0.6833930829912626
            ],
            "powdiff_prob": 0.9988
        },
        "pval_group": 0.0205078125,
        "frac_H1_rej": 1.0
    },
    "baseline": {
        "frac_H1_rej": 0.4444444444444444
    }
}