{
    "increase_prev": {
        "pcurve": {
            "prevdiff_exp": 0.33077703688492693,
            "prevdiff_hdi": [
                -0.06592978891190719,
                0.6797941639658136
            ],
            "prevdiff_prob": 0.9454,
            "powdiff_exp": 0.06991156716502245,
            "powdiff_hdi": [
                -0.2972001896576732,
                0.381855590076405
            ],
            "powdiff_prob": 0.666
        },
        "pval_group": 0.04296875,
        "frac_H1_rej": 0.41379310344827586
    },
    "increase_pow": {
        "pcurve": {
            "prevdiff_exp": 0.006713718989368822,
            "prevdiff_hdi": [
                -0.2482681611052505,
                0.2869071225296207
            ],
            "prevdiff_prob": 0.5356,
            "powdiff_exp": 0.26831803241984353,
            "powdiff_hdi": [
                -0.07052688168823829,
                0.5919873886985576
            ],
            "powdiff_prob": 0.9354
        },
        "pval_group": 0.078125,
        "frac_H1_rej": 1.0
    },
    "baseline": {
        "frac_H1_rej": 0.5384615384615384
    }
}