{
    "increase_prev": {
        "pcurve": {
            "prevdiff_exp": 0.35906883573399073,
            "prevdiff_hdi": [
                -0.01821012272539748,
                0.7210151370955414
            ],
            "prevdiff_prob": 0.9662,
            "powdiff_exp": 0.08991831775253324,
            "powdiff_hdi": [
                -0.25521674232098274,
                0.42862014565732104
            ],
            "powdiff_prob": 0.7004
        },
        "pval_group": 0.0556640625,
        "frac_H1_rej": 0.5555555555555556
    },
    "increase_pow": {
        "pcurve": {
            "prevdiff_exp": 0.007216451119102621,
            "prevdiff_hdi": [
                -0.19701125205712347,
                0.22315568465279847
            ],
            "prevdiff_prob": 0.5202,
            "powdiff_exp": 0.31520611177476504,
            "powdiff_hdi": [
                0.015398286138600281,
                0.5783333979419774
            ],
            "powdiff_prob": 0.9776
        },
        "pval_group": 0.1484375,
        "frac_H1_rej": 1.0
    },
    "baseline": {
        "frac_H1_rej": 0.45454545454545453
    }
}