{
    "increase_prev": {
        "pcurve": {
            "prevdiff_exp": 0.1937967341026171,
            "prevdiff_hdi": [
                -0.1240749612421818,
                0.5583164695760503
            ],
            "prevdiff_prob": 0.8544,
            "powdiff_exp": 0.17131499960490396,
            "powdiff_hdi": [
                -0.11453689962134461,
                0.43787995624274595
            ],
            "powdiff_prob": 0.88
        },
        "pval_group": 0.00390625,
        "frac_H1_rej": 0.5357142857142857
    },
    "increase_pow": {
        "pcurve": {
            "prevdiff_exp": -0.07171740451550136,
            "prevdiff_hdi": [
                -0.32992021167722224,
                0.16607303346026847
            ],
            "prevdiff_prob": 0.272,
            "powdiff_exp": 0.36122878336573505,
            "powdiff_hdi": [
                0.08325807804247087,
                0.6502934468399991
            ],
            "powdiff_prob": 0.99
        },
        "pval_group": 0.0146484375,
        "frac_H1_rej": 0.9285714285714286
    },
    "baseline": {
        "frac_H1_rej": 0.5
    }
}