{
    "increase_prev": {
        "pcurve": {
            "prevdiff_exp": 0.2355685960797497,
            "prevdiff_hdi": [
                -0.1133146948676769,
                0.5989695640111006
            ],
            "prevdiff_prob": 0.9022,
            "powdiff_exp": 0.10948274398538752,
            "powdiff_hdi": [
                -0.21732619292070343,
                0.40727324275271215
            ],
            "powdiff_prob": 0.765
        },
        "pval_group": 0.001953125,
        "frac_H1_rej": 0.5517241379310345
    },
    "increase_pow": {
        "pcurve": {
            "prevdiff_exp": 0.014490432878895405,
            "prevdiff_hdi": [
                -0.2213355452983859,
                0.2753582422469044
            ],
            "prevdiff_prob": 0.5414,
            "powdiff_exp": 0.3741253480910234,
            "powdiff_hdi": [
                0.09997678142911737,
                0.6380402738186303
            ],
            "powdiff_prob": 0.9914
        },
        "pval_group": 0.009765625,
        "frac_H1_rej": 0.9411764705882353
    },
    "baseline": {
        "frac_H1_rej": 0.23529411764705882
    }
}