{
    "increase_prev": {
        "pcurve": {
            "prevdiff_exp": 0.2646218733339525,
            "prevdiff_hdi": [
                -0.17039016409307076,
                0.7451614640204539
            ],
            "prevdiff_prob": 0.8574,
            "powdiff_exp": 0.2309467265741958,
            "powdiff_hdi": [
                -0.06285569476503106,
                0.5051092133223474
            ],
            "powdiff_prob": 0.9414
        },
        "pval_group": 0.0166015625,
        "frac_H1_rej": 0.48148148148148145
    },
    "increase_pow": {
        "pcurve": {
            "prevdiff_exp": -0.007635191183279782,
            "prevdiff_hdi": [
                -0.37136630395246817,
                0.3467100680643794
            ],
            "prevdiff_prob": 0.5026,
            "powdiff_exp": 0.46278647402229905,
            "powdiff_hdi": [
                0.1769397751957555,
                0.7448940214851958
            ],
            "powdiff_prob": 0.9954
        },
        "pval_group": 0.357421875,
        "frac_H1_rej": 1.0
    },
    "baseline": {
        "frac_H1_rej": 0.16666666666666666
    }
}