{
    "increase_prev": {
        "pcurve": {
            "prevdiff_exp": 0.26939782984402216,
            "prevdiff_hdi": [
                -0.07303894339223024,
                0.5732834853234805
            ],
            "prevdiff_prob": 0.9416,
            "powdiff_exp": 0.015369039368674132,
            "powdiff_hdi": [
                -0.30076677413300645,
                0.34843498085964175
            ],
            "powdiff_prob": 0.5252
        },
        "pval_group": 0.076171875,
        "frac_H1_rej": 0.5769230769230769
    },
    "increase_pow": {
        "pcurve": {
            "prevdiff_exp": 0.02076685180611258,
            "prevdiff_hdi": [
                -0.12543361768534356,
                0.18583958632461214
            ],
            "prevdiff_prob": 0.6108,
            "powdiff_exp": 0.2228321122858698,
            "powdiff_hdi": [
                -0.03435579665897104,
                0.49718753773920094
            ],
            "powdiff_prob": 0.9452
        },
        "pval_group": 0.1591796875,
        "frac_H1_rej": 1.0
    },
    "baseline": {
        "frac_H1_rej": 0.6428571428571429
    }
}