{
    "increase_prev": {
        "pcurve": {
            "prevdiff_exp": 0.08919919928219902,
            "prevdiff_hdi": [
                -0.3211687765076292,
                0.4958873270207228
            ],
            "prevdiff_prob": 0.6534,
            "powdiff_exp": 0.05182953061866251,
            "powdiff_hdi": [
                -0.34154319440792297,
                0.36475481697586004
            ],
            "powdiff_prob": 0.6396
        },
        "pval_group": 0.0126953125,
        "frac_H1_rej": 0.4074074074074074
    },
    "increase_pow": {
        "pcurve": {
            "prevdiff_exp": 0.026890904657743964,
            "prevdiff_hdi": [
                -0.2115966873698819,
                0.26195614968924774
            ],
            "prevdiff_prob": 0.615,
            "powdiff_exp": 0.19790448716277517,
            "powdiff_hdi": [
                -0.13388919873498561,
                0.5017481135464704
            ],
            "powdiff_prob": 0.8854
        },
        "pval_group": 0.3876953125,
        "frac_H1_rej": 0.8333333333333334
    },
    "baseline": {
        "frac_H1_rej": 0.6666666666666666
    }
}