{
    "increase_prev": {
        "pcurve": {
            "prevdiff_exp": 0.3546836159648777,
            "prevdiff_hdi": [
                -0.030237490462168296,
                0.7717423320696062
            ],
            "prevdiff_prob": 0.9456,
            "powdiff_exp": 0.09160598969020509,
            "powdiff_hdi": [
                -0.28127505081421683,
                0.4292247594984693
            ],
            "powdiff_prob": 0.7192
        },
        "pval_group": 0.0126953125,
        "frac_H1_rej": 0.4
    },
    "increase_pow": {
        "pcurve": {
            "prevdiff_exp": 0.05511661974204794,
            "prevdiff_hdi": [
                -0.15581553327064906,
                0.29550178766595
            ],
            "prevdiff_prob": 0.6928,
            "powdiff_exp": 0.34251403739323627,
            "powdiff_hdi": [
                0.045716731990738446,
                0.6058752282169291
            ],
            "powdiff_prob": 0.9824
        },
        "pval_group": 0.0380859375,
        "frac_H1_rej": 0.9333333333333333
    },
    "baseline": {
        "frac_H1_rej": 0.4666666666666667
    }
}