{
    "increase_prev": {
        "pcurve": {
            "prevdiff_exp": 0.14647463575774947,
            "prevdiff_hdi": [
                -0.18945314880465464,
                0.5097910223441369
            ],
            "prevdiff_prob": 0.7818,
            "powdiff_exp": 0.15288598688954258,
            "powdiff_hdi": [
                -0.12669755633444507,
                0.43118077375980235
            ],
            "powdiff_prob": 0.8496
        },
        "pval_group": 0.0078125,
        "frac_H1_rej": 0.4482758620689655
    },
    "increase_pow": {
        "pcurve": {
            "prevdiff_exp": -0.040612696471471546,
            "prevdiff_hdi": [
                -0.3066543055911854,
                0.18452095319616044
            ],
            "prevdiff_prob": 0.3766,
            "powdiff_exp": 0.2176430926694955,
            "powdiff_hdi": [
                -0.0893275785178484,
                0.5091378916454943
            ],
            "powdiff_prob": 0.9102
        },
        "pval_group": 0.3525390625,
        "frac_H1_rej": 1.0
    },
    "baseline": {
        "frac_H1_rej": 0.45454545454545453
    }
}