{
    "increase_prev": {
        "pcurve": {
            "prevdiff_exp": 0.3470001566750685,
            "prevdiff_hdi": [
                -0.06385692834243872,
                0.7507665952316466
            ],
            "prevdiff_prob": 0.943,
            "powdiff_exp": 0.21581483334543905,
            "powdiff_hdi": [
                -0.12284129316424136,
                0.49211495081335643
            ],
            "powdiff_prob": 0.8942
        },
        "pval_group": 0.0029296875,
        "frac_H1_rej": 0.4827586206896552
    },
    "increase_pow": {
        "pcurve": {
            "prevdiff_exp": 0.0068428376454321305,
            "prevdiff_hdi": [
                -0.2751339630943458,
                0.3095668483021856
            ],
            "prevdiff_prob": 0.5228,
            "powdiff_exp": 0.4324802622508883,
            "powdiff_hdi": [
                0.11588319971717886,
                0.6974945537403827
            ],
            "powdiff_prob": 0.9904
        },
        "pval_group": 0.0302734375,
        "frac_H1_rej": 1.0
    },
    "baseline": {
        "frac_H1_rej": 0.4166666666666667
    }
}