{
    "increase_prev": {
        "pcurve": {
            "prevdiff_exp": 0.1544277769659989,
            "prevdiff_hdi": [
                -0.1805422484101456,
                0.5433863141656925
            ],
            "prevdiff_prob": 0.793,
            "powdiff_exp": 0.11337174484754226,
            "powdiff_hdi": [
                -0.16220501709913748,
                0.3907824319594272
            ],
            "powdiff_prob": 0.794
        },
        "pval_group": 0.021484375,
        "frac_H1_rej": 0.32142857142857145
    },
    "increase_pow": {
        "pcurve": {
            "prevdiff_exp": 0.030878227164174554,
            "prevdiff_hdi": [
                -0.16249221407810047,
                0.2623411133441846
            ],
            "prevdiff_prob": 0.6236,
            "powdiff_exp": 0.3803173307473667,
            "powdiff_hdi": [
                0.11658923007174316,
                0.6363287296740112
            ],
            "powdiff_prob": 0.9964
        },
        "pval_group": 0.1337890625,
        "frac_H1_rej": 1.0
    },
    "baseline": {
        "frac_H1_rej": 0.5
    }
}