{
    "increase_prev": {
        "pcurve": {
            "prevdiff_exp": 0.18042178131456207,
            "prevdiff_hdi": [
                -0.054467485048355316,
                0.44446298626339126
            ],
            "prevdiff_prob": 0.9248,
            "powdiff_exp": 0.05752018970039785,
            "powdiff_hdi": [
                -0.18831914896971358,
                0.29384855079011524
            ],
            "powdiff_prob": 0.6862
        },
        "pval_group": 0.142578125,
        "frac_H1_rej": 0.5172413793103449
    },
    "increase_pow": {
        "pcurve": {
            "prevdiff_exp": -0.043601671811755116,
            "prevdiff_hdi": [
                -0.2927381339887796,
                0.22392755171064263
            ],
            "prevdiff_prob": 0.3558,
            "powdiff_exp": 0.31124173911191255,
            "powdiff_hdi": [
                0.06101059869729364,
                0.5665094654364216
            ],
            "powdiff_prob": 0.9888
        },
        "pval_group": 0.19921875,
        "frac_H1_rej": 0.9411764705882353
    },
    "baseline": {
        "frac_H1_rej": 0.47058823529411764
    }
}