{
    "increase_prev": {
        "pcurve": {
            "prevdiff_exp": 0.1663346936775133,
            "prevdiff_hdi": [
                -0.12636307419712714,
                0.5348479861872755
            ],
            "prevdiff_prob": 0.8474,
            "powdiff_exp": 0.052384093141722744,
            "powdiff_hdi": [
                -0.2544464001819927,
                0.3438384455366157
            ],
            "powdiff_prob": 0.6498
        },
        "pval_group": 0.06640625,
        "frac_H1_rej": 0.46153846153846156
    },
    "increase_pow": {
        "pcurve": {
            "prevdiff_exp": -0.03189306439837985,
            "prevdiff_hdi": [
                -0.2513396236007269,
                0.17016549520032326
            ],
            "prevdiff_prob": 0.384,
            "powdiff_exp": 0.2735301447564457,
            "powdiff_hdi": [
                -0.014761783976140919,
                0.5800241015376075
            ],
            "powdiff_prob": 0.9578
        },
        "pval_group": 0.935546875,
        "frac_H1_rej": 0.9166666666666666
    },
    "baseline": {
        "frac_H1_rej": 0.6666666666666666
    }
}