{
    "increase_prev": {
        "pcurve": {
            "prevdiff_exp": 0.2911904502938389,
            "prevdiff_hdi": [
                -0.13932244137057792,
                0.6975062669388967
            ],
            "prevdiff_prob": 0.8964,
            "powdiff_exp": 0.23775213635554815,
            "powdiff_hdi": [
                -0.14611480407553945,
                0.5705532277131741
            ],
            "powdiff_prob": 0.8862
        },
        "pval_group": 0.0029296875,
        "frac_H1_rej": 0.5357142857142857
    },
    "increase_pow": {
        "pcurve": {
            "prevdiff_exp": 0.014480331356108848,
            "prevdiff_hdi": [
                -0.21157759370978813,
                0.2143434173165467
            ],
            "prevdiff_prob": 0.5738,
            "powdiff_exp": 0.2911838873950002,
            "powdiff_hdi": [
                -0.08125402918625557,
                0.6138730097044331
            ],
            "powdiff_prob": 0.9392
        },
        "pval_group": 0.298828125,
        "frac_H1_rej": 1.0
    },
    "baseline": {
        "frac_H1_rej": 0.4444444444444444
    }
}