{
    "increase_prev": {
        "pcurve": {
            "prevdiff_exp": 0.21529789578938544,
            "prevdiff_hdi": [
                -0.17335561150974532,
                0.634086929493187
            ],
            "prevdiff_prob": 0.8444,
            "powdiff_exp": 0.1539709738487802,
            "powdiff_hdi": [
                -0.13344670917667167,
                0.45506998376311486
            ],
            "powdiff_prob": 0.8602
        },
        "pval_group": 0.0048828125,
        "frac_H1_rej": 0.43333333333333335
    },
    "increase_pow": {
        "pcurve": {
            "prevdiff_exp": -0.0068761699637148056,
            "prevdiff_hdi": [
                -0.27171515440634064,
                0.24522649256657858
            ],
            "prevdiff_prob": 0.4864,
            "powdiff_exp": 0.4063111338742641,
            "powdiff_hdi": [
                0.11902954985082215,
                0.6777214967621884
            ],
            "powdiff_prob": 0.9944
        },
        "pval_group": 0.015625,
        "frac_H1_rej": 0.9230769230769231
    },
    "baseline": {
        "frac_H1_rej": 0.46153846153846156
    }
}