{
    "increase_prev": {
        "pcurve": {
            "prevdiff_exp": 0.09795883864536585,
            "prevdiff_hdi": [
                -0.14614130986957663,
                0.4041066969789375
            ],
            "prevdiff_prob": 0.7548,
            "powdiff_exp": 0.15124550832114897,
            "powdiff_hdi": [
                -0.06887387839080994,
                0.3690589821605376
            ],
            "powdiff_prob": 0.9132
        },
        "pval_group": 0.04296875,
        "frac_H1_rej": 0.43333333333333335
    },
    "increase_pow": {
        "pcurve": {
            "prevdiff_exp": -0.0664577381283563,
            "prevdiff_hdi": [
                -0.34875812277646423,
                0.16758260227517627
            ],
            "prevdiff_prob": 0.3076,
            "powdiff_exp": 0.28530136280388096,
            "powdiff_hdi": [
                -0.005069396998078124,
                0.5695456673430888
            ],
            "powdiff_prob": 0.9688
        },
        "pval_group": 0.3486328125,
        "frac_H1_rej": 1.0
    },
    "baseline": {
        "frac_H1_rej": 0.46153846153846156
    }
}