{
    "increase_prev": {
        "pcurve": {
            "prevdiff_exp": 0.35371143393028515,
            "prevdiff_hdi": [
                -0.04286958268517918,
                0.7257758412268044
            ],
            "prevdiff_prob": 0.9548,
            "powdiff_exp": 0.09308298223199479,
            "powdiff_hdi": [
                -0.25059804109635997,
                0.38252489656438765
            ],
            "powdiff_prob": 0.7306
        },
        "pval_group": 0.005859375,
        "frac_H1_rej": 0.41379310344827586
    },
    "increase_pow": {
        "pcurve": {
            "prevdiff_exp": -0.030028280613109054,
            "prevdiff_hdi": [
                -0.2807042792015597,
                0.20548605126853237
            ],
            "prevdiff_prob": 0.3996,
            "powdiff_exp": 0.18789474571993323,
            "powdiff_hdi": [
                -0.1729050273838078,
                0.541857132255091
            ],
            "powdiff_prob": 0.8428
        },
        "pval_group": 0.5126953125,
        "frac_H1_rej": 0.8181818181818182
    },
    "baseline": {
        "frac_H1_rej": 0.6363636363636364
    }
}