{
    "increase_prev": {
        "pcurve": {
            "prevdiff_exp": 0.2582590459957293,
            "prevdiff_hdi": [
                -0.11375498092352347,
                0.7257361295765501
            ],
            "prevdiff_prob": 0.869,
            "powdiff_exp": 0.38075408440700914,
            "powdiff_hdi": [
                0.16127827662637106,
                0.5929833875018378
            ],
            "powdiff_prob": 0.9938
        },
        "pval_group": 0.0009765625,
        "frac_H1_rej": 0.5517241379310345
    },
    "increase_pow": {
        "pcurve": {
            "prevdiff_exp": 0.015973956201565453,
            "prevdiff_hdi": [
                -0.3883459852092276,
                0.4258238612798873
            ],
            "prevdiff_prob": 0.5118,
            "powdiff_exp": 0.5647782519201963,
            "powdiff_hdi": [
                0.32668150315660505,
                0.7710290594804255
            ],
            "powdiff_prob": 0.9998
        },
        "pval_group": 0.01953125,
        "frac_H1_rej": 0.9285714285714286
    },
    "baseline": {
        "frac_H1_rej": 0.07142857142857142
    }
}