{
    "increase_prev": {
        "pcurve": {
            "prevdiff_exp": 0.2018517039547882,
            "prevdiff_hdi": [
                -0.11601819408066955,
                0.5311355812681074
            ],
            "prevdiff_prob": 0.8814,
            "powdiff_exp": 0.051696454147184955,
            "powdiff_hdi": [
                -0.23774825056458415,
                0.3436967873669402
            ],
            "powdiff_prob": 0.6454
        },
        "pval_group": 0.0712890625,
        "frac_H1_rej": 0.5357142857142857
    },
    "increase_pow": {
        "pcurve": {
            "prevdiff_exp": -0.027195477282636882,
            "prevdiff_hdi": [
                -0.24644342812126915,
                0.21433172744568516
            ],
            "prevdiff_prob": 0.3856,
            "powdiff_exp": 0.31505149601334714,
            "powdiff_hdi": [
                0.040448143971094974,
                0.5534682144985096
            ],
            "powdiff_prob": 0.9852
        },
        "pval_group": 0.033203125,
        "frac_H1_rej": 1.0
    },
    "baseline": {
        "frac_H1_rej": 0.46153846153846156
    }
}