{
    "increase_prev": {
        "pcurve": {
            "prevdiff_exp": 0.38470599536053257,
            "prevdiff_hdi": [
                0.017052075276685716,
                0.6863303540587159
            ],
            "prevdiff_prob": 0.9822,
            "powdiff_exp": 0.07449539043440305,
            "powdiff_hdi": [
                -0.28240938108648284,
                0.4279698106040526
            ],
            "powdiff_prob": 0.6532
        },
        "pval_group": 0.015625,
        "frac_H1_rej": 0.5862068965517241
    },
    "increase_pow": {
        "pcurve": {
            "prevdiff_exp": 0.04788741223748598,
            "prevdiff_hdi": [
                -0.13168545874394358,
                0.23341575554769972
            ],
            "prevdiff_prob": 0.7164,
            "powdiff_exp": 0.17470559046572057,
            "powdiff_hdi": [
                -0.1415351041386108,
                0.5023916538284028
            ],
            "powdiff_prob": 0.8504
        },
        "pval_group": 0.5595703125,
        "frac_H1_rej": 0.9090909090909091
    },
    "baseline": {
        "frac_H1_rej": 0.8181818181818182
    }
}