{
    "increase_prev": {
        "pcurve": {
            "prevdiff_exp": 0.36707107321131155,
            "prevdiff_hdi": [
                0.005012462902050235,
                0.6821172629702859
            ],
            "prevdiff_prob": 0.9768,
            "powdiff_exp": 0.002127816177684269,
            "powdiff_hdi": [
                -0.3588001445771462,
                0.356887034365032
            ],
            "powdiff_prob": 0.5078
        },
        "pval_group": 0.107421875,
        "frac_H1_rej": 0.5
    },
    "increase_pow": {
        "pcurve": {
            "prevdiff_exp": 0.01510918821126854,
            "prevdiff_hdi": [
                -0.17899263112648534,
                0.22455868456382252
            ],
            "prevdiff_prob": 0.5672,
            "powdiff_exp": 0.2542600004188607,
            "powdiff_hdi": [
                -0.05745223503592167,
                0.5527236322997566
            ],
            "powdiff_prob": 0.9426
        },
        "pval_group": 0.611328125,
        "frac_H1_rej": 1.0
    },
    "baseline": {
        "frac_H1_rej": 0.46153846153846156
    }
}