{
    "increase_prev": {
        "pcurve": {
            "prevdiff_exp": 0.35234671771977827,
            "prevdiff_hdi": [
                -0.041723483448948856,
                0.7042965253165377
            ],
            "prevdiff_prob": 0.9528,
            "powdiff_exp": 0.1337265897267688,
            "powdiff_hdi": [
                -0.24936777269335575,
                0.47399183297139497
            ],
            "powdiff_prob": 0.77
        },
        "pval_group": 0.0234375,
        "frac_H1_rej": 0.5714285714285714
    },
    "increase_pow": {
        "pcurve": {
            "prevdiff_exp": 0.003221329332414915,
            "prevdiff_hdi": [
                -0.27048959001198664,
                0.28083064629535004
            ],
            "prevdiff_prob": 0.506,
            "powdiff_exp": 0.2538902089235546,
            "powdiff_hdi": [
                -0.0883958736648428,
                0.5595948400553169
            ],
            "powdiff_prob": 0.9212
        },
        "pval_group": 0.3330078125,
        "frac_H1_rej": 0.9166666666666666
    },
    "baseline": {
        "frac_H1_rej": 0.4166666666666667
    }
}