{
    "increase_prev": {
        "pcurve": {
            "prevdiff_exp": 0.2725456186915604,
            "prevdiff_hdi": [
                -0.13308127409148302,
                0.6371475149898593
            ],
            "prevdiff_prob": 0.905,
            "powdiff_exp": 0.18733351188150074,
            "powdiff_hdi": [
                -0.1440847271323623,
                0.48689477877669046
            ],
            "powdiff_prob": 0.86
        },
        "pval_group": 0.0009765625,
        "frac_H1_rej": 0.4642857142857143
    },
    "increase_pow": {
        "pcurve": {
            "prevdiff_exp": -0.04103228123376297,
            "prevdiff_hdi": [
                -0.2656994118929265,
                0.1486445075584398
            ],
            "prevdiff_prob": 0.3556,
            "powdiff_exp": 0.2829406140549484,
            "powdiff_hdi": [
                -0.03625811161349346,
                0.5943892439347691
            ],
            "powdiff_prob": 0.9558
        },
        "pval_group": 0.0185546875,
        "frac_H1_rej": 0.9090909090909091
    },
    "baseline": {
        "frac_H1_rej": 0.5454545454545454
    }
}