{
    "increase_prev": {
        "pcurve": {
            "prevdiff_exp": 0.12055369493317053,
            "prevdiff_hdi": [
                -0.16751679951183668,
                0.4536185088930599
            ],
            "prevdiff_prob": 0.7626,
            "powdiff_exp": 0.019296728351380847,
            "powdiff_hdi": [
                -0.25959827594575213,
                0.29100262668249915
            ],
            "powdiff_prob": 0.5614
        },
        "pval_group": 0.0546875,
        "frac_H1_rej": 0.39285714285714285
    },
    "increase_pow": {
        "pcurve": {
            "prevdiff_exp": -0.020510930719570945,
            "prevdiff_hdi": [
                -0.21851057071625923,
                0.1598236596791563
            ],
            "prevdiff_prob": 0.4268,
            "powdiff_exp": 0.2723092191425919,
            "powdiff_hdi": [
                0.013044080058549512,
                0.5104826954351238
            ],
            "powdiff_prob": 0.9804
        },
        "pval_group": 0.0166015625,
        "frac_H1_rej": 0.9333333333333333
    },
    "baseline": {
        "frac_H1_rej": 0.5333333333333333
    }
}