{
    "increase_prev": {
        "pcurve": {
            "prevdiff_exp": 0.33278472756125316,
            "prevdiff_hdi": [
                -0.091451793305865,
                0.8036821330167014
            ],
            "prevdiff_prob": 0.9024,
            "powdiff_exp": 0.23854327740721615,
            "powdiff_hdi": [
                -0.10196921787299384,
                0.4983068246346554
            ],
            "powdiff_prob": 0.9276
        },
        "pval_group": 0.001953125,
        "frac_H1_rej": 0.4642857142857143
    },
    "increase_pow": {
        "pcurve": {
            "prevdiff_exp": 0.059657792172819156,
            "prevdiff_hdi": [
                -0.3846332429891568,
                0.5114486719395225
            ],
            "prevdiff_prob": 0.6044,
            "powdiff_exp": 0.27910468903209346,
            "powdiff_hdi": [
                -0.06921888175964996,
                0.6626554788007296
            ],
            "powdiff_prob": 0.937
        },
        "pval_group": 0.4951171875,
        "frac_H1_rej": 1.0
    },
    "baseline": {
        "frac_H1_rej": 0.375
    }
}