{
    "increase_prev": {
        "pcurve": {
            "prevdiff_exp": 0.19954586083130085,
            "prevdiff_hdi": [
                -0.14229856817929817,
                0.5526074187736718
            ],
            "prevdiff_prob": 0.8586,
            "powdiff_exp": 0.27301420189979464,
            "powdiff_hdi": [
                -0.007443374888832122,
                0.5245464399814808
            ],
            "powdiff_prob": 0.9658
        },
        "pval_group": 0.0048828125,
        "frac_H1_rej": 0.6428571428571429
    },
    "increase_pow": {
        "pcurve": {
            "prevdiff_exp": 0.011457438282855722,
            "prevdiff_hdi": [
                -0.18094845368489795,
                0.19321942935938569
            ],
            "prevdiff_prob": 0.5522,
            "powdiff_exp": 0.30624392845168874,
            "powdiff_hdi": [
                0.03134578539495253,
                0.5598542436493039
            ],
            "powdiff_prob": 0.9848
        },
        "pval_group": 0.1513671875,
        "frac_H1_rej": 1.0
    },
    "baseline": {
        "frac_H1_rej": 0.6428571428571429
    }
}