{
    "increase_prev": {
        "pcurve": {
            "prevdiff_exp": 0.11802178471370212,
            "prevdiff_hdi": [
                -0.20812820510541657,
                0.4745740021186763
            ],
            "prevdiff_prob": 0.7602,
            "powdiff_exp": 0.01844783323914203,
            "powdiff_hdi": [
                -0.27684171551804054,
                0.27130409943624345
            ],
            "powdiff_prob": 0.5602
        },
        "pval_group": 0.0947265625,
        "frac_H1_rej": 0.36666666666666664
    },
    "increase_pow": {
        "pcurve": {
            "prevdiff_exp": 0.023890218913281285,
            "prevdiff_hdi": [
                -0.16461460633921376,
                0.24566681433171234
            ],
            "prevdiff_prob": 0.5948,
            "powdiff_exp": 0.3671804718108842,
            "powdiff_hdi": [
                0.13239136175509503,
                0.5854330043985666
            ],
            "powdiff_prob": 0.998
        },
        "pval_group": 0.1201171875,
        "frac_H1_rej": 1.0
    },
    "baseline": {
        "frac_H1_rej": 0.3333333333333333
    }
}