{
    "increase_prev": {
        "pcurve": {
            "prevdiff_exp": 0.18860565927246842,
            "prevdiff_hdi": [
                -0.14145688691350586,
                0.5361804131217256
            ],
            "prevdiff_prob": 0.8646,
            "powdiff_exp": -0.07705530555741243,
            "powdiff_hdi": [
                -0.39124223674883774,
                0.22401935464059552
            ],
            "powdiff_prob": 0.317
        },
        "pval_group": 0.1669921875,
        "frac_H1_rej": 0.39285714285714285
    },
    "increase_pow": {
        "pcurve": {
            "prevdiff_exp": 0.02490928389174858,
            "prevdiff_hdi": [
                -0.12147645774601461,
                0.18727797259698958
            ],
            "prevdiff_prob": 0.6252,
            "powdiff_exp": 0.21684798221653545,
            "powdiff_hdi": [
                -0.00881818199840434,
                0.45821703040024286
            ],
            "powdiff_prob": 0.9642
        },
        "pval_group": 0.015625,
        "frac_H1_rej": 1.0
    },
    "baseline": {
        "frac_H1_rej": 0.6470588235294118
    }
}