{
    "increase_prev": {
        "pcurve": {
            "prevdiff_exp": 0.3311503408946515,
            "prevdiff_hdi": [
                -0.07386867197033267,
                0.7203494218570283
            ],
            "prevdiff_prob": 0.9358,
            "powdiff_exp": 0.14141773949513067,
            "powdiff_hdi": [
                -0.2676449867772718,
                0.4650044306575064
            ],
            "powdiff_prob": 0.7818
        },
        "pval_group": 0.009765625,
        "frac_H1_rej": 0.5
    },
    "increase_pow": {
        "pcurve": {
            "prevdiff_exp": 0.09330727326549734,
            "prevdiff_hdi": [
                -0.20129326205396425,
                0.4023585473764894
            ],
            "prevdiff_prob": 0.733,
            "powdiff_exp": 0.3303937992348278,
            "powdiff_hdi": [
                -0.013985698721511897,
                0.6413728422799767
            ],
            "powdiff_prob": 0.961
        },
        "pval_group": 0.3408203125,
        "frac_H1_rej": 0.9333333333333333
    },
    "baseline": {
        "frac_H1_rej": 0.4
    }
}