{
    "increase_prev": {
        "pcurve": {
            "prevdiff_exp": 0.16782202862940812,
            "prevdiff_hdi": [
                -0.15727258265835142,
                0.4447289288573797
            ],
            "prevdiff_prob": 0.8722,
            "powdiff_exp": -0.05649780446270509,
            "powdiff_hdi": [
                -0.29394625359290516,
                0.20465879766329786
            ],
            "powdiff_prob": 0.335
        },
        "pval_group": 0.5302734375,
        "frac_H1_rej": 0.27586206896551724
    },
    "increase_pow": {
        "pcurve": {
            "prevdiff_exp": 0.037978669178074353,
            "prevdiff_hdi": [
                -0.19152515418261962,
                0.26703203740819503
            ],
            "prevdiff_prob": 0.6326,
            "powdiff_exp": 0.2479661377660239,
            "powdiff_hdi": [
                0.013045775439372687,
                0.5036389397061356
            ],
            "powdiff_prob": 0.9694
        },
        "pval_group": 0.2724609375,
        "frac_H1_rej": 0.8888888888888888
    },
    "baseline": {
        "frac_H1_rej": 0.5
    }
}