{
    "increase_prev": {
        "pcurve": {
            "prevdiff_exp": 0.18556675444020274,
            "prevdiff_hdi": [
                -0.18308867940562673,
                0.5856844126781957
            ],
            "prevdiff_prob": 0.8122,
            "powdiff_exp": 0.18584672662082363,
            "powdiff_hdi": [
                -0.16212252941451466,
                0.48600507885181954
            ],
            "powdiff_prob": 0.8694
        },
        "pval_group": 0.033203125,
        "frac_H1_rej": 0.4482758620689655
    },
    "increase_pow": {
        "pcurve": {
            "prevdiff_exp": 0.012219465285919679,
            "prevdiff_hdi": [
                -0.22963316715749163,
                0.2324241944713493
            ],
            "prevdiff_prob": 0.5504,
            "powdiff_exp": 0.3520588419150357,
            "powdiff_hdi": [
                0.045967043956422926,
                0.6016731228907795
            ],
            "powdiff_prob": 0.9886
        },
        "pval_group": 0.0048828125,
        "frac_H1_rej": 1.0
    },
    "baseline": {
        "frac_H1_rej": 0.5384615384615384
    }
}