{
    "increase_prev": {
        "pcurve": {
            "prevdiff_exp": 0.26763014042816735,
            "prevdiff_hdi": [
                -0.07387448488238099,
                0.5795063318551367
            ],
            "prevdiff_prob": 0.9502,
            "powdiff_exp": 0.06067639970598825,
            "powdiff_hdi": [
                -0.23344024339757763,
                0.33477114931662877
            ],
            "powdiff_prob": 0.68
        },
        "pval_group": 0.0361328125,
        "frac_H1_rej": 0.3333333333333333
    },
    "increase_pow": {
        "pcurve": {
            "prevdiff_exp": -0.025626264999026267,
            "prevdiff_hdi": [
                -0.25435031742471637,
                0.16633723324397628
            ],
            "prevdiff_prob": 0.3892,
            "powdiff_exp": 0.3509800368424023,
            "powdiff_hdi": [
                0.0941275557270781,
                0.5967921554292517
            ],
            "powdiff_prob": 0.994
        },
        "pval_group": 0.05078125,
        "frac_H1_rej": 0.9333333333333333
    },
    "baseline": {
        "frac_H1_rej": 0.3333333333333333
    }
}