{
    "increase_prev": {
        "pcurve": {
            "prevdiff_exp": 0.16802689604511678,
            "prevdiff_hdi": [
                -0.13970778387718497,
                0.5571335430850141
            ],
            "prevdiff_prob": 0.818,
            "powdiff_exp": 0.13841076697276358,
            "powdiff_hdi": [
                -0.14428373773349978,
                0.3831358067651508
            ],
            "powdiff_prob": 0.8596
        },
        "pval_group": 0.015625,
        "frac_H1_rej": 0.4074074074074074
    },
    "increase_pow": {
        "pcurve": {
            "prevdiff_exp": -0.055655596174894933,
            "prevdiff_hdi": [
                -0.3195655691482752,
                0.1711421501701574
            ],
            "prevdiff_prob": 0.3244,
            "powdiff_exp": 0.3035899576776681,
            "powdiff_hdi": [
                0.014509306418656331,
                0.5903552445435354
            ],
            "powdiff_prob": 0.9746
        },
        "pval_group": 0.044921875,
        "frac_H1_rej": 0.9166666666666666
    },
    "baseline": {
        "frac_H1_rej": 0.4166666666666667
    }
}