{
    "increase_prev": {
        "pcurve": {
            "prevdiff_exp": 0.19813830819599446,
            "prevdiff_hdi": [
                -0.18695773591110373,
                0.5806852798266635
            ],
            "prevdiff_prob": 0.8382,
            "powdiff_exp": 0.040579307102867654,
            "powdiff_hdi": [
                -0.28359253407671714,
                0.3635696819704445
            ],
            "powdiff_prob": 0.6158
        },
        "pval_group": 0.0078125,
        "frac_H1_rej": 0.37037037037037035
    },
    "increase_pow": {
        "pcurve": {
            "prevdiff_exp": -0.10755524990454633,
            "prevdiff_hdi": [
                -0.45535756602284366,
                0.23939900865142405
            ],
            "prevdiff_prob": 0.292,
            "powdiff_exp": 0.2663420018211921,
            "powdiff_hdi": [
                -0.1202162714859385,
                0.6499285774661495
            ],
            "powdiff_prob": 0.8992
        },
        "pval_group": 0.236328125,
        "frac_H1_rej": 0.8888888888888888
    },
    "baseline": {
        "frac_H1_rej": 0.4444444444444444
    }
}