{
    "increase_prev": {
        "pcurve": {
            "prevdiff_exp": 0.1039546228358115,
            "prevdiff_hdi": [
                -0.24166970971183666,
                0.513860281616598
            ],
            "prevdiff_prob": 0.6946,
            "powdiff_exp": 0.144822121435112,
            "powdiff_hdi": [
                -0.1103528027049464,
                0.380225943444816
            ],
            "powdiff_prob": 0.8868
        },
        "pval_group": 0.0087890625,
        "frac_H1_rej": 0.39285714285714285
    },
    "increase_pow": {
        "pcurve": {
            "prevdiff_exp": -0.056380908637122966,
            "prevdiff_hdi": [
                -0.3853201245326856,
                0.24911530764177464
            ],
            "prevdiff_prob": 0.3752,
            "powdiff_exp": 0.4277063455484751,
            "powdiff_hdi": [
                0.12647306995210938,
                0.7017588940176924
            ],
            "powdiff_prob": 0.9948
        },
        "pval_group": 0.1005859375,
        "frac_H1_rej": 0.9230769230769231
    },
    "baseline": {
        "frac_H1_rej": 0.3076923076923077
    }
}