{
    "increase_prev": {
        "pcurve": {
            "prevdiff_exp": 0.1198358250127916,
            "prevdiff_hdi": [
                -0.15977264991173712,
                0.44541739471850533
            ],
            "prevdiff_prob": 0.792,
            "powdiff_exp": 0.026878072791591667,
            "powdiff_hdi": [
                -0.24779628586186386,
                0.2899088399058834
            ],
            "powdiff_prob": 0.5858
        },
        "pval_group": 0.009765625,
        "frac_H1_rej": 0.41379310344827586
    },
    "increase_pow": {
        "pcurve": {
            "prevdiff_exp": -0.01922917508757206,
            "prevdiff_hdi": [
                -0.2941170844589426,
                0.22155588793932277
            ],
            "prevdiff_prob": 0.4554,
            "powdiff_exp": 0.13838532145080884,
            "powdiff_hdi": [
                -0.16704943098963587,
                0.44724839075902934
            ],
            "powdiff_prob": 0.8124
        },
        "pval_group": 0.7607421875,
        "frac_H1_rej": 0.8461538461538461
    },
    "baseline": {
        "frac_H1_rej": 0.6923076923076923
    }
}