{
    "increase_prev": {
        "pcurve": {
            "prevdiff_exp": 0.11650564390253312,
            "prevdiff_hdi": [
                -0.1416332235246211,
                0.4634483813289774
            ],
            "prevdiff_prob": 0.7684,
            "powdiff_exp": 0.057607529714209,
            "powdiff_hdi": [
                -0.20182340054348613,
                0.3237398345578143
            ],
            "powdiff_prob": 0.6972
        },
        "pval_group": 0.052734375,
        "frac_H1_rej": 0.41379310344827586
    },
    "increase_pow": {
        "pcurve": {
            "prevdiff_exp": 0.0192159528456667,
            "prevdiff_hdi": [
                -0.23664239716436664,
                0.29667738885036127
            ],
            "prevdiff_prob": 0.561,
            "powdiff_exp": 0.29902961564196096,
            "powdiff_hdi": [
                0.030226599863771964,
                0.5435240948861186
            ],
            "powdiff_prob": 0.982
        },
        "pval_group": 0.0263671875,
        "frac_H1_rej": 0.9473684210526315
    },
    "baseline": {
        "frac_H1_rej": 0.42105263157894735
    }
}