{
    "increase_prev": {
        "pcurve": {
            "prevdiff_exp": 0.19319952904818868,
            "prevdiff_hdi": [
                -0.16749560354812104,
                0.5646647186613972
            ],
            "prevdiff_prob": 0.8576,
            "powdiff_exp": 0.18573906158018053,
            "powdiff_hdi": [
                -0.16038532683955986,
                0.5206661517735001
            ],
            "powdiff_prob": 0.8522
        },
        "pval_group": 0.021484375,
        "frac_H1_rej": 0.4642857142857143
    },
    "increase_pow": {
        "pcurve": {
            "prevdiff_exp": -0.021058788643049848,
            "prevdiff_hdi": [
                -0.23763953635238583,
                0.2056741383372685
            ],
            "prevdiff_prob": 0.4152,
            "powdiff_exp": 0.2705980422625593,
            "powdiff_hdi": [
                -0.05609858423522707,
                0.5701724402172536
            ],
            "powdiff_prob": 0.9416
        },
        "pval_group": 0.4931640625,
        "frac_H1_rej": 0.9090909090909091
    },
    "baseline": {
        "frac_H1_rej": 0.6363636363636364
    }
}