{
    "increase_prev": {
        "pcurve": {
            "prevdiff_exp": 0.48493236514444427,
            "prevdiff_hdi": [
                0.059999686822949205,
                0.8512095164791
            ],
            "prevdiff_prob": 0.9764,
            "powdiff_exp": 0.10107696801666184,
            "powdiff_hdi": [
                -0.3531591217862031,
                0.49225137940255764
            ],
            "powdiff_prob": 0.6758
        },
        "pval_group": 0.0205078125,
        "frac_H1_rej": 0.4444444444444444
    },
    "increase_pow": {
        "pcurve": {
            "prevdiff_exp": 0.10541767902116687,
            "prevdiff_hdi": [
                -0.23718613757549398,
                0.46717131160253345
            ],
            "prevdiff_prob": 0.736,
            "powdiff_exp": 0.33692828629147137,
            "powdiff_hdi": [
                -0.12507444434088105,
                0.7149186876558771
            ],
            "powdiff_prob": 0.9152
        },
        "pval_group": 0.0361328125,
        "frac_H1_rej": 0.9166666666666666
    },
    "baseline": {
        "frac_H1_rej": 0.3333333333333333
    }
}