{
    "increase_prev": {
        "pcurve": {
            "prevdiff_exp": 0.297561802275903,
            "prevdiff_hdi": [
                -0.027588740418390933,
                0.6086592367947863
            ],
            "prevdiff_prob": 0.9628,
            "powdiff_exp": 0.019802403230594227,
            "powdiff_hdi": [
                -0.30083430178816106,
                0.35059810956054305
            ],
            "powdiff_prob": 0.552
        },
        "pval_group": 0.005859375,
        "frac_H1_rej": 0.4827586206896552
    },
    "increase_pow": {
        "pcurve": {
            "prevdiff_exp": 0.1194811728769258,
            "prevdiff_hdi": [
                -0.13060546504764,
                0.40778284030231193
            ],
            "prevdiff_prob": 0.8276,
            "powdiff_exp": 0.018757426692916416,
            "powdiff_hdi": [
                -0.2941782502924577,
                0.3218194084862591
            ],
            "powdiff_prob": 0.5448
        },
        "pval_group": 0.0654296875,
        "frac_H1_rej": 0.7272727272727273
    },
    "baseline": {
        "frac_H1_rej": 0.6363636363636364
    }
}