{
    "increase_prev": {
        "pcurve": {
            "prevdiff_exp": 0.16528576478287277,
            "prevdiff_hdi": [
                -0.19747228683271842,
                0.5423789181918597
            ],
            "prevdiff_prob": 0.8002,
            "powdiff_exp": 0.14538666918187346,
            "powdiff_hdi": [
                -0.18030014378469617,
                0.4441188678924481
            ],
            "powdiff_prob": 0.824
        },
        "pval_group": 0.00390625,
        "frac_H1_rej": 0.5185185185185185
    },
    "increase_pow": {
        "pcurve": {
            "prevdiff_exp": -0.08649933685761922,
            "prevdiff_hdi": [
                -0.33669982756243894,
                0.10951044534266126
            ],
            "prevdiff_prob": 0.194,
            "powdiff_exp": 0.30116798376947423,
            "powdiff_hdi": [
                -0.01774365729363092,
                0.6047263268783342
            ],
            "powdiff_prob": 0.9644
        },
        "pval_group": 0.0078125,
        "frac_H1_rej": 0.9
    },
    "baseline": {
        "frac_H1_rej": 0.6
    }
}