{
    "increase_prev": {
        "pcurve": {
            "prevdiff_exp": 0.41633723584863075,
            "prevdiff_hdi": [
                -0.011634840582960063,
                0.7816752336909749
            ],
            "prevdiff_prob": 0.961,
            "powdiff_exp": -0.05615861139040876,
            "powdiff_hdi": [
                -0.4666819081999593,
                0.336500213093018
            ],
            "powdiff_prob": 0.43
        },
        "pval_group": 0.0380859375,
        "frac_H1_rej": 0.36666666666666664
    },
    "increase_pow": {
        "pcurve": {
            "prevdiff_exp": 0.19806303733039204,
            "prevdiff_hdi": [
                -0.168951572306761,
                0.6191972360107758
            ],
            "prevdiff_prob": 0.8418,
            "powdiff_exp": 0.10014227369744556,
            "powdiff_hdi": [
                -0.3418910715184437,
                0.517033476166946
            ],
            "powdiff_prob": 0.677
        },
        "pval_group": 0.267578125,
        "frac_H1_rej": 0.9230769230769231
    },
    "baseline": {
        "frac_H1_rej": 0.5384615384615384
    }
}