{
    "increase_prev": {
        "pcurve": {
            "prevdiff_exp": 0.0726248039373361,
            "prevdiff_hdi": [
                -0.18340164898993946,
                0.36893724308948156
            ],
            "prevdiff_prob": 0.693,
            "powdiff_exp": 0.07652711553830296,
            "powdiff_hdi": [
                -0.12948572323647195,
                0.28220161549494355
            ],
            "powdiff_prob": 0.7762
        },
        "pval_group": 0.0205078125,
        "frac_H1_rej": 0.2962962962962963
    },
    "increase_pow": {
        "pcurve": {
            "prevdiff_exp": -0.05850254744596482,
            "prevdiff_hdi": [
                -0.3595694500221289,
                0.19107734337361076
            ],
            "prevdiff_prob": 0.35,
            "powdiff_exp": 0.37554469476300484,
            "powdiff_hdi": [
                0.11600808437160376,
                0.6040459689034315
            ],
            "powdiff_prob": 0.9954
        },
        "pval_group": 0.1689453125,
        "frac_H1_rej": 1.0
    },
    "baseline": {
        "frac_H1_rej": 0.5
    }
}