{
    "increase_prev": {
        "pcurve": {
            "prevdiff_exp": 0.3678883144547239,
            "prevdiff_hdi": [
                -0.041426390539731406,
                0.7235899425481951
            ],
            "prevdiff_prob": 0.9592,
            "powdiff_exp": 0.030993398173889478,
            "powdiff_hdi": [
                -0.35389842348316136,
                0.38387914377469257
            ],
            "powdiff_prob": 0.585
        },
        "pval_group": 0.0068359375,
        "frac_H1_rej": 0.43333333333333335
    },
    "increase_pow": {
        "pcurve": {
            "prevdiff_exp": 0.024210406702425514,
            "prevdiff_hdi": [
                -0.11713527030620198,
                0.19817648505198532
            ],
            "prevdiff_prob": 0.6188,
            "powdiff_exp": 0.23807252100009638,
            "powdiff_hdi": [
                -0.032114107258997215,
                0.5278453307489195
            ],
            "powdiff_prob": 0.9472
        },
        "pval_group": 0.2236328125,
        "frac_H1_rej": 1.0
    },
    "baseline": {
        "frac_H1_rej": 0.6666666666666666
    }
}