{
    "increase_prev": {
        "pcurve": {
            "prevdiff_exp": 0.08824765980539222,
            "prevdiff_hdi": [
                -0.20283586030133213,
                0.35967533573135285
            ],
            "prevdiff_prob": 0.7374,
            "powdiff_exp": -0.01607403875170047,
            "powdiff_hdi": [
                -0.27596873209765715,
                0.22229757920333443
            ],
            "powdiff_prob": 0.4506
        },
        "pval_group": 0.75390625,
        "frac_H1_rej": 0.42857142857142855
    },
    "increase_pow": {
        "pcurve": {
            "prevdiff_exp": -0.01422396069356266,
            "prevdiff_hdi": [
                -0.1880570834155223,
                0.1536983818123328
            ],
            "prevdiff_prob": 0.4236,
            "powdiff_exp": 0.2111469222769736,
            "powdiff_hdi": [
                -0.01973637377315629,
                0.4481846935285128
            ],
            "powdiff_prob": 0.9594
        },
        "pval_group": 0.0615234375,
        "frac_H1_rej": 1.0
    },
    "baseline": {
        "frac_H1_rej": 0.7058823529411765
    }
}