{
    "increase_prev": {
        "pcurve": {
            "prevdiff_exp": 0.22688592416079167,
            "prevdiff_hdi": [
                -0.07240303860682074,
                0.5460396656726245
            ],
            "prevdiff_prob": 0.9222,
            "powdiff_exp": 0.05817398478251826,
            "powdiff_hdi": [
                -0.23582314107718672,
                0.33484802300358313
            ],
            "powdiff_prob": 0.6496
        },
        "pval_group": 0.009765625,
        "frac_H1_rej": 0.5357142857142857
    },
    "increase_pow": {
        "pcurve": {
            "prevdiff_exp": -0.018131126494741894,
            "prevdiff_hdi": [
                -0.3370340963543644,
                0.31096929182958943
            ],
            "prevdiff_prob": 0.4174,
            "powdiff_exp": 0.16882219974473983,
            "powdiff_hdi": [
                -0.14922538184574152,
                0.49598956547821516
            ],
            "powdiff_prob": 0.8516
        },
        "pval_group": 0.193359375,
        "frac_H1_rej": 0.8461538461538461
    },
    "baseline": {
        "frac_H1_rej": 0.6923076923076923
    }
}