{
    "increase_prev": {
        "pcurve": {
            "prevdiff_exp": 0.2712491107422816,
            "prevdiff_hdi": [
                -0.05372086455143635,
                0.6543044035792699
            ],
            "prevdiff_prob": 0.9322,
            "powdiff_exp": 0.13751147923815438,
            "powdiff_hdi": [
                -0.1772724712261204,
                0.4495051201435089
            ],
            "powdiff_prob": 0.8106
        },
        "pval_group": 0.0087890625,
        "frac_H1_rej": 0.42857142857142855
    },
    "increase_pow": {
        "pcurve": {
            "prevdiff_exp": -0.0005110694818693897,
            "prevdiff_hdi": [
                -0.16388495581561494,
                0.16819216216644578
            ],
            "prevdiff_prob": 0.4938,
            "powdiff_exp": 0.2777478333084951,
            "powdiff_hdi": [
                -0.009331557551185421,
                0.533440557602482
            ],
            "powdiff_prob": 0.9726
        },
        "pval_group": 0.0869140625,
        "frac_H1_rej": 1.0
    },
    "baseline": {
        "frac_H1_rej": 0.5384615384615384
    }
}