{
    "increase_prev": {
        "pcurve": {
            "prevdiff_exp": 0.03565782320282729,
            "prevdiff_hdi": [
                -0.2703679702951207,
                0.3643261868325917
            ],
            "prevdiff_prob": 0.5794,
            "powdiff_exp": 0.14864340236074622,
            "powdiff_hdi": [
                -0.16343912141889094,
                0.43558592066878893
            ],
            "powdiff_prob": 0.8274
        },
        "pval_group": 0.0107421875,
        "frac_H1_rej": 0.5384615384615384
    },
    "increase_pow": {
        "pcurve": {
            "prevdiff_exp": -0.059812486775706226,
            "prevdiff_hdi": [
                -0.3757138775071241,
                0.24077149169337714
            ],
            "prevdiff_prob": 0.3576,
            "powdiff_exp": 0.34757775834696647,
            "powdiff_hdi": [
                0.041210801802903374,
                0.6350740789494522
            ],
            "powdiff_prob": 0.9836
        },
        "pval_group": 0.1181640625,
        "frac_H1_rej": 0.9230769230769231
    },
    "baseline": {
        "frac_H1_rej": 0.46153846153846156
    }
}