{
    "increase_prev": {
        "pcurve": {
            "prevdiff_exp": 0.3005545590569116,
            "prevdiff_hdi": [
                -0.04964812538672307,
                0.6516903547632584
            ],
            "prevdiff_prob": 0.9452,
            "powdiff_exp": 0.027626615279381907,
            "powdiff_hdi": [
                -0.2995503222061747,
                0.33707694938380955
            ],
            "powdiff_prob": 0.5872
        },
        "pval_group": 0.0146484375,
        "frac_H1_rej": 0.39285714285714285
    },
    "increase_pow": {
        "pcurve": {
            "prevdiff_exp": 0.010295066231340909,
            "prevdiff_hdi": [
                -0.20400770810525615,
                0.2504701550592982
            ],
            "prevdiff_prob": 0.5372,
            "powdiff_exp": 0.2810028992475408,
            "powdiff_hdi": [
                -0.04178377666822142,
                0.567931133098039
            ],
            "powdiff_prob": 0.9568
        },
        "pval_group": 0.05859375,
        "frac_H1_rej": 1.0
    },
    "baseline": {
        "frac_H1_rej": 0.7272727272727273
    }
}