{
    "increase_prev": {
        "pcurve": {
            "prevdiff_exp": 0.018606178398163583,
            "prevdiff_hdi": [
                -0.26038423529907084,
                0.2831211762384336
            ],
            "prevdiff_prob": 0.5626,
            "powdiff_exp": 0.031711550100911305,
            "powdiff_hdi": [
                -0.2506831513777498,
                0.3211906284204069
            ],
            "powdiff_prob": 0.5788
        },
        "pval_group": 0.291015625,
        "frac_H1_rej": 0.46153846153846156
    },
    "increase_pow": {
        "pcurve": {
            "prevdiff_exp": 0.07042305449294912,
            "prevdiff_hdi": [
                -0.18046487002046807,
                0.3424335790592465
            ],
            "prevdiff_prob": 0.709,
            "powdiff_exp": 0.27252607787951066,
            "powdiff_hdi": [
                -0.012517388174446809,
                0.5190703261537511
            ],
            "powdiff_prob": 0.9708
        },
        "pval_group": 0.1083984375,
        "frac_H1_rej": 0.9473684210526315
    },
    "baseline": {
        "frac_H1_rej": 0.5263157894736842
    }
}