{
    "increase_prev": {
        "pcurve": {
            "prevdiff_exp": 0.2709908229491492,
            "prevdiff_hdi": [
                -0.12685577815175864,
                0.6086239314536731
            ],
            "prevdiff_prob": 0.914,
            "powdiff_exp": 0.031206741738491157,
            "powdiff_hdi": [
                -0.3244334057441674,
                0.35326219298588446
            ],
            "powdiff_prob": 0.569
        },
        "pval_group": 0.03515625,
        "frac_H1_rej": 0.5172413793103449
    },
    "increase_pow": {
        "pcurve": {
            "prevdiff_exp": 0.0831195408483006,
            "prevdiff_hdi": [
                -0.16821542164526343,
                0.37005193730535685
            ],
            "prevdiff_prob": 0.7442,
            "powdiff_exp": 0.17884844905888217,
            "powdiff_hdi": [
                -0.16112171674741993,
                0.4760091152319454
            ],
            "powdiff_prob": 0.8614
        },
        "pval_group": 0.0849609375,
        "frac_H1_rej": 0.9285714285714286
    },
    "baseline": {
        "frac_H1_rej": 0.5714285714285714
    }
}