{
    "increase_prev": {
        "pcurve": {
            "prevdiff_exp": 0.23250813285195682,
            "prevdiff_hdi": [
                -0.11944390316858654,
                0.6729835046347951
            ],
            "prevdiff_prob": 0.8652,
            "powdiff_exp": 0.279786541967009,
            "powdiff_hdi": [
                -0.009103528384455162,
                0.5530172159619131
            ],
            "powdiff_prob": 0.959
        },
        "pval_group": 0.0009765625,
        "frac_H1_rej": 0.5862068965517241
    },
    "increase_pow": {
        "pcurve": {
            "prevdiff_exp": -0.011684099222514482,
            "prevdiff_hdi": [
                -0.35514723297383644,
                0.3639631711731349
            ],
            "prevdiff_prob": 0.4752,
            "powdiff_exp": 0.36095979728019173,
            "powdiff_hdi": [
                0.045822242907118005,
                0.653677795484485
            ],
            "powdiff_prob": 0.9802
        },
        "pval_group": 0.0390625,
        "frac_H1_rej": 0.7857142857142857
    },
    "baseline": {
        "frac_H1_rej": 0.42857142857142855
    }
}