{
    "increase_prev": {
        "pcurve": {
            "prevdiff_exp": 0.2948083521762579,
            "prevdiff_hdi": [
                -0.0626360364957182,
                0.6484675715686078
            ],
            "prevdiff_prob": 0.94,
            "powdiff_exp": 0.11255019460877645,
            "powdiff_hdi": [
                -0.2005424388932584,
                0.3874631461304407
            ],
            "powdiff_prob": 0.7704
        },
        "pval_group": 0.0283203125,
        "frac_H1_rej": 0.5357142857142857
    },
    "increase_pow": {
        "pcurve": {
            "prevdiff_exp": 0.05490821202248715,
            "prevdiff_hdi": [
                -0.20252581713101991,
                0.29920018919901414
            ],
            "prevdiff_prob": 0.6738,
            "powdiff_exp": 0.38452250169642066,
            "powdiff_hdi": [
                0.11010885157326444,
                0.6479044861200927
            ],
            "powdiff_prob": 0.9938
        },
        "pval_group": 0.0126953125,
        "frac_H1_rej": 1.0
    },
    "baseline": {
        "frac_H1_rej": 0.4375
    }
}