{
    "increase_prev": {
        "pcurve": {
            "prevdiff_exp": 0.04635067603404868,
            "prevdiff_hdi": [
                -0.31519884942603216,
                0.39482400253514005
            ],
            "prevdiff_prob": 0.5958,
            "powdiff_exp": 0.07212851189171536,
            "powdiff_hdi": [
                -0.20989669554407092,
                0.350216683853672
            ],
            "powdiff_prob": 0.6984
        },
        "pval_group": 0.0498046875,
        "frac_H1_rej": 0.5185185185185185
    },
    "increase_pow": {
        "pcurve": {
            "prevdiff_exp": -0.029378808836717302,
            "prevdiff_hdi": [
                -0.2719114070587175,
                0.25282455363418094
            ],
            "prevdiff_prob": 0.4144,
            "powdiff_exp": 0.3811232208444027,
            "powdiff_hdi": [
                0.1276100354337073,
                0.6433797680764721
            ],
            "powdiff_prob": 0.994
        },
        "pval_group": 0.0029296875,
        "frac_H1_rej": 1.0
    },
    "baseline": {
        "frac_H1_rej": 0.4666666666666667
    }
}