{
    "increase_prev": {
        "pcurve": {
            "prevdiff_exp": 0.18766979078807727,
            "prevdiff_hdi": [
                -0.19400964903516324,
                0.6663382372900347
            ],
            "prevdiff_prob": 0.786,
            "powdiff_exp": 0.16008660882827247,
            "powdiff_hdi": [
                -0.08808450600802087,
                0.3803556182626873
            ],
            "powdiff_prob": 0.9164
        },
        "pval_group": 0.0068359375,
        "frac_H1_rej": 0.3103448275862069
    },
    "increase_pow": {
        "pcurve": {
            "prevdiff_exp": -0.060352031753875074,
            "prevdiff_hdi": [
                -0.4294358899006311,
                0.29307552547996363
            ],
            "prevdiff_prob": 0.3712,
            "powdiff_exp": 0.5169394886453449,
            "powdiff_hdi": [
                0.2521757972923559,
                0.7739597943062098
            ],
            "powdiff_prob": 0.9986
        },
        "pval_group": 0.21484375,
        "frac_H1_rej": 1.0
    },
    "baseline": {
        "frac_H1_rej": 0.25
    }
}