{
    "increase_prev": {
        "pcurve": {
            "prevdiff_exp": 0.2730676790704656,
            "prevdiff_hdi": [
                -0.1368984409168292,
                0.7602801648901538
            ],
            "prevdiff_prob": 0.8672,
            "powdiff_exp": 0.14650958504039274,
            "powdiff_hdi": [
                -0.12135616329468346,
                0.37371274971121937
            ],
            "powdiff_prob": 0.8928
        },
        "pval_group": 0.01953125,
        "frac_H1_rej": 0.3448275862068966
    },
    "increase_pow": {
        "pcurve": {
            "prevdiff_exp": -0.01022806081530694,
            "prevdiff_hdi": [
                -0.29674266620839895,
                0.22671710559362873
            ],
            "prevdiff_prob": 0.4972,
            "powdiff_exp": 0.5185293926072149,
            "powdiff_hdi": [
                0.25374837844795317,
                0.7958965992942331
            ],
            "powdiff_prob": 0.9986
        },
        "pval_group": 0.0390625,
        "frac_H1_rej": 1.0
    },
    "baseline": {
        "frac_H1_rej": 0.2727272727272727
    }
}