{
    "increase_prev": {
        "pcurve": {
            "prevdiff_exp": 0.21158674650376252,
            "prevdiff_hdi": [
                -0.12758748420333246,
                0.5733717986756223
            ],
            "prevdiff_prob": 0.8842,
            "powdiff_exp": 0.08214234636002674,
            "powdiff_hdi": [
                -0.218868413672071,
                0.3422081021477479
            ],
            "powdiff_prob": 0.735
        },
        "pval_group": 0.0107421875,
        "frac_H1_rej": 0.43333333333333335
    },
    "increase_pow": {
        "pcurve": {
            "prevdiff_exp": 0.03998474142673923,
            "prevdiff_hdi": [
                -0.22135988647583174,
                0.33272250380273494
            ],
            "prevdiff_prob": 0.5978,
            "powdiff_exp": 0.3627124677050649,
            "powdiff_hdi": [
                0.10102159169187508,
                0.5961411688151832
            ],
            "powdiff_prob": 0.9932
        },
        "pval_group": 0.033203125,
        "frac_H1_rej": 0.9473684210526315
    },
    "baseline": {
        "frac_H1_rej": 0.3157894736842105
    }
}