{
    "increase_prev": {
        "pcurve": {
            "prevdiff_exp": 0.09878748945432787,
            "prevdiff_hdi": [
                -0.14650582428578085,
                0.38444075955659207
            ],
            "prevdiff_prob": 0.757,
            "powdiff_exp": 0.12524939812916755,
            "powdiff_hdi": [
                -0.14074183819228253,
                0.37428910436487206
            ],
            "powdiff_prob": 0.8264
        },
        "pval_group": 0.0556640625,
        "frac_H1_rej": 0.48148148148148145
    },
    "increase_pow": {
        "pcurve": {
            "prevdiff_exp": 0.05001175821558071,
            "prevdiff_hdi": [
                -0.19203813141642637,
                0.3296689335015477
            ],
            "prevdiff_prob": 0.649,
            "powdiff_exp": 0.28055629704000623,
            "powdiff_hdi": [
                0.0174694479790779,
                0.5498033670711193
            ],
            "powdiff_prob": 0.9722
        },
        "pval_group": 0.0986328125,
        "frac_H1_rej": 1.0
    },
    "baseline": {
        "frac_H1_rej": 0.5625
    }
}