{
    "increase_prev": {
        "pcurve": {
            "prevdiff_exp": 0.16395850852316957,
            "prevdiff_hdi": [
                -0.1808491175185415,
                0.5703193424085291
            ],
            "prevdiff_prob": 0.791,
            "powdiff_exp": 0.20828732318514803,
            "powdiff_hdi": [
                -0.10586849905332041,
                0.48278469697807425
            ],
            "powdiff_prob": 0.9076
        },
        "pval_group": 0.0146484375,
        "frac_H1_rej": 0.5
    },
    "increase_pow": {
        "pcurve": {
            "prevdiff_exp": 0.06648367510151967,
            "prevdiff_hdi": [
                -0.17519606853494551,
                0.3613137593260068
            ],
            "prevdiff_prob": 0.6824,
            "powdiff_exp": 0.3281958478858874,
            "powdiff_hdi": [
                0.06291842832139782,
                0.6025442173528592
            ],
            "powdiff_prob": 0.9848
        },
        "pval_group": 0.021484375,
        "frac_H1_rej": 1.0
    },
    "baseline": {
        "frac_H1_rej": 0.38461538461538464
    }
}