{
    "increase_prev": {
        "pcurve": {
            "prevdiff_exp": 0.30777642507941316,
            "prevdiff_hdi": [
                -0.05903003034475297,
                0.6965887733806718
            ],
            "prevdiff_prob": 0.928,
            "powdiff_exp": 0.10709642002455157,
            "powdiff_hdi": [
                -0.2729250625360391,
                0.39312245818494096
            ],
            "powdiff_prob": 0.7518
        },
        "pval_group": 0.021484375,
        "frac_H1_rej": 0.4666666666666667
    },
    "increase_pow": {
        "pcurve": {
            "prevdiff_exp": 0.02207381460477248,
            "prevdiff_hdi": [
                -0.2139661442829666,
                0.2957921479904049
            ],
            "prevdiff_prob": 0.5726,
            "powdiff_exp": 0.2639249198206665,
            "powdiff_hdi": [
                -0.03051480957959335,
                0.5793784361968247
            ],
            "powdiff_prob": 0.9442
        },
        "pval_group": 0.2529296875,
        "frac_H1_rej": 0.9285714285714286
    },
    "baseline": {
        "frac_H1_rej": 0.35714285714285715
    }
}