{
    "increase_prev": {
        "pcurve": {
            "prevdiff_exp": 0.1236826018457717,
            "prevdiff_hdi": [
                -0.20391276725557786,
                0.5394887164902966
            ],
            "prevdiff_prob": 0.74,
            "powdiff_exp": 0.09857176681289147,
            "powdiff_hdi": [
                -0.15858402852388365,
                0.34085979891951584
            ],
            "powdiff_prob": 0.8018
        },
        "pval_group": 0.2724609375,
        "frac_H1_rej": 0.34615384615384615
    },
    "increase_pow": {
        "pcurve": {
            "prevdiff_exp": -0.06478057674878848,
            "prevdiff_hdi": [
                -0.37370397537295746,
                0.18268321304786883
            ],
            "prevdiff_prob": 0.3284,
            "powdiff_exp": 0.3915493625019833,
            "powdiff_hdi": [
                0.11051795741551784,
                0.678005286590798
            ],
            "powdiff_prob": 0.9948
        },
        "pval_group": 0.3369140625,
        "frac_H1_rej": 0.9230769230769231
    },
    "baseline": {
        "frac_H1_rej": 0.38461538461538464
    }
}