{
    "increase_prev": {
        "pcurve": {
            "prevdiff_exp": 0.33741192490707744,
            "prevdiff_hdi": [
                -0.047969747091677784,
                0.7095290664206547
            ],
            "prevdiff_prob": 0.9474,
            "powdiff_exp": -0.042819636113134926,
            "powdiff_hdi": [
                -0.38305175472528996,
                0.28455669767232966
            ],
            "powdiff_prob": 0.434
        },
        "pval_group": 0.0302734375,
        "frac_H1_rej": 0.2
    },
    "increase_pow": {
        "pcurve": {
            "prevdiff_exp": 0.05675301471916593,
            "prevdiff_hdi": [
                -0.18686670327804314,
                0.33040548246275736
            ],
            "prevdiff_prob": 0.6768,
            "powdiff_exp": 0.3287427350014281,
            "powdiff_hdi": [
                0.022947256503755398,
                0.6389327785636955
            ],
            "powdiff_prob": 0.9716
        },
        "pval_group": 0.126953125,
        "frac_H1_rej": 0.9333333333333333
    },
    "baseline": {
        "frac_H1_rej": 0.5333333333333333
    }
}