{
    "increase_prev": {
        "pcurve": {
            "prevdiff_exp": 0.4133234799715175,
            "prevdiff_hdi": [
                0.05798708512088166,
                0.7181464498527552
            ],
            "prevdiff_prob": 0.9882,
            "powdiff_exp": -0.00016479031770756764,
            "powdiff_hdi": [
                -0.32836086151455635,
                0.3427531096958005
            ],
            "powdiff_prob": 0.5036
        },
        "pval_group": 0.01953125,
        "frac_H1_rej": 0.5172413793103449
    },
    "increase_pow": {
        "pcurve": {
            "prevdiff_exp": 0.04862123152458265,
            "prevdiff_hdi": [
                -0.15293070124385424,
                0.2567392578222275
            ],
            "prevdiff_prob": 0.6846,
            "powdiff_exp": 0.21523937012630184,
            "powdiff_hdi": [
                -0.10601355636022236,
                0.5389810184554044
            ],
            "powdiff_prob": 0.8984
        },
        "pval_group": 0.1201171875,
        "frac_H1_rej": 0.8461538461538461
    },
    "baseline": {
        "frac_H1_rej": 0.5384615384615384
    }
}