{
    "increase_prev": {
        "pcurve": {
            "prevdiff_exp": 0.10658235613995626,
            "prevdiff_hdi": [
                -0.20924824955574506,
                0.3954853024395258
            ],
            "prevdiff_prob": 0.7516,
            "powdiff_exp": -0.018296902028777637,
            "powdiff_hdi": [
                -0.3004892021529173,
                0.23609906600507224
            ],
            "powdiff_prob": 0.4576
        },
        "pval_group": 0.26171875,
        "frac_H1_rej": 0.41379310344827586
    },
    "increase_pow": {
        "pcurve": {
            "prevdiff_exp": -0.07858296010680502,
            "prevdiff_hdi": [
                -0.3245516173394535,
                0.18368304256190887
            ],
            "prevdiff_prob": 0.2516,
            "powdiff_exp": 0.2939189649770522,
            "powdiff_hdi": [
                0.03979819354856462,
                0.5264385234237586
            ],
            "powdiff_prob": 0.986
        },
        "pval_group": 0.0751953125,
        "frac_H1_rej": 0.9375
    },
    "baseline": {
        "frac_H1_rej": 0.4375
    }
}