{
    "increase_prev": {
        "pcurve": {
            "prevdiff_exp": 0.2279041780588248,
            "prevdiff_hdi": [
                -0.09527925315875169,
                0.6043193416430639
            ],
            "prevdiff_prob": 0.889,
            "powdiff_exp": 0.10372887639810374,
            "powdiff_hdi": [
                -0.20925063358827634,
                0.37106330922456093
            ],
            "powdiff_prob": 0.7756
        },
        "pval_group": 0.0048828125,
        "frac_H1_rej": 0.4827586206896552
    },
    "increase_pow": {
        "pcurve": {
            "prevdiff_exp": -0.006850253913171107,
            "prevdiff_hdi": [
                -0.2504955829609388,
                0.22425379363638684
            ],
            "prevdiff_prob": 0.4882,
            "powdiff_exp": 0.3385189967964771,
            "powdiff_hdi": [
                0.06366554097844201,
                0.6086803447487281
            ],
            "powdiff_prob": 0.9872
        },
        "pval_group": 0.0126953125,
        "frac_H1_rej": 0.9285714285714286
    },
    "baseline": {
        "frac_H1_rej": 0.42857142857142855
    }
}