{
    "increase_prev": {
        "pcurve": {
            "prevdiff_exp": 0.20668255731208915,
            "prevdiff_hdi": [
                -0.15333639808723468,
                0.605134633952286
            ],
            "prevdiff_prob": 0.8438,
            "powdiff_exp": 0.08083578990643346,
            "powdiff_hdi": [
                -0.24544394134153602,
                0.36520745143861394
            ],
            "powdiff_prob": 0.7256
        },
        "pval_group": 0.048828125,
        "frac_H1_rej": 0.25925925925925924
    },
    "increase_pow": {
        "pcurve": {
            "prevdiff_exp": 0.009682342669657394,
            "prevdiff_hdi": [
                -0.16220133785629995,
                0.19875686892568384
            ],
            "prevdiff_prob": 0.555,
            "powdiff_exp": 0.2969812008991432,
            "powdiff_hdi": [
                0.01914520260384245,
                0.5830911541172669
            ],
            "powdiff_prob": 0.9744
        },
        "pval_group": 0.283203125,
        "frac_H1_rej": 0.9230769230769231
    },
    "baseline": {
        "frac_H1_rej": 0.6153846153846154
    }
}