{
    "increase_prev": {
        "pcurve": {
            "prevdiff_exp": 0.3056465428567496,
            "prevdiff_hdi": [
                -0.0568446955703084,
                0.6640295815693236
            ],
            "prevdiff_prob": 0.9394,
            "powdiff_exp": 0.18656842771318774,
            "powdiff_hdi": [
                -0.18037277445152655,
                0.5010305226053979
            ],
            "powdiff_prob": 0.841
        },
        "pval_group": 0.0146484375,
        "frac_H1_rej": 0.5925925925925926
    },
    "increase_pow": {
        "pcurve": {
            "prevdiff_exp": 0.023666893613850822,
            "prevdiff_hdi": [
                -0.15880956541728247,
                0.22244472563851606
            ],
            "prevdiff_prob": 0.5946,
            "powdiff_exp": 0.3102944591389399,
            "powdiff_hdi": [
                0.04882408238575553,
                0.6078600644810129
            ],
            "powdiff_prob": 0.9798
        },
        "pval_group": 0.0517578125,
        "frac_H1_rej": 0.9230769230769231
    },
    "baseline": {
        "frac_H1_rej": 0.6153846153846154
    }
}