{
    "increase_prev": {
        "pcurve": {
            "prevdiff_exp": 0.10657464780900011,
            "prevdiff_hdi": [
                -0.15189086218753556,
                0.4044819320212373
            ],
            "prevdiff_prob": 0.7722,
            "powdiff_exp": 0.1276159868973008,
            "powdiff_hdi": [
                -0.11135827647876195,
                0.3467204290998905
            ],
            "powdiff_prob": 0.8632
        },
        "pval_group": 0.0439453125,
        "frac_H1_rej": 0.5357142857142857
    },
    "increase_pow": {
        "pcurve": {
            "prevdiff_exp": -0.052712917436164346,
            "prevdiff_hdi": [
                -0.3176843895834908,
                0.20864317043338385
            ],
            "prevdiff_prob": 0.3406,
            "powdiff_exp": 0.33207384385201477,
            "powdiff_hdi": [
                0.08979361898976412,
                0.5704899836908783
            ],
            "powdiff_prob": 0.9934
        },
        "pval_group": 0.060546875,
        "frac_H1_rej": 0.9375
    },
    "baseline": {
        "frac_H1_rej": 0.3125
    }
}