{
    "increase_prev": {
        "pcurve": {
            "prevdiff_exp": 0.09177781519129682,
            "prevdiff_hdi": [
                -0.24219249797272846,
                0.4497213388550013
            ],
            "prevdiff_prob": 0.6926,
            "powdiff_exp": 0.20059716283298962,
            "powdiff_hdi": [
                -0.08838107495562891,
                0.4791174528032736
            ],
            "powdiff_prob": 0.9146
        },
        "pval_group": 0.0400390625,
        "frac_H1_rej": 0.4642857142857143
    },
    "increase_pow": {
        "pcurve": {
            "prevdiff_exp": -0.09818130980689405,
            "prevdiff_hdi": [
                -0.417007097701096,
                0.18148411652868035
            ],
            "prevdiff_prob": 0.251,
            "powdiff_exp": 0.35169686284940893,
            "powdiff_hdi": [
                0.038179837392639304,
                0.6302660522189145
            ],
            "powdiff_prob": 0.985
        },
        "pval_group": 0.138671875,
        "frac_H1_rej": 1.0
    },
    "baseline": {
        "frac_H1_rej": 0.5833333333333334
    }
}