{
    "increase_prev": {
        "pcurve": {
            "prevdiff_exp": 0.2480693042281574,
            "prevdiff_hdi": [
                -0.15589047692763347,
                0.7185310963512594
            ],
            "prevdiff_prob": 0.8464,
            "powdiff_exp": 0.17496279651712193,
            "powdiff_hdi": [
                -0.1742615222422927,
                0.4965792147212014
            ],
            "powdiff_prob": 0.862
        },
        "pval_group": 0.03125,
        "frac_H1_rej": 0.4074074074074074
    },
    "increase_pow": {
        "pcurve": {
            "prevdiff_exp": -0.06365591042912966,
            "prevdiff_hdi": [
                -0.3710408395603292,
                0.19240118650819318
            ],
            "prevdiff_prob": 0.333,
            "powdiff_exp": 0.4064372533260707,
            "powdiff_hdi": [
                0.029208666612747458,
                0.749292094207876
            ],
            "powdiff_prob": 0.98
        },
        "pval_group": 0.974609375,
        "frac_H1_rej": 1.0
    },
    "baseline": {
        "frac_H1_rej": 0.25
    }
}