{
    "increase_prev": {
        "pcurve": {
            "prevdiff_exp": 0.09380431529313057,
            "prevdiff_hdi": [
                -0.25419050316168085,
                0.45883188700211147
            ],
            "prevdiff_prob": 0.692,
            "powdiff_exp": 0.09526895386160923,
            "powdiff_hdi": [
                -0.21129958513819597,
                0.37006198024766024
            ],
            "powdiff_prob": 0.7514
        },
        "pval_group": 0.0908203125,
        "frac_H1_rej": 0.5172413793103449
    },
    "increase_pow": {
        "pcurve": {
            "prevdiff_exp": -0.004945368012632335,
            "prevdiff_hdi": [
                -0.22499453094630756,
                0.20538446699889085
            ],
            "prevdiff_prob": 0.4822,
            "powdiff_exp": 0.3836714731342009,
            "powdiff_hdi": [
                0.1416781261696014,
                0.60507930661203
            ],
            "powdiff_prob": 0.9988
        },
        "pval_group": 0.09765625,
        "frac_H1_rej": 0.9411764705882353
    },
    "baseline": {
        "frac_H1_rej": 0.4117647058823529
    }
}