{
    "increase_prev": {
        "pcurve": {
            "prevdiff_exp": 0.289406214258594,
            "prevdiff_hdi": [
                -0.10721487487363868,
                0.6379708387850909
            ],
            "prevdiff_prob": 0.92,
            "powdiff_exp": 0.1257032529092985,
            "powdiff_hdi": [
                -0.20480142894374687,
                0.47979185228313387
            ],
            "powdiff_prob": 0.759
        },
        "pval_group": 0.0107421875,
        "frac_H1_rej": 0.5517241379310345
    },
    "increase_pow": {
        "pcurve": {
            "prevdiff_exp": -0.014960279520279923,
            "prevdiff_hdi": [
                -0.28927440170771596,
                0.28125747170768106
            ],
            "prevdiff_prob": 0.4706,
            "powdiff_exp": 0.2532171711045447,
            "powdiff_hdi": [
                -0.11833894654035026,
                0.5552456942589536
            ],
            "powdiff_prob": 0.9164
        },
        "pval_group": 0.3349609375,
        "frac_H1_rej": 0.9230769230769231
    },
    "baseline": {
        "frac_H1_rej": 0.5384615384615384
    }
}