{
    "increase_prev": {
        "pcurve": {
            "prevdiff_exp": 0.30767875874053713,
            "prevdiff_hdi": [
                -0.10693437585488419,
                0.7586931823119547
            ],
            "prevdiff_prob": 0.894,
            "powdiff_exp": 0.0968618003706379,
            "powdiff_hdi": [
                -0.2996427752024947,
                0.4212463888649215
            ],
            "powdiff_prob": 0.7326
        },
        "pval_group": 0.0400390625,
        "frac_H1_rej": 0.46153846153846156
    },
    "increase_pow": {
        "pcurve": {
            "prevdiff_exp": 0.03987790372809604,
            "prevdiff_hdi": [
                -0.20152337085075808,
                0.276642033335353
            ],
            "prevdiff_prob": 0.642,
            "powdiff_exp": 0.2618929975322261,
            "powdiff_hdi": [
                -0.06732740510462343,
                0.5582802296112092
            ],
            "powdiff_prob": 0.935
        },
        "pval_group": 0.5810546875,
        "frac_H1_rej": 0.9090909090909091
    },
    "baseline": {
        "frac_H1_rej": 0.5454545454545454
    }
}