{
    "increase_prev": {
        "pcurve": {
            "prevdiff_exp": 0.40668057414877035,
            "prevdiff_hdi": [
                0.06880236487600855,
                0.7128310070077739
            ],
            "prevdiff_prob": 0.988,
            "powdiff_exp": -0.00735435490021993,
            "powdiff_hdi": [
                -0.3368653321282932,
                0.34286299942271337
            ],
            "powdiff_prob": 0.4864
        },
        "pval_group": 0.009765625,
        "frac_H1_rej": 0.4444444444444444
    },
    "increase_pow": {
        "pcurve": {
            "prevdiff_exp": 0.04010664457846051,
            "prevdiff_hdi": [
                -0.15550129206973587,
                0.2776286247778394
            ],
            "prevdiff_prob": 0.6264,
            "powdiff_exp": 0.2876569841032188,
            "powdiff_hdi": [
                -0.010024042754961604,
                0.5750767021232255
            ],
            "powdiff_prob": 0.9618
        },
        "pval_group": 0.0546875,
        "frac_H1_rej": 0.9333333333333333
    },
    "baseline": {
        "frac_H1_rej": 0.4666666666666667
    }
}