{
    "increase_prev": {
        "pcurve": {
            "prevdiff_exp": 0.47241202280343986,
            "prevdiff_hdi": [
                0.10386649538743192,
                0.8107605407932973
            ],
            "prevdiff_prob": 0.9884,
            "powdiff_exp": 0.03270222234551147,
            "powdiff_hdi": [
                -0.35451693728376127,
                0.39408409206515854
            ],
            "powdiff_prob": 0.5814
        },
        "pval_group": 0.0078125,
        "frac_H1_rej": 0.43333333333333335
    },
    "increase_pow": {
        "pcurve": {
            "prevdiff_exp": 0.014419857416059653,
            "prevdiff_hdi": [
                -0.17516993050712934,
                0.21494448419854373
            ],
            "prevdiff_prob": 0.5598,
            "powdiff_exp": 0.22068275784906455,
            "powdiff_hdi": [
                -0.11725164232160262,
                0.5689198202318463
            ],
            "powdiff_prob": 0.8928
        },
        "pval_group": 0.49609375,
        "frac_H1_rej": 0.8888888888888888
    },
    "baseline": {
        "frac_H1_rej": 0.7777777777777778
    }
}