{
    "increase_prev": {
        "pcurve": {
            "prevdiff_exp": 0.2583908462991907,
            "prevdiff_hdi": [
                -0.15944828946919146,
                0.7109618112849528
            ],
            "prevdiff_prob": 0.8694,
            "powdiff_exp": 0.1310486246190163,
            "powdiff_hdi": [
                -0.21870299134893456,
                0.4070627748585705
            ],
            "powdiff_prob": 0.8094
        },
        "pval_group": 0.03125,
        "frac_H1_rej": 0.32142857142857145
    },
    "increase_pow": {
        "pcurve": {
            "prevdiff_exp": 0.01863387514007672,
            "prevdiff_hdi": [
                -0.2564111775281964,
                0.26804772034716207
            ],
            "prevdiff_prob": 0.5824,
            "powdiff_exp": 0.4563191434557142,
            "powdiff_hdi": [
                0.14884019491155293,
                0.7341042172689072
            ],
            "powdiff_prob": 0.9946
        },
        "pval_group": 0.3330078125,
        "frac_H1_rej": 0.9166666666666666
    },
    "baseline": {
        "frac_H1_rej": 0.3333333333333333
    }
}