{
    "increase_prev": {
        "pcurve": {
            "prevdiff_exp": 0.15287337920596236,
            "prevdiff_hdi": [
                -0.15027479568547392,
                0.47787072418185306
            ],
            "prevdiff_prob": 0.8288,
            "powdiff_exp": 0.0903219706053811,
            "powdiff_hdi": [
                -0.18779221695554793,
                0.3594425771726838
            ],
            "powdiff_prob": 0.7346
        },
        "pval_group": 0.0126953125,
        "frac_H1_rej": 0.5
    },
    "increase_pow": {
        "pcurve": {
            "prevdiff_exp": -0.07837890513056191,
            "prevdiff_hdi": [
                -0.33203314133278894,
                0.16339234440673142
            ],
            "prevdiff_prob": 0.2466,
            "powdiff_exp": 0.28640215973132443,
            "powdiff_hdi": [
                0.0077946312690985176,
                0.5370816535295072
            ],
            "powdiff_prob": 0.9814
        },
        "pval_group": 0.2705078125,
        "frac_H1_rej": 1.0
    },
    "baseline": {
        "frac_H1_rej": 0.6153846153846154
    }
}