{
    "increase_prev": {
        "pcurve": {
            "prevdiff_exp": 0.19313369808738018,
            "prevdiff_hdi": [
                -0.12438575435245111,
                0.5485918178895601
            ],
            "prevdiff_prob": 0.8556,
            "powdiff_exp": 0.039719482623573804,
            "powdiff_hdi": [
                -0.30888783981004597,
                0.32679084900410754
            ],
            "powdiff_prob": 0.6264
        },
        "pval_group": 0.025390625,
        "frac_H1_rej": 0.3448275862068966
    },
    "increase_pow": {
        "pcurve": {
            "prevdiff_exp": -0.01682034342348677,
            "prevdiff_hdi": [
                -0.3688106819951146,
                0.31718152287815865
            ],
            "prevdiff_prob": 0.4824,
            "powdiff_exp": 0.012696101788331608,
            "powdiff_hdi": [
                -0.37871517402501803,
                0.3962169202456644
            ],
            "powdiff_prob": 0.522
        },
        "pval_group": 0.4345703125,
        "frac_H1_rej": 1.0
    },
    "baseline": {
        "frac_H1_rej": 0.5555555555555556
    }
}