{
    "increase_prev": {
        "pcurve": {
            "prevdiff_exp": 0.2009916530873738,
            "prevdiff_hdi": [
                -0.15984443176113944,
                0.5820765464670078
            ],
            "prevdiff_prob": 0.8402,
            "powdiff_exp": 0.050414744902761606,
            "powdiff_hdi": [
                -0.30189529635108314,
                0.408728802895026
            ],
            "powdiff_prob": 0.61
        },
        "pval_group": 0.0341796875,
        "frac_H1_rej": 0.41379310344827586
    },
    "increase_pow": {
        "pcurve": {
            "prevdiff_exp": 0.04466858012393729,
            "prevdiff_hdi": [
                -0.13092699429828053,
                0.2631752871808186
            ],
            "prevdiff_prob": 0.6836,
            "powdiff_exp": 0.28350975933897726,
            "powdiff_hdi": [
                0.018019522226624063,
                0.5571641555118161
            ],
            "powdiff_prob": 0.9722
        },
        "pval_group": 0.009765625,
        "frac_H1_rej": 0.9333333333333333
    },
    "baseline": {
        "frac_H1_rej": 0.6
    }
}