{
    "increase_prev": {
        "pcurve": {
            "prevdiff_exp": 0.3204745320262012,
            "prevdiff_hdi": [
                -0.034058236128445024,
                0.7167037385173781
            ],
            "prevdiff_prob": 0.9474,
            "powdiff_exp": 0.1021017771304355,
            "powdiff_hdi": [
                -0.24113821477958358,
                0.40255894342624093
            ],
            "powdiff_prob": 0.7526
        },
        "pval_group": 0.0224609375,
        "frac_H1_rej": 0.5333333333333333
    },
    "increase_pow": {
        "pcurve": {
            "prevdiff_exp": 0.08251142544907976,
            "prevdiff_hdi": [
                -0.16997776717701446,
                0.35422977908236486
            ],
            "prevdiff_prob": 0.7408,
            "powdiff_exp": 0.4319922479727196,
            "powdiff_hdi": [
                0.16403330363192825,
                0.6857640187155565
            ],
            "powdiff_prob": 0.9972
        },
        "pval_group": 0.0009765625,
        "frac_H1_rej": 0.9473684210526315
    },
    "baseline": {
        "frac_H1_rej": 0.3157894736842105
    }
}