{
    "increase_prev": {
        "pcurve": {
            "prevdiff_exp": 0.21550135499969905,
            "prevdiff_hdi": [
                -0.07510389390241214,
                0.6129829182264068
            ],
            "prevdiff_prob": 0.879,
            "powdiff_exp": 0.10753826712698954,
            "powdiff_hdi": [
                -0.20930917488897216,
                0.381613337481772
            ],
            "powdiff_prob": 0.7702
        },
        "pval_group": 0.0146484375,
        "frac_H1_rej": 0.4666666666666667
    },
    "increase_pow": {
        "pcurve": {
            "prevdiff_exp": 0.030699872488882174,
            "prevdiff_hdi": [
                -0.16471299319363375,
                0.23163224276700345
            ],
            "prevdiff_prob": 0.6268,
            "powdiff_exp": 0.2911561331826131,
            "powdiff_hdi": [
                0.03548978501115485,
                0.5401310347260182
            ],
            "powdiff_prob": 0.981
        },
        "pval_group": 0.0673828125,
        "frac_H1_rej": 0.9411764705882353
    },
    "baseline": {
        "frac_H1_rej": 0.47058823529411764
    }
}