{
    "increase_prev": {
        "pcurve": {
            "prevdiff_exp": 0.08555254836712733,
            "prevdiff_hdi": [
                -0.19642866254164165,
                0.40612380670005
            ],
            "prevdiff_prob": 0.7102,
            "powdiff_exp": 0.11073501541142272,
            "powdiff_hdi": [
                -0.11897916112272122,
                0.3418742533928728
            ],
            "powdiff_prob": 0.833
        },
        "pval_group": 0.0302734375,
        "frac_H1_rej": 0.4
    },
    "increase_pow": {
        "pcurve": {
            "prevdiff_exp": -0.07330484209947742,
            "prevdiff_hdi": [
                -0.37367953325370606,
                0.19377776509935482
            ],
            "prevdiff_prob": 0.291,
            "powdiff_exp": 0.26982823179419063,
            "powdiff_hdi": [
                0.009675870460855163,
                0.5554465966844503
            ],
            "powdiff_prob": 0.9688
        },
        "pval_group": 0.1484375,
        "frac_H1_rej": 1.0
    },
    "baseline": {
        "frac_H1_rej": 0.5833333333333334
    }
}