{
    "increase_prev": {
        "pcurve": {
            "prevdiff_exp": 0.16203775127371958,
            "prevdiff_hdi": [
                -0.21436096672411245,
                0.5619624702359642
            ],
            "prevdiff_prob": 0.7842,
            "powdiff_exp": 0.04117296395333126,
            "powdiff_hdi": [
                -0.25154771446693736,
                0.3004999876084745
            ],
            "powdiff_prob": 0.6564
        },
        "pval_group": 0.033203125,
        "frac_H1_rej": 0.27586206896551724
    },
    "increase_pow": {
        "pcurve": {
            "prevdiff_exp": -0.007300772710462039,
            "prevdiff_hdi": [
                -0.27762425639656196,
                0.26791905300621743
            ],
            "prevdiff_prob": 0.4846,
            "powdiff_exp": 0.25618861094309814,
            "powdiff_hdi": [
                -0.05881232346306242,
                0.5668500106174581
            ],
            "powdiff_prob": 0.9354
        },
        "pval_group": 0.3310546875,
        "frac_H1_rej": 1.0
    },
    "baseline": {
        "frac_H1_rej": 0.36363636363636365
    }
}