{
    "increase_prev": {
        "pcurve": {
            "prevdiff_exp": 0.2803255597933853,
            "prevdiff_hdi": [
                -0.06702633815688555,
                0.6317585453325718
            ],
            "prevdiff_prob": 0.9338,
            "powdiff_exp": 0.010151212811965899,
            "powdiff_hdi": [
                -0.3284644334932031,
                0.3198694518562598
            ],
            "powdiff_prob": 0.5382
        },
        "pval_group": 0.0107421875,
        "frac_H1_rej": 0.41379310344827586
    },
    "increase_pow": {
        "pcurve": {
            "prevdiff_exp": -0.025362267909700073,
            "prevdiff_hdi": [
                -0.27313155046583815,
                0.18257408291920071
            ],
            "prevdiff_prob": 0.4162,
            "powdiff_exp": 0.2358996310527187,
            "powdiff_hdi": [
                -0.10806205984794498,
                0.5368635892727652
            ],
            "powdiff_prob": 0.9146
        },
        "pval_group": 0.3203125,
        "frac_H1_rej": 0.9090909090909091
    },
    "baseline": {
        "frac_H1_rej": 0.6363636363636364
    }
}