{
    "increase_prev": {
        "pcurve": {
            "prevdiff_exp": 0.17455490408613583,
            "prevdiff_hdi": [
                -0.12217136880528127,
                0.4893238779506482
            ],
            "prevdiff_prob": 0.8648,
            "powdiff_exp": 0.008562810617906228,
            "powdiff_hdi": [
                -0.29964882166411955,
                0.29028177681629674
            ],
            "powdiff_prob": 0.5356
        },
        "pval_group": 0.0947265625,
        "frac_H1_rej": 0.5185185185185185
    },
    "increase_pow": {
        "pcurve": {
            "prevdiff_exp": -0.0009029798417583162,
            "prevdiff_hdi": [
                -0.1643932730726986,
                0.14158211737332177
            ],
            "prevdiff_prob": 0.4932,
            "powdiff_exp": 0.21579921118946485,
            "powdiff_hdi": [
                -0.01946984213004943,
                0.446192210771392
            ],
            "powdiff_prob": 0.9606
        },
        "pval_group": 0.0625,
        "frac_H1_rej": 0.9230769230769231
    },
    "baseline": {
        "frac_H1_rej": 0.6923076923076923
    }
}