{
    "increase_prev": {
        "pcurve": {
            "prevdiff_exp": 0.15297447082766538,
            "prevdiff_hdi": [
                -0.1808193893609588,
                0.5472691042165931
            ],
            "prevdiff_prob": 0.783,
            "powdiff_exp": 0.2405505966156245,
            "powdiff_hdi": [
                -0.01935027135724987,
                0.4957567000240885
            ],
            "powdiff_prob": 0.951
        },
        "pval_group": 0.0126953125,
        "frac_H1_rej": 0.5833333333333334
    },
    "increase_pow": {
        "pcurve": {
            "prevdiff_exp": 0.0006692063428934276,
            "prevdiff_hdi": [
                -0.3087945762043957,
                0.33208579373656505
            ],
            "prevdiff_prob": 0.5166,
            "powdiff_exp": 0.3733557131351484,
            "powdiff_hdi": [
                0.06055235941474135,
                0.6893658445147041
            ],
            "powdiff_prob": 0.9784
        },
        "pval_group": 0.05859375,
        "frac_H1_rej": 0.9166666666666666
    },
    "baseline": {
        "frac_H1_rej": 0.4166666666666667
    }
}