{
    "increase_prev": {
        "pcurve": {
            "prevdiff_exp": 0.14109922006119915,
            "prevdiff_hdi": [
                -0.22063366201538415,
                0.5193589536126804
            ],
            "prevdiff_prob": 0.7706,
            "powdiff_exp": 0.039564496227045595,
            "powdiff_hdi": [
                -0.2101660341793556,
                0.28162183995760776
            ],
            "powdiff_prob": 0.655
        },
        "pval_group": 0.119140625,
        "frac_H1_rej": 0.32142857142857145
    },
    "increase_pow": {
        "pcurve": {
            "prevdiff_exp": 0.015700327315337877,
            "prevdiff_hdi": [
                -0.20730965489762324,
                0.2405825098157645
            ],
            "prevdiff_prob": 0.5608,
            "powdiff_exp": 0.361560605475901,
            "powdiff_hdi": [
                0.11334662639230653,
                0.600983615955726
            ],
            "powdiff_prob": 0.9942
        },
        "pval_group": 0.0087890625,
        "frac_H1_rej": 0.9333333333333333
    },
    "baseline": {
        "frac_H1_rej": 0.3333333333333333
    }
}