{
    "increase_prev": {
        "pcurve": {
            "prevdiff_exp": 0.2110987818650106,
            "prevdiff_hdi": [
                -0.1441656091791917,
                0.5494923786752225
            ],
            "prevdiff_prob": 0.88,
            "powdiff_exp": 0.07790650984333088,
            "powdiff_hdi": [
                -0.21176759991638366,
                0.37661211572763603
            ],
            "powdiff_prob": 0.722
        },
        "pval_group": 0.0126953125,
        "frac_H1_rej": 0.41379310344827586
    },
    "increase_pow": {
        "pcurve": {
            "prevdiff_exp": 0.01052572761895479,
            "prevdiff_hdi": [
                -0.18049821462727036,
                0.21735826120919963
            ],
            "prevdiff_prob": 0.5382,
            "powdiff_exp": 0.33468727191295344,
            "powdiff_hdi": [
                0.08207997929819788,
                0.5722430983144353
            ],
            "powdiff_prob": 0.9916
        },
        "pval_group": 0.130859375,
        "frac_H1_rej": 0.9333333333333333
    },
    "baseline": {
        "frac_H1_rej": 0.5333333333333333
    }
}