{
    "increase_prev": {
        "pcurve": {
            "prevdiff_exp": 0.3070843201747107,
            "prevdiff_hdi": [
                -0.044191761644697666,
                0.6793495422862336
            ],
            "prevdiff_prob": 0.9468,
            "powdiff_exp": 0.19655777309711453,
            "powdiff_hdi": [
                -0.12455558170659364,
                0.4896507465955275
            ],
            "powdiff_prob": 0.8822
        },
        "pval_group": 0.0029296875,
        "frac_H1_rej": 0.6428571428571429
    },
    "increase_pow": {
        "pcurve": {
            "prevdiff_exp": -0.014969855959786761,
            "prevdiff_hdi": [
                -0.24347016538773225,
                0.22464765461564834
            ],
            "prevdiff_prob": 0.4578,
            "powdiff_exp": 0.30602122296103423,
            "powdiff_hdi": [
                0.0076956057371129205,
                0.6060279613502458
            ],
            "powdiff_prob": 0.9702
        },
        "pval_group": 0.056640625,
        "frac_H1_rej": 1.0
    },
    "baseline": {
        "frac_H1_rej": 0.5833333333333334
    }
}