{
    "increase_prev": {
        "pcurve": {
            "prevdiff_exp": 0.1778662731392793,
            "prevdiff_hdi": [
                -0.15708418857933576,
                0.548044053151539
            ],
            "prevdiff_prob": 0.8302,
            "powdiff_exp": 0.09526227362462732,
            "powdiff_hdi": [
                -0.16759922375608283,
                0.38062865206766405
            ],
            "powdiff_prob": 0.7608
        },
        "pval_group": 0.056640625,
        "frac_H1_rej": 0.4482758620689655
    },
    "increase_pow": {
        "pcurve": {
            "prevdiff_exp": 0.013562933830802273,
            "prevdiff_hdi": [
                -0.2225925413182453,
                0.3072701716465896
            ],
            "prevdiff_prob": 0.5142,
            "powdiff_exp": 0.3827587093883778,
            "powdiff_hdi": [
                0.12337212716791324,
                0.6204882049737025
            ],
            "powdiff_prob": 0.997
        },
        "pval_group": 0.5634765625,
        "frac_H1_rej": 0.9375
    },
    "baseline": {
        "frac_H1_rej": 0.5
    }
}