{
    "increase_prev": {
        "pcurve": {
            "prevdiff_exp": 0.26093942433903733,
            "prevdiff_hdi": [
                -0.1403123466612329,
                0.6156359581614255
            ],
            "prevdiff_prob": 0.9002,
            "powdiff_exp": 0.029778413618500452,
            "powdiff_hdi": [
                -0.338291962617828,
                0.36141375278535387
            ],
            "powdiff_prob": 0.5742
        },
        "pval_group": 0.1220703125,
        "frac_H1_rej": 0.4827586206896552
    },
    "increase_pow": {
        "pcurve": {
            "prevdiff_exp": 0.027383026624551644,
            "prevdiff_hdi": [
                -0.19710268642859013,
                0.26197657962041965
            ],
            "prevdiff_prob": 0.5872,
            "powdiff_exp": 0.19916385626849434,
            "powdiff_hdi": [
                -0.08864804658005809,
                0.5105075617052238
            ],
            "powdiff_prob": 0.9024
        },
        "pval_group": 0.7373046875,
        "frac_H1_rej": 0.9285714285714286
    },
    "baseline": {
        "frac_H1_rej": 0.6428571428571429
    }
}