{
    "increase_prev": {
        "pcurve": {
            "prevdiff_exp": 0.20112096695614723,
            "prevdiff_hdi": [
                -0.14744763964281457,
                0.5848653581541554
            ],
            "prevdiff_prob": 0.8562,
            "powdiff_exp": 0.035415483735857956,
            "powdiff_hdi": [
                -0.27712914679026646,
                0.3273243235387716
            ],
            "powdiff_prob": 0.6152
        },
        "pval_group": 0.0078125,
        "frac_H1_rej": 0.3333333333333333
    },
    "increase_pow": {
        "pcurve": {
            "prevdiff_exp": -0.05715590737786001,
            "prevdiff_hdi": [
                -0.30810805581859607,
                0.15890290095339873
            ],
            "prevdiff_prob": 0.3118,
            "powdiff_exp": 0.2995326639085127,
            "powdiff_hdi": [
                0.02306540570123572,
                0.593657638309563
            ],
            "powdiff_prob": 0.9752
        },
        "pval_group": 0.0205078125,
        "frac_H1_rej": 0.8571428571428571
    },
    "baseline": {
        "frac_H1_rej": 0.5
    }
}