{
    "increase_prev": {
        "pcurve": {
            "prevdiff_exp": 0.39398187586739125,
            "prevdiff_hdi": [
                0.1022239732317313,
                0.6907648238664655
            ],
            "prevdiff_prob": 0.9932,
            "powdiff_exp": 0.01732406820355643,
            "powdiff_hdi": [
                -0.3120707045728892,
                0.3524314354007172
            ],
            "powdiff_prob": 0.5314
        },
        "pval_group": 0.0146484375,
        "frac_H1_rej": 0.6551724137931034
    },
    "increase_pow": {
        "pcurve": {
            "prevdiff_exp": 0.026357859157684516,
            "prevdiff_hdi": [
                -0.1301430473678978,
                0.19118257486589996
            ],
            "prevdiff_prob": 0.638,
            "powdiff_exp": 0.21302939671615476,
            "powdiff_hdi": [
                -0.08887906504641419,
                0.4706055496054244
            ],
            "powdiff_prob": 0.9366
        },
        "pval_group": 0.166015625,
        "frac_H1_rej": 0.9285714285714286
    },
    "baseline": {
        "frac_H1_rej": 0.6428571428571429
    }
}