{
    "increase_prev": {
        "pcurve": {
            "prevdiff_exp": 0.3926255788327022,
            "prevdiff_hdi": [
                -0.01958323299615932,
                0.803941206257596
            ],
            "prevdiff_prob": 0.967,
            "powdiff_exp": 0.2841258813311878,
            "powdiff_hdi": [
                -0.03539762076629521,
                0.5497829989010612
            ],
            "powdiff_prob": 0.9478
        },
        "pval_group": 0.001953125,
        "frac_H1_rej": 0.5517241379310345
    },
    "increase_pow": {
        "pcurve": {
            "prevdiff_exp": 0.019974130657507926,
            "prevdiff_hdi": [
                -0.21537200419040822,
                0.2911458277880732
            ],
            "prevdiff_prob": 0.5596,
            "powdiff_exp": 0.43084055695192347,
            "powdiff_hdi": [
                0.15565619555038257,
                0.6788419096101728
            ],
            "powdiff_prob": 0.9974
        },
        "pval_group": 0.04296875,
        "frac_H1_rej": 0.9285714285714286
    },
    "baseline": {
        "frac_H1_rej": 0.21428571428571427
    }
}