{
    "increase_prev": {
        "pcurve": {
            "prevdiff_exp": 0.24894974185689397,
            "prevdiff_hdi": [
                -0.1442224506591323,
                0.6908522851855512
            ],
            "prevdiff_prob": 0.85,
            "powdiff_exp": 0.2416992662371773,
            "powdiff_hdi": [
                -0.08132150973691543,
                0.4950450107779623
            ],
            "powdiff_prob": 0.9378
        },
        "pval_group": 0.0078125,
        "frac_H1_rej": 0.4827586206896552
    },
    "increase_pow": {
        "pcurve": {
            "prevdiff_exp": 0.019707910047385906,
            "prevdiff_hdi": [
                -0.273544699966467,
                0.33746347174588526
            ],
            "prevdiff_prob": 0.5708,
            "powdiff_exp": 0.36669769113646855,
            "powdiff_hdi": [
                0.03380365262459406,
                0.6577830512447176
            ],
            "powdiff_prob": 0.9804
        },
        "pval_group": 0.017578125,
        "frac_H1_rej": 0.9230769230769231
    },
    "baseline": {
        "frac_H1_rej": 0.38461538461538464
    }
}