{
    "increase_prev": {
        "pcurve": {
            "prevdiff_exp": 0.17107618177394582,
            "prevdiff_hdi": [
                -0.1964029197043431,
                0.5653005878704894
            ],
            "prevdiff_prob": 0.8042,
            "powdiff_exp": 0.08289501175363526,
            "powdiff_hdi": [
                -0.21478861024347268,
                0.38337175410690466
            ],
            "powdiff_prob": 0.7208
        },
        "pval_group": 0.0126953125,
        "frac_H1_rej": 0.4482758620689655
    },
    "increase_pow": {
        "pcurve": {
            "prevdiff_exp": -0.07596747098611548,
            "prevdiff_hdi": [
                -0.3435607072401495,
                0.19306227121788183
            ],
            "prevdiff_prob": 0.268,
            "powdiff_exp": 0.34695709511188855,
            "powdiff_hdi": [
                0.05362500449487506,
                0.6283297474653959
            ],
            "powdiff_prob": 0.9848
        },
        "pval_group": 0.5517578125,
        "frac_H1_rej": 1.0
    },
    "baseline": {
        "frac_H1_rej": 0.5
    }
}