{
    "increase_prev": {
        "pcurve": {
            "prevdiff_exp": 0.3190339662279377,
            "prevdiff_hdi": [
                0.012799721096043874,
                0.6152912301591202
            ],
            "prevdiff_prob": 0.98,
            "powdiff_exp": 0.045075665622754675,
            "powdiff_hdi": [
                -0.24432856724140672,
                0.3355580079472543
            ],
            "powdiff_prob": 0.6138
        },
        "pval_group": 0.0263671875,
        "frac_H1_rej": 0.43333333333333335
    },
    "increase_pow": {
        "pcurve": {
            "prevdiff_exp": 0.02137810787158595,
            "prevdiff_hdi": [
                -0.1629704795512405,
                0.21299900787079556
            ],
            "prevdiff_prob": 0.598,
            "powdiff_exp": 0.21810940251261918,
            "powdiff_hdi": [
                -0.05050622128830168,
                0.48223405359499394
            ],
            "powdiff_prob": 0.9392
        },
        "pval_group": 0.1142578125,
        "frac_H1_rej": 0.8823529411764706
    },
    "baseline": {
        "frac_H1_rej": 0.5882352941176471
    }
}