{
    "increase_prev": {
        "pcurve": {
            "prevdiff_exp": 0.2334811014355972,
            "prevdiff_hdi": [
                -0.07589734656797618,
                0.5917953291910362
            ],
            "prevdiff_prob": 0.913,
            "powdiff_exp": 0.07698407976141962,
            "powdiff_hdi": [
                -0.22110882533850867,
                0.33998160353994883
            ],
            "powdiff_prob": 0.7212
        },
        "pval_group": 0.013671875,
        "frac_H1_rej": 0.5172413793103449
    },
    "increase_pow": {
        "pcurve": {
            "prevdiff_exp": 0.02434183810089541,
            "prevdiff_hdi": [
                -0.26060161554910377,
                0.2819389139760694
            ],
            "prevdiff_prob": 0.5784,
            "powdiff_exp": 0.3933872418247158,
            "powdiff_hdi": [
                0.10768519136343846,
                0.6329937145460236
            ],
            "powdiff_prob": 0.995
        },
        "pval_group": 0.0078125,
        "frac_H1_rej": 0.9473684210526315
    },
    "baseline": {
        "frac_H1_rej": 0.47368421052631576
    }
}