{
    "increase_prev": {
        "pcurve": {
            "prevdiff_exp": 0.29340127503938584,
            "prevdiff_hdi": [
                -0.0688285593870469,
                0.6463975319793926
            ],
            "prevdiff_prob": 0.9354,
            "powdiff_exp": 0.12028132598528304,
            "powdiff_hdi": [
                -0.22198689450223413,
                0.42985001277133783
            ],
            "powdiff_prob": 0.7604
        },
        "pval_group": 0.0107421875,
        "frac_H1_rej": 0.5357142857142857
    },
    "increase_pow": {
        "pcurve": {
            "prevdiff_exp": 0.1157950606450645,
            "prevdiff_hdi": [
                -0.1927050894645978,
                0.4142292970341055
            ],
            "prevdiff_prob": 0.7866,
            "powdiff_exp": 0.23824952303961308,
            "powdiff_hdi": [
                -0.09698391676671814,
                0.5659816667043911
            ],
            "powdiff_prob": 0.905
        },
        "pval_group": 0.064453125,
        "frac_H1_rej": 0.9333333333333333
    },
    "baseline": {
        "frac_H1_rej": 0.6666666666666666
    }
}