{
    "increase_prev": {
        "pcurve": {
            "prevdiff_exp": 0.19447231249789174,
            "prevdiff_hdi": [
                -0.18054485593398023,
                0.6330641013176694
            ],
            "prevdiff_prob": 0.8058,
            "powdiff_exp": 0.15395684600876358,
            "powdiff_hdi": [
                -0.1769564035296426,
                0.44965267600262154
            ],
            "powdiff_prob": 0.8484
        },
        "pval_group": 0.0146484375,
        "frac_H1_rej": 0.48148148148148145
    },
    "increase_pow": {
        "pcurve": {
            "prevdiff_exp": -0.02494198731390996,
            "prevdiff_hdi": [
                -0.4017841886227723,
                0.31685099140006057
            ],
            "prevdiff_prob": 0.4638,
            "powdiff_exp": 0.4023472735937946,
            "powdiff_hdi": [
                0.05589709014079858,
                0.7109522961381349
            ],
            "powdiff_prob": 0.9776
        },
        "pval_group": 0.0673828125,
        "frac_H1_rej": 1.0
    },
    "baseline": {
        "frac_H1_rej": 0.45454545454545453
    }
}