{
    "increase_prev": {
        "pcurve": {
            "prevdiff_exp": 0.27308025163144006,
            "prevdiff_hdi": [
                -0.04855026405190706,
                0.6239943229907485
            ],
            "prevdiff_prob": 0.9386,
            "powdiff_exp": 0.1625601597061685,
            "powdiff_hdi": [
                -0.1481530259679944,
                0.4403420061646319
            ],
            "powdiff_prob": 0.8502
        },
        "pval_group": 0.0009765625,
        "frac_H1_rej": 0.4827586206896552
    },
    "increase_pow": {
        "pcurve": {
            "prevdiff_exp": 0.01109470093568963,
            "prevdiff_hdi": [
                -0.149765038841532,
                0.18294347824392226
            ],
            "prevdiff_prob": 0.5546,
            "powdiff_exp": 0.3347018399779857,
            "powdiff_hdi": [
                0.08676473517939465,
                0.5735696618899067
            ],
            "powdiff_prob": 0.9948
        },
        "pval_group": 0.021484375,
        "frac_H1_rej": 0.9375
    },
    "baseline": {
        "frac_H1_rej": 0.5
    }
}