{
    "increase_prev": {
        "pcurve": {
            "prevdiff_exp": 0.26894388144277775,
            "prevdiff_hdi": [
                -0.09490133548993171,
                0.6476891504780963
            ],
            "prevdiff_prob": 0.9166,
            "powdiff_exp": 0.2018902786025615,
            "powdiff_hdi": [
                -0.1239853617340751,
                0.49104383470678853
            ],
            "powdiff_prob": 0.8908
        },
        "pval_group": 0.0126953125,
        "frac_H1_rej": 0.43333333333333335
    },
    "increase_pow": {
        "pcurve": {
            "prevdiff_exp": 0.0504304645907892,
            "prevdiff_hdi": [
                -0.20724641221267076,
                0.34502898165975704
            ],
            "prevdiff_prob": 0.6624,
            "powdiff_exp": 0.2576701366466188,
            "powdiff_hdi": [
                -0.05780027948622879,
                0.5853861916911058
            ],
            "powdiff_prob": 0.933
        },
        "pval_group": 0.57421875,
        "frac_H1_rej": 0.9230769230769231
    },
    "baseline": {
        "frac_H1_rej": 0.38461538461538464
    }
}