{
    "increase_prev": {
        "pcurve": {
            "prevdiff_exp": 0.24895711987413002,
            "prevdiff_hdi": [
                -0.08423448520671678,
                0.5637450738128728
            ],
            "prevdiff_prob": 0.931,
            "powdiff_exp": 0.06482481376725278,
            "powdiff_hdi": [
                -0.22939859651884215,
                0.3285714696496376
            ],
            "powdiff_prob": 0.6754
        },
        "pval_group": 0.0068359375,
        "frac_H1_rej": 0.43333333333333335
    },
    "increase_pow": {
        "pcurve": {
            "prevdiff_exp": -0.06684610627047799,
            "prevdiff_hdi": [
                -0.2998058567612788,
                0.16074519922004554
            ],
            "prevdiff_prob": 0.2726,
            "powdiff_exp": 0.28706067951647,
            "powdiff_hdi": [
                0.0040157215437993665,
                0.557756739627677
            ],
            "powdiff_prob": 0.9712
        },
        "pval_group": 0.015625,
        "frac_H1_rej": 1.0
    },
    "baseline": {
        "frac_H1_rej": 0.5384615384615384
    }
}