{
    "increase_prev": {
        "pcurve": {
            "prevdiff_exp": 0.15065739811285037,
            "prevdiff_hdi": [
                -0.0782061290166896,
                0.4292074863698666
            ],
            "prevdiff_prob": 0.883,
            "powdiff_exp": -0.038650580271875276,
            "powdiff_hdi": [
                -0.2856272431445236,
                0.23487057188227578
            ],
            "powdiff_prob": 0.3826
        },
        "pval_group": 0.1328125,
        "frac_H1_rej": 0.4642857142857143
    },
    "increase_pow": {
        "pcurve": {
            "prevdiff_exp": -0.02475638422230655,
            "prevdiff_hdi": [
                -0.1934584723822956,
                0.12082216007539867
            ],
            "prevdiff_prob": 0.37,
            "powdiff_exp": 0.18298478788180847,
            "powdiff_hdi": [
                -0.05269882211083432,
                0.4206510532873946
            ],
            "powdiff_prob": 0.9318
        },
        "pval_group": 0.22265625,
        "frac_H1_rej": 0.9285714285714286
    },
    "baseline": {
        "frac_H1_rej": 0.7857142857142857
    }
}