{
    "increase_prev": {
        "pcurve": {
            "prevdiff_exp": 0.30132233836270494,
            "prevdiff_hdi": [
                -0.06874428146930642,
                0.6889467337999089
            ],
            "prevdiff_prob": 0.9276,
            "powdiff_exp": 0.07121094771236504,
            "powdiff_hdi": [
                -0.2983399669015129,
                0.3371151189000587
            ],
            "powdiff_prob": 0.7058
        },
        "pval_group": 0.01171875,
        "frac_H1_rej": 0.3793103448275862
    },
    "increase_pow": {
        "pcurve": {
            "prevdiff_exp": -0.05388632587502236,
            "prevdiff_hdi": [
                -0.3973112901075384,
                0.2619172019189971
            ],
            "prevdiff_prob": 0.3812,
            "powdiff_exp": 0.2974100743148066,
            "powdiff_hdi": [
                -0.05074489917675573,
                0.6441850531427931
            ],
            "powdiff_prob": 0.939
        },
        "pval_group": 0.0146484375,
        "frac_H1_rej": 0.9166666666666666
    },
    "baseline": {
        "frac_H1_rej": 0.3333333333333333
    }
}